ISO-10303-21;
HEADER;
/* Generated by software containing ST-Developer
 * from STEP Tools, Inc. (www.steptools.com) 
 */

FILE_DESCRIPTION(
/* description */ (''),
/* implementation_level */ '2;1');

FILE_NAME(
/* name */ 'Kran_Halter_Motor.step',
/* time_stamp */ '2026-06-28T17:04:00+02:00',
/* author */ (''),
/* organization */ (''),
/* preprocessor_version */ 'ST-DEVELOPER v20.1',
/* originating_system */ 'Autodesk Translation Framework v15.8.0.0',
/* authorisation */ '');

FILE_SCHEMA (('AUTOMOTIVE_DESIGN { 1 0 10303 214 3 1 1 }'));
ENDSEC;

DATA;
#10=MECHANICAL_DESIGN_GEOMETRIC_PRESENTATION_REPRESENTATION('',(#13),#2570);
#11=SHAPE_REPRESENTATION_RELATIONSHIP('SRR','None',#2577,#12);
#12=ADVANCED_BREP_SHAPE_REPRESENTATION('',(#14),#2569);
#13=STYLED_ITEM('',(#2586),#14);
#14=MANIFOLD_SOLID_BREP('Halter_Motor_V',#1550);
#15=CYLINDRICAL_SURFACE('',#1576,1.35);
#16=CYLINDRICAL_SURFACE('',#1580,1.35);
#17=CYLINDRICAL_SURFACE('',#1588,5.);
#18=CYLINDRICAL_SURFACE('',#1600,5.);
#19=CYLINDRICAL_SURFACE('',#1601,5.);
#20=CYLINDRICAL_SURFACE('',#1611,5.);
#21=CYLINDRICAL_SURFACE('',#1617,3.);
#22=CYLINDRICAL_SURFACE('',#1618,1.6);
#23=CYLINDRICAL_SURFACE('',#1623,3.);
#24=CYLINDRICAL_SURFACE('',#1624,1.6);
#25=CYLINDRICAL_SURFACE('',#1629,3.);
#26=CYLINDRICAL_SURFACE('',#1630,1.6);
#27=CYLINDRICAL_SURFACE('',#1635,3.);
#28=CYLINDRICAL_SURFACE('',#1636,1.6);
#29=CYLINDRICAL_SURFACE('',#1652,0.750000000000002);
#30=CYLINDRICAL_SURFACE('',#1656,0.75);
#31=CYLINDRICAL_SURFACE('',#1662,3.);
#32=CYLINDRICAL_SURFACE('',#1663,1.6);
#33=CYLINDRICAL_SURFACE('',#1667,3.);
#34=CYLINDRICAL_SURFACE('',#1668,1.6);
#35=CYLINDRICAL_SURFACE('',#1672,3.);
#36=CYLINDRICAL_SURFACE('',#1673,1.6);
#37=CYLINDRICAL_SURFACE('',#1677,3.);
#38=CYLINDRICAL_SURFACE('',#1678,1.6);
#39=CYLINDRICAL_SURFACE('',#1682,3.);
#40=CYLINDRICAL_SURFACE('',#1683,1.6);
#41=CYLINDRICAL_SURFACE('',#1687,3.);
#42=CYLINDRICAL_SURFACE('',#1688,1.6);
#43=CYLINDRICAL_SURFACE('',#1701,6.05);
#44=FACE_BOUND('',#227,.T.);
#45=FACE_BOUND('',#228,.T.);
#46=FACE_BOUND('',#229,.T.);
#47=FACE_BOUND('',#230,.T.);
#48=FACE_BOUND('',#231,.T.);
#49=FACE_BOUND('',#232,.T.);
#50=FACE_BOUND('',#233,.T.);
#51=FACE_BOUND('',#234,.T.);
#52=FACE_BOUND('',#235,.T.);
#53=FACE_BOUND('',#247,.T.);
#54=FACE_BOUND('',#248,.T.);
#55=FACE_BOUND('',#249,.T.);
#56=FACE_BOUND('',#250,.T.);
#57=FACE_BOUND('',#251,.T.);
#58=FACE_BOUND('',#252,.T.);
#59=FACE_BOUND('',#253,.T.);
#60=FACE_BOUND('',#254,.T.);
#61=FACE_BOUND('',#260,.T.);
#62=FACE_BOUND('',#261,.T.);
#63=FACE_BOUND('',#262,.T.);
#64=FACE_BOUND('',#263,.T.);
#65=FACE_BOUND('',#266,.T.);
#66=FACE_BOUND('',#267,.T.);
#67=FACE_BOUND('',#269,.T.);
#68=FACE_BOUND('',#273,.T.);
#69=FACE_BOUND('',#277,.T.);
#70=FACE_BOUND('',#281,.T.);
#71=FACE_BOUND('',#288,.T.);
#72=FACE_BOUND('',#291,.T.);
#73=FACE_BOUND('',#301,.T.);
#74=FACE_BOUND('',#304,.T.);
#75=FACE_BOUND('',#306,.T.);
#76=FACE_BOUND('',#310,.T.);
#77=FACE_BOUND('',#314,.T.);
#78=FACE_BOUND('',#318,.T.);
#79=FACE_BOUND('',#322,.T.);
#80=FACE_BOUND('',#326,.T.);
#81=FACE_BOUND('',#343,.T.);
#82=FACE_BOUND('',#344,.T.);
#83=FACE_BOUND('',#345,.T.);
#84=FACE_BOUND('',#346,.T.);
#85=CIRCLE('',#1566,5.);
#86=CIRCLE('',#1567,5.);
#87=CIRCLE('',#1568,1.6);
#88=CIRCLE('',#1569,1.6);
#89=CIRCLE('',#1570,1.6);
#90=CIRCLE('',#1571,1.6);
#91=CIRCLE('',#1572,1.6);
#92=CIRCLE('',#1573,1.6);
#93=CIRCLE('',#1574,6.05);
#94=CIRCLE('',#1577,1.35);
#95=CIRCLE('',#1578,1.35);
#96=CIRCLE('',#1581,1.35);
#97=CIRCLE('',#1582,1.35);
#98=CIRCLE('',#1589,5.);
#99=CIRCLE('',#1591,5.);
#100=CIRCLE('',#1592,3.);
#101=CIRCLE('',#1593,3.);
#102=CIRCLE('',#1594,3.);
#103=CIRCLE('',#1595,3.);
#104=CIRCLE('',#1596,3.);
#105=CIRCLE('',#1597,3.);
#106=CIRCLE('',#1598,6.05);
#107=CIRCLE('',#1602,5.);
#108=CIRCLE('',#1603,5.);
#109=CIRCLE('',#1606,5.);
#110=CIRCLE('',#1607,3.);
#111=CIRCLE('',#1608,3.);
#112=CIRCLE('',#1609,3.);
#113=CIRCLE('',#1610,3.);
#114=CIRCLE('',#1612,5.);
#115=CIRCLE('',#1615,3.);
#116=CIRCLE('',#1616,1.6);
#117=CIRCLE('',#1619,1.6);
#118=CIRCLE('',#1621,3.);
#119=CIRCLE('',#1622,1.6);
#120=CIRCLE('',#1625,1.6);
#121=CIRCLE('',#1627,3.);
#122=CIRCLE('',#1628,1.6);
#123=CIRCLE('',#1631,1.6);
#124=CIRCLE('',#1633,3.);
#125=CIRCLE('',#1634,1.6);
#126=CIRCLE('',#1637,1.6);
#127=CIRCLE('',#1642,0.75);
#128=CIRCLE('',#1645,0.750000000000002);
#129=CIRCLE('',#1653,0.750000000000002);
#130=CIRCLE('',#1657,0.75);
#131=CIRCLE('',#1660,3.);
#132=CIRCLE('',#1661,1.6);
#133=CIRCLE('',#1665,3.);
#134=CIRCLE('',#1666,1.6);
#135=CIRCLE('',#1670,3.);
#136=CIRCLE('',#1671,1.6);
#137=CIRCLE('',#1675,3.);
#138=CIRCLE('',#1676,1.6);
#139=CIRCLE('',#1680,3.);
#140=CIRCLE('',#1681,1.6);
#141=CIRCLE('',#1685,3.);
#142=CIRCLE('',#1686,1.6);
#143=FACE_OUTER_BOUND('',#225,.T.);
#144=FACE_OUTER_BOUND('',#226,.T.);
#145=FACE_OUTER_BOUND('',#236,.T.);
#146=FACE_OUTER_BOUND('',#237,.T.);
#147=FACE_OUTER_BOUND('',#238,.T.);
#148=FACE_OUTER_BOUND('',#239,.T.);
#149=FACE_OUTER_BOUND('',#240,.T.);
#150=FACE_OUTER_BOUND('',#241,.T.);
#151=FACE_OUTER_BOUND('',#242,.T.);
#152=FACE_OUTER_BOUND('',#243,.T.);
#153=FACE_OUTER_BOUND('',#244,.T.);
#154=FACE_OUTER_BOUND('',#245,.T.);
#155=FACE_OUTER_BOUND('',#246,.T.);
#156=FACE_OUTER_BOUND('',#255,.T.);
#157=FACE_OUTER_BOUND('',#256,.T.);
#158=FACE_OUTER_BOUND('',#257,.T.);
#159=FACE_OUTER_BOUND('',#258,.T.);
#160=FACE_OUTER_BOUND('',#259,.T.);
#161=FACE_OUTER_BOUND('',#264,.T.);
#162=FACE_OUTER_BOUND('',#265,.T.);
#163=FACE_OUTER_BOUND('',#268,.T.);
#164=FACE_OUTER_BOUND('',#270,.T.);
#165=FACE_OUTER_BOUND('',#271,.T.);
#166=FACE_OUTER_BOUND('',#272,.T.);
#167=FACE_OUTER_BOUND('',#274,.T.);
#168=FACE_OUTER_BOUND('',#275,.T.);
#169=FACE_OUTER_BOUND('',#276,.T.);
#170=FACE_OUTER_BOUND('',#278,.T.);
#171=FACE_OUTER_BOUND('',#279,.T.);
#172=FACE_OUTER_BOUND('',#280,.T.);
#173=FACE_OUTER_BOUND('',#282,.T.);
#174=FACE_OUTER_BOUND('',#283,.T.);
#175=FACE_OUTER_BOUND('',#284,.T.);
#176=FACE_OUTER_BOUND('',#285,.T.);
#177=FACE_OUTER_BOUND('',#286,.T.);
#178=FACE_OUTER_BOUND('',#287,.T.);
#179=FACE_OUTER_BOUND('',#289,.T.);
#180=FACE_OUTER_BOUND('',#290,.T.);
#181=FACE_OUTER_BOUND('',#292,.T.);
#182=FACE_OUTER_BOUND('',#293,.T.);
#183=FACE_OUTER_BOUND('',#294,.T.);
#184=FACE_OUTER_BOUND('',#295,.T.);
#185=FACE_OUTER_BOUND('',#296,.T.);
#186=FACE_OUTER_BOUND('',#297,.T.);
#187=FACE_OUTER_BOUND('',#298,.T.);
#188=FACE_OUTER_BOUND('',#299,.T.);
#189=FACE_OUTER_BOUND('',#300,.T.);
#190=FACE_OUTER_BOUND('',#302,.T.);
#191=FACE_OUTER_BOUND('',#303,.T.);
#192=FACE_OUTER_BOUND('',#305,.T.);
#193=FACE_OUTER_BOUND('',#307,.T.);
#194=FACE_OUTER_BOUND('',#308,.T.);
#195=FACE_OUTER_BOUND('',#309,.T.);
#196=FACE_OUTER_BOUND('',#311,.T.);
#197=FACE_OUTER_BOUND('',#312,.T.);
#198=FACE_OUTER_BOUND('',#313,.T.);
#199=FACE_OUTER_BOUND('',#315,.T.);
#200=FACE_OUTER_BOUND('',#316,.T.);
#201=FACE_OUTER_BOUND('',#317,.T.);
#202=FACE_OUTER_BOUND('',#319,.T.);
#203=FACE_OUTER_BOUND('',#320,.T.);
#204=FACE_OUTER_BOUND('',#321,.T.);
#205=FACE_OUTER_BOUND('',#323,.T.);
#206=FACE_OUTER_BOUND('',#324,.T.);
#207=FACE_OUTER_BOUND('',#325,.T.);
#208=FACE_OUTER_BOUND('',#327,.T.);
#209=FACE_OUTER_BOUND('',#328,.T.);
#210=FACE_OUTER_BOUND('',#329,.T.);
#211=FACE_OUTER_BOUND('',#330,.T.);
#212=FACE_OUTER_BOUND('',#331,.T.);
#213=FACE_OUTER_BOUND('',#332,.T.);
#214=FACE_OUTER_BOUND('',#333,.T.);
#215=FACE_OUTER_BOUND('',#334,.T.);
#216=FACE_OUTER_BOUND('',#335,.T.);
#217=FACE_OUTER_BOUND('',#336,.T.);
#218=FACE_OUTER_BOUND('',#337,.T.);
#219=FACE_OUTER_BOUND('',#338,.T.);
#220=FACE_OUTER_BOUND('',#339,.T.);
#221=FACE_OUTER_BOUND('',#340,.T.);
#222=FACE_OUTER_BOUND('',#341,.T.);
#223=FACE_OUTER_BOUND('',#342,.T.);
#224=FACE_OUTER_BOUND('',#347,.T.);
#225=EDGE_LOOP('',(#997,#998,#999,#1000));
#226=EDGE_LOOP('',(#1001,#1002,#1003,#1004,#1005,#1006,#1007,#1008,#1009,
#1010,#1011,#1012,#1013,#1014,#1015,#1016,#1017,#1018,#1019,#1020,#1021,
#1022));
#227=EDGE_LOOP('',(#1023,#1024,#1025,#1026));
#228=EDGE_LOOP('',(#1027));
#229=EDGE_LOOP('',(#1028));
#230=EDGE_LOOP('',(#1029));
#231=EDGE_LOOP('',(#1030));
#232=EDGE_LOOP('',(#1031));
#233=EDGE_LOOP('',(#1032));
#234=EDGE_LOOP('',(#1033));
#235=EDGE_LOOP('',(#1034,#1035,#1036,#1037));
#236=EDGE_LOOP('',(#1038,#1039,#1040,#1041));
#237=EDGE_LOOP('',(#1042,#1043,#1044,#1045));
#238=EDGE_LOOP('',(#1046));
#239=EDGE_LOOP('',(#1047,#1048,#1049,#1050));
#240=EDGE_LOOP('',(#1051));
#241=EDGE_LOOP('',(#1052,#1053,#1054,#1055,#1056,#1057,#1058,#1059));
#242=EDGE_LOOP('',(#1060,#1061,#1062,#1063));
#243=EDGE_LOOP('',(#1064,#1065,#1066,#1067));
#244=EDGE_LOOP('',(#1068,#1069,#1070,#1071,#1072,#1073));
#245=EDGE_LOOP('',(#1074,#1075,#1076,#1077));
#246=EDGE_LOOP('',(#1078,#1079,#1080,#1081,#1082,#1083,#1084,#1085,#1086,
#1087,#1088,#1089,#1090,#1091));
#247=EDGE_LOOP('',(#1092));
#248=EDGE_LOOP('',(#1093));
#249=EDGE_LOOP('',(#1094));
#250=EDGE_LOOP('',(#1095));
#251=EDGE_LOOP('',(#1096));
#252=EDGE_LOOP('',(#1097));
#253=EDGE_LOOP('',(#1098));
#254=EDGE_LOOP('',(#1099,#1100,#1101,#1102));
#255=EDGE_LOOP('',(#1103,#1104,#1105,#1106,#1107,#1108,#1109,#1110,#1111,
#1112,#1113,#1114));
#256=EDGE_LOOP('',(#1115,#1116,#1117,#1118));
#257=EDGE_LOOP('',(#1119,#1120,#1121,#1122));
#258=EDGE_LOOP('',(#1123,#1124,#1125,#1126));
#259=EDGE_LOOP('',(#1127,#1128,#1129,#1130,#1131,#1132));
#260=EDGE_LOOP('',(#1133));
#261=EDGE_LOOP('',(#1134));
#262=EDGE_LOOP('',(#1135));
#263=EDGE_LOOP('',(#1136));
#264=EDGE_LOOP('',(#1137,#1138,#1139,#1140));
#265=EDGE_LOOP('',(#1141,#1142,#1143,#1144,#1145,#1146,#1147,#1148,#1149,
#1150));
#266=EDGE_LOOP('',(#1151));
#267=EDGE_LOOP('',(#1152));
#268=EDGE_LOOP('',(#1153));
#269=EDGE_LOOP('',(#1154));
#270=EDGE_LOOP('',(#1155,#1156,#1157,#1158));
#271=EDGE_LOOP('',(#1159,#1160,#1161,#1162));
#272=EDGE_LOOP('',(#1163));
#273=EDGE_LOOP('',(#1164));
#274=EDGE_LOOP('',(#1165,#1166,#1167,#1168));
#275=EDGE_LOOP('',(#1169,#1170,#1171,#1172));
#276=EDGE_LOOP('',(#1173));
#277=EDGE_LOOP('',(#1174));
#278=EDGE_LOOP('',(#1175,#1176,#1177,#1178));
#279=EDGE_LOOP('',(#1179,#1180,#1181,#1182));
#280=EDGE_LOOP('',(#1183));
#281=EDGE_LOOP('',(#1184));
#282=EDGE_LOOP('',(#1185,#1186,#1187,#1188));
#283=EDGE_LOOP('',(#1189,#1190,#1191,#1192));
#284=EDGE_LOOP('',(#1193,#1194,#1195,#1196));
#285=EDGE_LOOP('',(#1197,#1198,#1199,#1200,#1201,#1202));
#286=EDGE_LOOP('',(#1203,#1204,#1205,#1206));
#287=EDGE_LOOP('',(#1207,#1208,#1209,#1210));
#288=EDGE_LOOP('',(#1211));
#289=EDGE_LOOP('',(#1212,#1213,#1214,#1215));
#290=EDGE_LOOP('',(#1216,#1217,#1218,#1219));
#291=EDGE_LOOP('',(#1220));
#292=EDGE_LOOP('',(#1221,#1222,#1223,#1224,#1225,#1226,#1227,#1228));
#293=EDGE_LOOP('',(#1229,#1230,#1231,#1232,#1233,#1234,#1235,#1236));
#294=EDGE_LOOP('',(#1237,#1238,#1239,#1240,#1241,#1242,#1243,#1244));
#295=EDGE_LOOP('',(#1245,#1246,#1247,#1248));
#296=EDGE_LOOP('',(#1249,#1250,#1251,#1252));
#297=EDGE_LOOP('',(#1253,#1254,#1255,#1256));
#298=EDGE_LOOP('',(#1257,#1258,#1259,#1260));
#299=EDGE_LOOP('',(#1261,#1262,#1263,#1264,#1265,#1266,#1267,#1268));
#300=EDGE_LOOP('',(#1269,#1270,#1271,#1272));
#301=EDGE_LOOP('',(#1273));
#302=EDGE_LOOP('',(#1274,#1275,#1276,#1277));
#303=EDGE_LOOP('',(#1278,#1279,#1280,#1281));
#304=EDGE_LOOP('',(#1282));
#305=EDGE_LOOP('',(#1283));
#306=EDGE_LOOP('',(#1284));
#307=EDGE_LOOP('',(#1285,#1286,#1287,#1288));
#308=EDGE_LOOP('',(#1289,#1290,#1291,#1292));
#309=EDGE_LOOP('',(#1293));
#310=EDGE_LOOP('',(#1294));
#311=EDGE_LOOP('',(#1295,#1296,#1297,#1298));
#312=EDGE_LOOP('',(#1299,#1300,#1301,#1302));
#313=EDGE_LOOP('',(#1303));
#314=EDGE_LOOP('',(#1304));
#315=EDGE_LOOP('',(#1305,#1306,#1307,#1308));
#316=EDGE_LOOP('',(#1309,#1310,#1311,#1312));
#317=EDGE_LOOP('',(#1313));
#318=EDGE_LOOP('',(#1314));
#319=EDGE_LOOP('',(#1315,#1316,#1317,#1318));
#320=EDGE_LOOP('',(#1319,#1320,#1321,#1322));
#321=EDGE_LOOP('',(#1323));
#322=EDGE_LOOP('',(#1324));
#323=EDGE_LOOP('',(#1325,#1326,#1327,#1328));
#324=EDGE_LOOP('',(#1329,#1330,#1331,#1332));
#325=EDGE_LOOP('',(#1333));
#326=EDGE_LOOP('',(#1334));
#327=EDGE_LOOP('',(#1335,#1336,#1337,#1338));
#328=EDGE_LOOP('',(#1339,#1340,#1341,#1342));
#329=EDGE_LOOP('',(#1343,#1344,#1345,#1346));
#330=EDGE_LOOP('',(#1347,#1348,#1349,#1350));
#331=EDGE_LOOP('',(#1351,#1352,#1353,#1354));
#332=EDGE_LOOP('',(#1355,#1356,#1357,#1358));
#333=EDGE_LOOP('',(#1359,#1360,#1361,#1362));
#334=EDGE_LOOP('',(#1363,#1364,#1365,#1366));
#335=EDGE_LOOP('',(#1367,#1368,#1369,#1370));
#336=EDGE_LOOP('',(#1371,#1372,#1373,#1374,#1375,#1376,#1377,#1378));
#337=EDGE_LOOP('',(#1379,#1380,#1381,#1382));
#338=EDGE_LOOP('',(#1383,#1384,#1385,#1386));
#339=EDGE_LOOP('',(#1387,#1388,#1389,#1390));
#340=EDGE_LOOP('',(#1391,#1392,#1393,#1394));
#341=EDGE_LOOP('',(#1395,#1396,#1397,#1398));
#342=EDGE_LOOP('',(#1399,#1400,#1401,#1402,#1403,#1404));
#343=EDGE_LOOP('',(#1405));
#344=EDGE_LOOP('',(#1406));
#345=EDGE_LOOP('',(#1407));
#346=EDGE_LOOP('',(#1408));
#347=EDGE_LOOP('',(#1409,#1410,#1411,#1412,#1413,#1414));
#348=LINE('',#2141,#499);
#349=LINE('',#2143,#500);
#350=LINE('',#2145,#501);
#351=LINE('',#2146,#502);
#352=LINE('',#2149,#503);
#353=LINE('',#2151,#504);
#354=LINE('',#2153,#505);
#355=LINE('',#2155,#506);
#356=LINE('',#2157,#507);
#357=LINE('',#2159,#508);
#358=LINE('',#2161,#509);
#359=LINE('',#2163,#510);
#360=LINE('',#2165,#511);
#361=LINE('',#2169,#512);
#362=LINE('',#2171,#513);
#363=LINE('',#2173,#514);
#364=LINE('',#2175,#515);
#365=LINE('',#2177,#516);
#366=LINE('',#2179,#517);
#367=LINE('',#2181,#518);
#368=LINE('',#2183,#519);
#369=LINE('',#2185,#520);
#370=LINE('',#2188,#521);
#371=LINE('',#2191,#522);
#372=LINE('',#2193,#523);
#373=LINE('',#2195,#524);
#374=LINE('',#2196,#525);
#375=LINE('',#2213,#526);
#376=LINE('',#2215,#527);
#377=LINE('',#2217,#528);
#378=LINE('',#2218,#529);
#379=LINE('',#2221,#530);
#380=LINE('',#2223,#531);
#381=LINE('',#2224,#532);
#382=LINE('',#2229,#533);
#383=LINE('',#2236,#534);
#384=LINE('',#2242,#535);
#385=LINE('',#2244,#536);
#386=LINE('',#2246,#537);
#387=LINE('',#2247,#538);
#388=LINE('',#2248,#539);
#389=LINE('',#2249,#540);
#390=LINE('',#2251,#541);
#391=LINE('',#2253,#542);
#392=LINE('',#2256,#543);
#393=LINE('',#2258,#544);
#394=LINE('',#2259,#545);
#395=LINE('',#2262,#546);
#396=LINE('',#2265,#547);
#397=LINE('',#2268,#548);
#398=LINE('',#2270,#549);
#399=LINE('',#2272,#550);
#400=LINE('',#2274,#551);
#401=LINE('',#2276,#552);
#402=LINE('',#2278,#553);
#403=LINE('',#2280,#554);
#404=LINE('',#2282,#555);
#405=LINE('',#2284,#556);
#406=LINE('',#2288,#557);
#407=LINE('',#2290,#558);
#408=LINE('',#2291,#559);
#409=LINE('',#2308,#560);
#410=LINE('',#2310,#561);
#411=LINE('',#2312,#562);
#412=LINE('',#2313,#563);
#413=LINE('',#2315,#564);
#414=LINE('',#2316,#565);
#415=LINE('',#2317,#566);
#416=LINE('',#2319,#567);
#417=LINE('',#2321,#568);
#418=LINE('',#2322,#569);
#419=LINE('',#2324,#570);
#420=LINE('',#2330,#571);
#421=LINE('',#2333,#572);
#422=LINE('',#2336,#573);
#423=LINE('',#2338,#574);
#424=LINE('',#2339,#575);
#425=LINE('',#2341,#576);
#426=LINE('',#2343,#577);
#427=LINE('',#2356,#578);
#428=LINE('',#2358,#579);
#429=LINE('',#2365,#580);
#430=LINE('',#2368,#581);
#431=LINE('',#2376,#582);
#432=LINE('',#2379,#583);
#433=LINE('',#2387,#584);
#434=LINE('',#2390,#585);
#435=LINE('',#2398,#586);
#436=LINE('',#2401,#587);
#437=LINE('',#2405,#588);
#438=LINE('',#2407,#589);
#439=LINE('',#2408,#590);
#440=LINE('',#2411,#591);
#441=LINE('',#2413,#592);
#442=LINE('',#2414,#593);
#443=LINE('',#2417,#594);
#444=LINE('',#2419,#595);
#445=LINE('',#2420,#596);
#446=LINE('',#2422,#597);
#447=LINE('',#2423,#598);
#448=LINE('',#2428,#599);
#449=LINE('',#2430,#600);
#450=LINE('',#2431,#601);
#451=LINE('',#2433,#602);
#452=LINE('',#2434,#603);
#453=LINE('',#2439,#604);
#454=LINE('',#2441,#605);
#455=LINE('',#2442,#606);
#456=LINE('',#2445,#607);
#457=LINE('',#2446,#608);
#458=LINE('',#2449,#609);
#459=LINE('',#2450,#610);
#460=LINE('',#2452,#611);
#461=LINE('',#2455,#612);
#462=LINE('',#2456,#613);
#463=LINE('',#2459,#614);
#464=LINE('',#2460,#615);
#465=LINE('',#2464,#616);
#466=LINE('',#2466,#617);
#467=LINE('',#2471,#618);
#468=LINE('',#2479,#619);
#469=LINE('',#2481,#620);
#470=LINE('',#2488,#621);
#471=LINE('',#2490,#622);
#472=LINE('',#2497,#623);
#473=LINE('',#2499,#624);
#474=LINE('',#2506,#625);
#475=LINE('',#2508,#626);
#476=LINE('',#2515,#627);
#477=LINE('',#2517,#628);
#478=LINE('',#2524,#629);
#479=LINE('',#2526,#630);
#480=LINE('',#2530,#631);
#481=LINE('',#2531,#632);
#482=LINE('',#2532,#633);
#483=LINE('',#2535,#634);
#484=LINE('',#2536,#635);
#485=LINE('',#2539,#636);
#486=LINE('',#2540,#637);
#487=LINE('',#2543,#638);
#488=LINE('',#2544,#639);
#489=LINE('',#2546,#640);
#490=LINE('',#2549,#641);
#491=LINE('',#2550,#642);
#492=LINE('',#2552,#643);
#493=LINE('',#2555,#644);
#494=LINE('',#2556,#645);
#495=LINE('',#2558,#646);
#496=LINE('',#2560,#647);
#497=LINE('',#2563,#648);
#498=LINE('',#2565,#649);
#499=VECTOR('',#1708,10.);
#500=VECTOR('',#1709,10.);
#501=VECTOR('',#1710,10.);
#502=VECTOR('',#1711,10.);
#503=VECTOR('',#1714,10.);
#504=VECTOR('',#1715,10.);
#505=VECTOR('',#1716,10.);
#506=VECTOR('',#1717,10.);
#507=VECTOR('',#1718,10.);
#508=VECTOR('',#1719,10.);
#509=VECTOR('',#1720,10.);
#510=VECTOR('',#1721,10.);
#511=VECTOR('',#1722,10.);
#512=VECTOR('',#1725,10.);
#513=VECTOR('',#1726,10.);
#514=VECTOR('',#1727,10.);
#515=VECTOR('',#1728,10.);
#516=VECTOR('',#1729,10.);
#517=VECTOR('',#1730,10.);
#518=VECTOR('',#1731,10.);
#519=VECTOR('',#1732,10.);
#520=VECTOR('',#1733,10.);
#521=VECTOR('',#1736,10.);
#522=VECTOR('',#1737,10.);
#523=VECTOR('',#1738,10.);
#524=VECTOR('',#1739,10.);
#525=VECTOR('',#1740,10.);
#526=VECTOR('',#1755,10.);
#527=VECTOR('',#1756,10.);
#528=VECTOR('',#1757,10.);
#529=VECTOR('',#1758,10.);
#530=VECTOR('',#1761,10.);
#531=VECTOR('',#1762,10.);
#532=VECTOR('',#1763,10.);
#533=VECTOR('',#1768,1.35);
#534=VECTOR('',#1777,1.35);
#535=VECTOR('',#1784,10.);
#536=VECTOR('',#1785,10.);
#537=VECTOR('',#1786,10.);
#538=VECTOR('',#1787,10.);
#539=VECTOR('',#1788,10.);
#540=VECTOR('',#1789,10.);
#541=VECTOR('',#1792,10.);
#542=VECTOR('',#1795,10.);
#543=VECTOR('',#1798,10.);
#544=VECTOR('',#1799,10.);
#545=VECTOR('',#1800,10.);
#546=VECTOR('',#1803,10.);
#547=VECTOR('',#1806,10.);
#548=VECTOR('',#1809,10.);
#549=VECTOR('',#1810,10.);
#550=VECTOR('',#1811,10.);
#551=VECTOR('',#1812,10.);
#552=VECTOR('',#1813,10.);
#553=VECTOR('',#1814,10.);
#554=VECTOR('',#1815,10.);
#555=VECTOR('',#1816,10.);
#556=VECTOR('',#1817,10.);
#557=VECTOR('',#1820,10.);
#558=VECTOR('',#1821,10.);
#559=VECTOR('',#1822,10.);
#560=VECTOR('',#1837,10.);
#561=VECTOR('',#1838,10.);
#562=VECTOR('',#1839,10.);
#563=VECTOR('',#1840,10.);
#564=VECTOR('',#1843,10.);
#565=VECTOR('',#1844,10.);
#566=VECTOR('',#1845,10.);
#567=VECTOR('',#1846,10.);
#568=VECTOR('',#1847,10.);
#569=VECTOR('',#1848,10.);
#570=VECTOR('',#1851,10.);
#571=VECTOR('',#1856,10.);
#572=VECTOR('',#1859,10.);
#573=VECTOR('',#1862,10.);
#574=VECTOR('',#1863,10.);
#575=VECTOR('',#1864,10.);
#576=VECTOR('',#1867,10.);
#577=VECTOR('',#1868,10.);
#578=VECTOR('',#1883,10.);
#579=VECTOR('',#1886,10.);
#580=VECTOR('',#1895,3.);
#581=VECTOR('',#1898,1.6);
#582=VECTOR('',#1909,3.);
#583=VECTOR('',#1912,1.6);
#584=VECTOR('',#1923,3.);
#585=VECTOR('',#1926,1.6);
#586=VECTOR('',#1937,3.);
#587=VECTOR('',#1940,1.6);
#588=VECTOR('',#1945,10.);
#589=VECTOR('',#1946,10.);
#590=VECTOR('',#1947,10.);
#591=VECTOR('',#1950,10.);
#592=VECTOR('',#1951,10.);
#593=VECTOR('',#1952,10.);
#594=VECTOR('',#1955,10.);
#595=VECTOR('',#1956,10.);
#596=VECTOR('',#1957,10.);
#597=VECTOR('',#1960,10.);
#598=VECTOR('',#1961,10.);
#599=VECTOR('',#1966,10.);
#600=VECTOR('',#1967,10.);
#601=VECTOR('',#1968,10.);
#602=VECTOR('',#1971,10.);
#603=VECTOR('',#1972,10.);
#604=VECTOR('',#1977,10.);
#605=VECTOR('',#1978,10.);
#606=VECTOR('',#1979,10.);
#607=VECTOR('',#1982,10.);
#608=VECTOR('',#1983,10.);
#609=VECTOR('',#1986,10.);
#610=VECTOR('',#1987,10.);
#611=VECTOR('',#1990,10.);
#612=VECTOR('',#1993,10.);
#613=VECTOR('',#1994,10.);
#614=VECTOR('',#1997,10.);
#615=VECTOR('',#1998,10.);
#616=VECTOR('',#2003,0.750000000000002);
#617=VECTOR('',#2006,10.);
#618=VECTOR('',#2013,0.75);
#619=VECTOR('',#2024,3.);
#620=VECTOR('',#2027,1.6);
#621=VECTOR('',#2036,3.);
#622=VECTOR('',#2039,1.6);
#623=VECTOR('',#2048,3.);
#624=VECTOR('',#2051,1.6);
#625=VECTOR('',#2060,3.);
#626=VECTOR('',#2063,1.6);
#627=VECTOR('',#2072,3.);
#628=VECTOR('',#2075,1.6);
#629=VECTOR('',#2084,3.);
#630=VECTOR('',#2087,1.6);
#631=VECTOR('',#2090,10.);
#632=VECTOR('',#2091,10.);
#633=VECTOR('',#2092,10.);
#634=VECTOR('',#2095,10.);
#635=VECTOR('',#2096,10.);
#636=VECTOR('',#2099,10.);
#637=VECTOR('',#2100,10.);
#638=VECTOR('',#2103,10.);
#639=VECTOR('',#2104,10.);
#640=VECTOR('',#2107,10.);
#641=VECTOR('',#2110,10.);
#642=VECTOR('',#2111,10.);
#643=VECTOR('',#2114,10.);
#644=VECTOR('',#2119,10.);
#645=VECTOR('',#2120,10.);
#646=VECTOR('',#2123,10.);
#647=VECTOR('',#2126,10.);
#648=VECTOR('',#2131,6.05);
#649=VECTOR('',#2134,10.);
#650=VERTEX_POINT('',#2139);
#651=VERTEX_POINT('',#2140);
#652=VERTEX_POINT('',#2142);
#653=VERTEX_POINT('',#2144);
#654=VERTEX_POINT('',#2148);
#655=VERTEX_POINT('',#2150);
#656=VERTEX_POINT('',#2152);
#657=VERTEX_POINT('',#2154);
#658=VERTEX_POINT('',#2156);
#659=VERTEX_POINT('',#2158);
#660=VERTEX_POINT('',#2160);
#661=VERTEX_POINT('',#2162);
#662=VERTEX_POINT('',#2164);
#663=VERTEX_POINT('',#2166);
#664=VERTEX_POINT('',#2168);
#665=VERTEX_POINT('',#2170);
#666=VERTEX_POINT('',#2172);
#667=VERTEX_POINT('',#2174);
#668=VERTEX_POINT('',#2176);
#669=VERTEX_POINT('',#2178);
#670=VERTEX_POINT('',#2180);
#671=VERTEX_POINT('',#2182);
#672=VERTEX_POINT('',#2184);
#673=VERTEX_POINT('',#2186);
#674=VERTEX_POINT('',#2189);
#675=VERTEX_POINT('',#2190);
#676=VERTEX_POINT('',#2192);
#677=VERTEX_POINT('',#2194);
#678=VERTEX_POINT('',#2197);
#679=VERTEX_POINT('',#2199);
#680=VERTEX_POINT('',#2201);
#681=VERTEX_POINT('',#2203);
#682=VERTEX_POINT('',#2205);
#683=VERTEX_POINT('',#2207);
#684=VERTEX_POINT('',#2209);
#685=VERTEX_POINT('',#2211);
#686=VERTEX_POINT('',#2212);
#687=VERTEX_POINT('',#2214);
#688=VERTEX_POINT('',#2216);
#689=VERTEX_POINT('',#2220);
#690=VERTEX_POINT('',#2222);
#691=VERTEX_POINT('',#2226);
#692=VERTEX_POINT('',#2228);
#693=VERTEX_POINT('',#2233);
#694=VERTEX_POINT('',#2235);
#695=VERTEX_POINT('',#2240);
#696=VERTEX_POINT('',#2241);
#697=VERTEX_POINT('',#2243);
#698=VERTEX_POINT('',#2245);
#699=VERTEX_POINT('',#2255);
#700=VERTEX_POINT('',#2257);
#701=VERTEX_POINT('',#2261);
#702=VERTEX_POINT('',#2263);
#703=VERTEX_POINT('',#2267);
#704=VERTEX_POINT('',#2269);
#705=VERTEX_POINT('',#2271);
#706=VERTEX_POINT('',#2273);
#707=VERTEX_POINT('',#2275);
#708=VERTEX_POINT('',#2277);
#709=VERTEX_POINT('',#2279);
#710=VERTEX_POINT('',#2281);
#711=VERTEX_POINT('',#2283);
#712=VERTEX_POINT('',#2285);
#713=VERTEX_POINT('',#2287);
#714=VERTEX_POINT('',#2289);
#715=VERTEX_POINT('',#2292);
#716=VERTEX_POINT('',#2294);
#717=VERTEX_POINT('',#2296);
#718=VERTEX_POINT('',#2298);
#719=VERTEX_POINT('',#2300);
#720=VERTEX_POINT('',#2302);
#721=VERTEX_POINT('',#2304);
#722=VERTEX_POINT('',#2306);
#723=VERTEX_POINT('',#2307);
#724=VERTEX_POINT('',#2309);
#725=VERTEX_POINT('',#2311);
#726=VERTEX_POINT('',#2318);
#727=VERTEX_POINT('',#2320);
#728=VERTEX_POINT('',#2326);
#729=VERTEX_POINT('',#2327);
#730=VERTEX_POINT('',#2329);
#731=VERTEX_POINT('',#2331);
#732=VERTEX_POINT('',#2335);
#733=VERTEX_POINT('',#2337);
#734=VERTEX_POINT('',#2342);
#735=VERTEX_POINT('',#2345);
#736=VERTEX_POINT('',#2347);
#737=VERTEX_POINT('',#2349);
#738=VERTEX_POINT('',#2351);
#739=VERTEX_POINT('',#2354);
#740=VERTEX_POINT('',#2360);
#741=VERTEX_POINT('',#2362);
#742=VERTEX_POINT('',#2367);
#743=VERTEX_POINT('',#2371);
#744=VERTEX_POINT('',#2373);
#745=VERTEX_POINT('',#2378);
#746=VERTEX_POINT('',#2382);
#747=VERTEX_POINT('',#2384);
#748=VERTEX_POINT('',#2389);
#749=VERTEX_POINT('',#2393);
#750=VERTEX_POINT('',#2395);
#751=VERTEX_POINT('',#2400);
#752=VERTEX_POINT('',#2404);
#753=VERTEX_POINT('',#2406);
#754=VERTEX_POINT('',#2410);
#755=VERTEX_POINT('',#2412);
#756=VERTEX_POINT('',#2416);
#757=VERTEX_POINT('',#2418);
#758=VERTEX_POINT('',#2424);
#759=VERTEX_POINT('',#2427);
#760=VERTEX_POINT('',#2429);
#761=VERTEX_POINT('',#2435);
#762=VERTEX_POINT('',#2438);
#763=VERTEX_POINT('',#2440);
#764=VERTEX_POINT('',#2444);
#765=VERTEX_POINT('',#2448);
#766=VERTEX_POINT('',#2454);
#767=VERTEX_POINT('',#2458);
#768=VERTEX_POINT('',#2462);
#769=VERTEX_POINT('',#2469);
#770=VERTEX_POINT('',#2474);
#771=VERTEX_POINT('',#2476);
#772=VERTEX_POINT('',#2483);
#773=VERTEX_POINT('',#2485);
#774=VERTEX_POINT('',#2492);
#775=VERTEX_POINT('',#2494);
#776=VERTEX_POINT('',#2501);
#777=VERTEX_POINT('',#2503);
#778=VERTEX_POINT('',#2510);
#779=VERTEX_POINT('',#2512);
#780=VERTEX_POINT('',#2519);
#781=VERTEX_POINT('',#2521);
#782=VERTEX_POINT('',#2528);
#783=VERTEX_POINT('',#2529);
#784=VERTEX_POINT('',#2534);
#785=VERTEX_POINT('',#2538);
#786=VERTEX_POINT('',#2542);
#787=VERTEX_POINT('',#2548);
#788=EDGE_CURVE('',#650,#651,#348,.T.);
#789=EDGE_CURVE('',#651,#652,#349,.T.);
#790=EDGE_CURVE('',#652,#653,#350,.T.);
#791=EDGE_CURVE('',#653,#650,#351,.T.);
#792=EDGE_CURVE('',#651,#654,#352,.T.);
#793=EDGE_CURVE('',#655,#654,#353,.T.);
#794=EDGE_CURVE('',#655,#656,#354,.T.);
#795=EDGE_CURVE('',#657,#656,#355,.T.);
#796=EDGE_CURVE('',#657,#658,#356,.T.);
#797=EDGE_CURVE('',#659,#658,#357,.T.);
#798=EDGE_CURVE('',#659,#660,#358,.T.);
#799=EDGE_CURVE('',#660,#661,#359,.T.);
#800=EDGE_CURVE('',#661,#662,#360,.T.);
#801=EDGE_CURVE('',#663,#662,#85,.T.);
#802=EDGE_CURVE('',#663,#664,#361,.T.);
#803=EDGE_CURVE('',#664,#665,#362,.T.);
#804=EDGE_CURVE('',#665,#666,#363,.T.);
#805=EDGE_CURVE('',#666,#667,#364,.T.);
#806=EDGE_CURVE('',#667,#668,#365,.T.);
#807=EDGE_CURVE('',#668,#669,#366,.T.);
#808=EDGE_CURVE('',#669,#670,#367,.T.);
#809=EDGE_CURVE('',#670,#671,#368,.T.);
#810=EDGE_CURVE('',#671,#672,#369,.T.);
#811=EDGE_CURVE('',#673,#672,#86,.T.);
#812=EDGE_CURVE('',#673,#652,#370,.T.);
#813=EDGE_CURVE('',#674,#675,#371,.T.);
#814=EDGE_CURVE('',#675,#676,#372,.T.);
#815=EDGE_CURVE('',#676,#677,#373,.T.);
#816=EDGE_CURVE('',#677,#674,#374,.T.);
#817=EDGE_CURVE('',#678,#678,#87,.T.);
#818=EDGE_CURVE('',#679,#679,#88,.T.);
#819=EDGE_CURVE('',#680,#680,#89,.T.);
#820=EDGE_CURVE('',#681,#681,#90,.T.);
#821=EDGE_CURVE('',#682,#682,#91,.T.);
#822=EDGE_CURVE('',#683,#683,#92,.T.);
#823=EDGE_CURVE('',#684,#684,#93,.T.);
#824=EDGE_CURVE('',#685,#686,#375,.T.);
#825=EDGE_CURVE('',#687,#686,#376,.T.);
#826=EDGE_CURVE('',#687,#688,#377,.T.);
#827=EDGE_CURVE('',#685,#688,#378,.T.);
#828=EDGE_CURVE('',#658,#689,#379,.T.);
#829=EDGE_CURVE('',#690,#689,#380,.T.);
#830=EDGE_CURVE('',#690,#659,#381,.T.);
#831=EDGE_CURVE('',#691,#691,#94,.T.);
#832=EDGE_CURVE('',#691,#692,#382,.T.);
#833=EDGE_CURVE('',#692,#692,#95,.T.);
#834=EDGE_CURVE('',#693,#693,#96,.T.);
#835=EDGE_CURVE('',#693,#694,#383,.T.);
#836=EDGE_CURVE('',#694,#694,#97,.T.);
#837=EDGE_CURVE('',#695,#696,#384,.T.);
#838=EDGE_CURVE('',#697,#695,#385,.T.);
#839=EDGE_CURVE('',#698,#697,#386,.T.);
#840=EDGE_CURVE('',#650,#698,#387,.T.);
#841=EDGE_CURVE('',#653,#690,#388,.T.);
#842=EDGE_CURVE('',#696,#689,#389,.T.);
#843=EDGE_CURVE('',#654,#698,#390,.T.);
#844=EDGE_CURVE('',#696,#657,#391,.T.);
#845=EDGE_CURVE('',#656,#699,#392,.T.);
#846=EDGE_CURVE('',#700,#699,#393,.T.);
#847=EDGE_CURVE('',#700,#695,#394,.T.);
#848=EDGE_CURVE('',#672,#701,#395,.T.);
#849=EDGE_CURVE('',#701,#702,#98,.T.);
#850=EDGE_CURVE('',#702,#673,#396,.T.);
#851=EDGE_CURVE('',#701,#703,#397,.T.);
#852=EDGE_CURVE('',#703,#704,#398,.T.);
#853=EDGE_CURVE('',#704,#705,#399,.T.);
#854=EDGE_CURVE('',#705,#706,#400,.T.);
#855=EDGE_CURVE('',#706,#707,#401,.T.);
#856=EDGE_CURVE('',#707,#708,#402,.T.);
#857=EDGE_CURVE('',#708,#709,#403,.T.);
#858=EDGE_CURVE('',#709,#710,#404,.T.);
#859=EDGE_CURVE('',#710,#711,#405,.T.);
#860=EDGE_CURVE('',#712,#711,#99,.T.);
#861=EDGE_CURVE('',#712,#713,#406,.T.);
#862=EDGE_CURVE('',#713,#714,#407,.T.);
#863=EDGE_CURVE('',#714,#702,#408,.T.);
#864=EDGE_CURVE('',#715,#715,#100,.T.);
#865=EDGE_CURVE('',#716,#716,#101,.T.);
#866=EDGE_CURVE('',#717,#717,#102,.T.);
#867=EDGE_CURVE('',#718,#718,#103,.T.);
#868=EDGE_CURVE('',#719,#719,#104,.T.);
#869=EDGE_CURVE('',#720,#720,#105,.T.);
#870=EDGE_CURVE('',#721,#721,#106,.T.);
#871=EDGE_CURVE('',#722,#723,#409,.T.);
#872=EDGE_CURVE('',#724,#722,#410,.T.);
#873=EDGE_CURVE('',#725,#724,#411,.T.);
#874=EDGE_CURVE('',#723,#725,#412,.T.);
#875=EDGE_CURVE('',#668,#671,#413,.T.);
#876=EDGE_CURVE('',#664,#667,#414,.T.);
#877=EDGE_CURVE('',#711,#663,#415,.T.);
#878=EDGE_CURVE('',#726,#710,#416,.T.);
#879=EDGE_CURVE('',#727,#726,#417,.T.);
#880=EDGE_CURVE('',#703,#727,#418,.T.);
#881=EDGE_CURVE('',#662,#712,#419,.T.);
#882=EDGE_CURVE('',#728,#729,#107,.T.);
#883=EDGE_CURVE('',#729,#730,#420,.T.);
#884=EDGE_CURVE('',#730,#731,#108,.T.);
#885=EDGE_CURVE('',#731,#728,#421,.T.);
#886=EDGE_CURVE('',#729,#732,#422,.T.);
#887=EDGE_CURVE('',#733,#732,#423,.T.);
#888=EDGE_CURVE('',#733,#730,#424,.T.);
#889=EDGE_CURVE('',#661,#728,#425,.T.);
#890=EDGE_CURVE('',#660,#734,#426,.T.);
#891=EDGE_CURVE('',#732,#734,#109,.T.);
#892=EDGE_CURVE('',#735,#735,#110,.T.);
#893=EDGE_CURVE('',#736,#736,#111,.T.);
#894=EDGE_CURVE('',#737,#737,#112,.T.);
#895=EDGE_CURVE('',#738,#738,#113,.T.);
#896=EDGE_CURVE('',#739,#733,#114,.T.);
#897=EDGE_CURVE('',#734,#739,#427,.T.);
#898=EDGE_CURVE('',#714,#739,#428,.T.);
#899=EDGE_CURVE('',#740,#740,#115,.T.);
#900=EDGE_CURVE('',#741,#741,#116,.T.);
#901=EDGE_CURVE('',#735,#740,#429,.T.);
#902=EDGE_CURVE('',#741,#742,#430,.T.);
#903=EDGE_CURVE('',#742,#742,#117,.T.);
#904=EDGE_CURVE('',#743,#743,#118,.T.);
#905=EDGE_CURVE('',#744,#744,#119,.T.);
#906=EDGE_CURVE('',#736,#743,#431,.T.);
#907=EDGE_CURVE('',#744,#745,#432,.T.);
#908=EDGE_CURVE('',#745,#745,#120,.T.);
#909=EDGE_CURVE('',#746,#746,#121,.T.);
#910=EDGE_CURVE('',#747,#747,#122,.T.);
#911=EDGE_CURVE('',#737,#746,#433,.T.);
#912=EDGE_CURVE('',#747,#748,#434,.T.);
#913=EDGE_CURVE('',#748,#748,#123,.T.);
#914=EDGE_CURVE('',#749,#749,#124,.T.);
#915=EDGE_CURVE('',#750,#750,#125,.T.);
#916=EDGE_CURVE('',#738,#749,#435,.T.);
#917=EDGE_CURVE('',#750,#751,#436,.T.);
#918=EDGE_CURVE('',#751,#751,#126,.T.);
#919=EDGE_CURVE('',#752,#669,#437,.T.);
#920=EDGE_CURVE('',#752,#753,#438,.T.);
#921=EDGE_CURVE('',#670,#753,#439,.T.);
#922=EDGE_CURVE('',#754,#697,#440,.T.);
#923=EDGE_CURVE('',#755,#754,#441,.T.);
#924=EDGE_CURVE('',#655,#755,#442,.T.);
#925=EDGE_CURVE('',#756,#688,#443,.T.);
#926=EDGE_CURVE('',#757,#756,#444,.T.);
#927=EDGE_CURVE('',#685,#757,#445,.T.);
#928=EDGE_CURVE('',#755,#752,#446,.T.);
#929=EDGE_CURVE('',#753,#754,#447,.T.);
#930=EDGE_CURVE('',#758,#758,#127,.T.);
#931=EDGE_CURVE('',#666,#759,#448,.T.);
#932=EDGE_CURVE('',#760,#665,#449,.T.);
#933=EDGE_CURVE('',#760,#759,#450,.T.);
#934=EDGE_CURVE('',#759,#756,#451,.T.);
#935=EDGE_CURVE('',#757,#760,#452,.T.);
#936=EDGE_CURVE('',#761,#761,#128,.T.);
#937=EDGE_CURVE('',#762,#664,#453,.T.);
#938=EDGE_CURVE('',#763,#762,#454,.T.);
#939=EDGE_CURVE('',#686,#763,#455,.T.);
#940=EDGE_CURVE('',#764,#668,#456,.T.);
#941=EDGE_CURVE('',#699,#764,#457,.T.);
#942=EDGE_CURVE('',#765,#700,#458,.T.);
#943=EDGE_CURVE('',#671,#765,#459,.T.);
#944=EDGE_CURVE('',#764,#765,#460,.T.);
#945=EDGE_CURVE('',#667,#766,#461,.T.);
#946=EDGE_CURVE('',#762,#766,#462,.T.);
#947=EDGE_CURVE('',#767,#763,#463,.T.);
#948=EDGE_CURVE('',#767,#687,#464,.T.);
#949=EDGE_CURVE('',#768,#768,#129,.T.);
#950=EDGE_CURVE('',#768,#761,#465,.T.);
#951=EDGE_CURVE('',#766,#767,#466,.T.);
#952=EDGE_CURVE('',#769,#769,#130,.T.);
#953=EDGE_CURVE('',#769,#758,#467,.T.);
#954=EDGE_CURVE('',#770,#770,#131,.T.);
#955=EDGE_CURVE('',#771,#771,#132,.T.);
#956=EDGE_CURVE('',#715,#770,#468,.T.);
#957=EDGE_CURVE('',#771,#678,#469,.T.);
#958=EDGE_CURVE('',#772,#772,#133,.T.);
#959=EDGE_CURVE('',#773,#773,#134,.T.);
#960=EDGE_CURVE('',#716,#772,#470,.T.);
#961=EDGE_CURVE('',#773,#679,#471,.T.);
#962=EDGE_CURVE('',#774,#774,#135,.T.);
#963=EDGE_CURVE('',#775,#775,#136,.T.);
#964=EDGE_CURVE('',#717,#774,#472,.T.);
#965=EDGE_CURVE('',#775,#680,#473,.T.);
#966=EDGE_CURVE('',#776,#776,#137,.T.);
#967=EDGE_CURVE('',#777,#777,#138,.T.);
#968=EDGE_CURVE('',#718,#776,#474,.T.);
#969=EDGE_CURVE('',#777,#681,#475,.T.);
#970=EDGE_CURVE('',#778,#778,#139,.T.);
#971=EDGE_CURVE('',#779,#779,#140,.T.);
#972=EDGE_CURVE('',#719,#778,#476,.T.);
#973=EDGE_CURVE('',#779,#682,#477,.T.);
#974=EDGE_CURVE('',#780,#780,#141,.T.);
#975=EDGE_CURVE('',#781,#781,#142,.T.);
#976=EDGE_CURVE('',#720,#780,#478,.T.);
#977=EDGE_CURVE('',#781,#683,#479,.T.);
#978=EDGE_CURVE('',#782,#783,#480,.T.);
#979=EDGE_CURVE('',#707,#782,#481,.T.);
#980=EDGE_CURVE('',#783,#706,#482,.T.);
#981=EDGE_CURVE('',#782,#784,#483,.T.);
#982=EDGE_CURVE('',#708,#784,#484,.T.);
#983=EDGE_CURVE('',#785,#709,#485,.T.);
#984=EDGE_CURVE('',#726,#785,#486,.T.);
#985=EDGE_CURVE('',#786,#785,#487,.T.);
#986=EDGE_CURVE('',#727,#786,#488,.T.);
#987=EDGE_CURVE('',#704,#786,#489,.T.);
#988=EDGE_CURVE('',#787,#705,#490,.T.);
#989=EDGE_CURVE('',#783,#787,#491,.T.);
#990=EDGE_CURVE('',#784,#787,#492,.T.);
#991=EDGE_CURVE('',#722,#674,#493,.T.);
#992=EDGE_CURVE('',#724,#677,#494,.T.);
#993=EDGE_CURVE('',#725,#676,#495,.T.);
#994=EDGE_CURVE('',#723,#675,#496,.T.);
#995=EDGE_CURVE('',#684,#721,#497,.T.);
#996=EDGE_CURVE('',#713,#731,#498,.T.);
#997=ORIENTED_EDGE('',*,*,#788,.T.);
#998=ORIENTED_EDGE('',*,*,#789,.T.);
#999=ORIENTED_EDGE('',*,*,#790,.T.);
#1000=ORIENTED_EDGE('',*,*,#791,.T.);
#1001=ORIENTED_EDGE('',*,*,#789,.F.);
#1002=ORIENTED_EDGE('',*,*,#792,.T.);
#1003=ORIENTED_EDGE('',*,*,#793,.F.);
#1004=ORIENTED_EDGE('',*,*,#794,.T.);
#1005=ORIENTED_EDGE('',*,*,#795,.F.);
#1006=ORIENTED_EDGE('',*,*,#796,.T.);
#1007=ORIENTED_EDGE('',*,*,#797,.F.);
#1008=ORIENTED_EDGE('',*,*,#798,.T.);
#1009=ORIENTED_EDGE('',*,*,#799,.T.);
#1010=ORIENTED_EDGE('',*,*,#800,.T.);
#1011=ORIENTED_EDGE('',*,*,#801,.F.);
#1012=ORIENTED_EDGE('',*,*,#802,.T.);
#1013=ORIENTED_EDGE('',*,*,#803,.T.);
#1014=ORIENTED_EDGE('',*,*,#804,.T.);
#1015=ORIENTED_EDGE('',*,*,#805,.T.);
#1016=ORIENTED_EDGE('',*,*,#806,.T.);
#1017=ORIENTED_EDGE('',*,*,#807,.T.);
#1018=ORIENTED_EDGE('',*,*,#808,.T.);
#1019=ORIENTED_EDGE('',*,*,#809,.T.);
#1020=ORIENTED_EDGE('',*,*,#810,.T.);
#1021=ORIENTED_EDGE('',*,*,#811,.F.);
#1022=ORIENTED_EDGE('',*,*,#812,.T.);
#1023=ORIENTED_EDGE('',*,*,#813,.T.);
#1024=ORIENTED_EDGE('',*,*,#814,.T.);
#1025=ORIENTED_EDGE('',*,*,#815,.T.);
#1026=ORIENTED_EDGE('',*,*,#816,.T.);
#1027=ORIENTED_EDGE('',*,*,#817,.T.);
#1028=ORIENTED_EDGE('',*,*,#818,.T.);
#1029=ORIENTED_EDGE('',*,*,#819,.T.);
#1030=ORIENTED_EDGE('',*,*,#820,.T.);
#1031=ORIENTED_EDGE('',*,*,#821,.T.);
#1032=ORIENTED_EDGE('',*,*,#822,.T.);
#1033=ORIENTED_EDGE('',*,*,#823,.T.);
#1034=ORIENTED_EDGE('',*,*,#824,.T.);
#1035=ORIENTED_EDGE('',*,*,#825,.F.);
#1036=ORIENTED_EDGE('',*,*,#826,.T.);
#1037=ORIENTED_EDGE('',*,*,#827,.F.);
#1038=ORIENTED_EDGE('',*,*,#828,.T.);
#1039=ORIENTED_EDGE('',*,*,#829,.F.);
#1040=ORIENTED_EDGE('',*,*,#830,.T.);
#1041=ORIENTED_EDGE('',*,*,#797,.T.);
#1042=ORIENTED_EDGE('',*,*,#831,.F.);
#1043=ORIENTED_EDGE('',*,*,#832,.T.);
#1044=ORIENTED_EDGE('',*,*,#833,.T.);
#1045=ORIENTED_EDGE('',*,*,#832,.F.);
#1046=ORIENTED_EDGE('',*,*,#833,.F.);
#1047=ORIENTED_EDGE('',*,*,#834,.F.);
#1048=ORIENTED_EDGE('',*,*,#835,.T.);
#1049=ORIENTED_EDGE('',*,*,#836,.T.);
#1050=ORIENTED_EDGE('',*,*,#835,.F.);
#1051=ORIENTED_EDGE('',*,*,#836,.F.);
#1052=ORIENTED_EDGE('',*,*,#837,.F.);
#1053=ORIENTED_EDGE('',*,*,#838,.F.);
#1054=ORIENTED_EDGE('',*,*,#839,.F.);
#1055=ORIENTED_EDGE('',*,*,#840,.F.);
#1056=ORIENTED_EDGE('',*,*,#791,.F.);
#1057=ORIENTED_EDGE('',*,*,#841,.T.);
#1058=ORIENTED_EDGE('',*,*,#829,.T.);
#1059=ORIENTED_EDGE('',*,*,#842,.F.);
#1060=ORIENTED_EDGE('',*,*,#843,.F.);
#1061=ORIENTED_EDGE('',*,*,#792,.F.);
#1062=ORIENTED_EDGE('',*,*,#788,.F.);
#1063=ORIENTED_EDGE('',*,*,#840,.T.);
#1064=ORIENTED_EDGE('',*,*,#844,.F.);
#1065=ORIENTED_EDGE('',*,*,#842,.T.);
#1066=ORIENTED_EDGE('',*,*,#828,.F.);
#1067=ORIENTED_EDGE('',*,*,#796,.F.);
#1068=ORIENTED_EDGE('',*,*,#837,.T.);
#1069=ORIENTED_EDGE('',*,*,#844,.T.);
#1070=ORIENTED_EDGE('',*,*,#795,.T.);
#1071=ORIENTED_EDGE('',*,*,#845,.T.);
#1072=ORIENTED_EDGE('',*,*,#846,.F.);
#1073=ORIENTED_EDGE('',*,*,#847,.T.);
#1074=ORIENTED_EDGE('',*,*,#811,.T.);
#1075=ORIENTED_EDGE('',*,*,#848,.T.);
#1076=ORIENTED_EDGE('',*,*,#849,.T.);
#1077=ORIENTED_EDGE('',*,*,#850,.T.);
#1078=ORIENTED_EDGE('',*,*,#849,.F.);
#1079=ORIENTED_EDGE('',*,*,#851,.T.);
#1080=ORIENTED_EDGE('',*,*,#852,.T.);
#1081=ORIENTED_EDGE('',*,*,#853,.T.);
#1082=ORIENTED_EDGE('',*,*,#854,.T.);
#1083=ORIENTED_EDGE('',*,*,#855,.T.);
#1084=ORIENTED_EDGE('',*,*,#856,.T.);
#1085=ORIENTED_EDGE('',*,*,#857,.T.);
#1086=ORIENTED_EDGE('',*,*,#858,.T.);
#1087=ORIENTED_EDGE('',*,*,#859,.T.);
#1088=ORIENTED_EDGE('',*,*,#860,.F.);
#1089=ORIENTED_EDGE('',*,*,#861,.T.);
#1090=ORIENTED_EDGE('',*,*,#862,.T.);
#1091=ORIENTED_EDGE('',*,*,#863,.T.);
#1092=ORIENTED_EDGE('',*,*,#864,.T.);
#1093=ORIENTED_EDGE('',*,*,#865,.T.);
#1094=ORIENTED_EDGE('',*,*,#866,.T.);
#1095=ORIENTED_EDGE('',*,*,#867,.T.);
#1096=ORIENTED_EDGE('',*,*,#868,.T.);
#1097=ORIENTED_EDGE('',*,*,#869,.T.);
#1098=ORIENTED_EDGE('',*,*,#870,.F.);
#1099=ORIENTED_EDGE('',*,*,#871,.F.);
#1100=ORIENTED_EDGE('',*,*,#872,.F.);
#1101=ORIENTED_EDGE('',*,*,#873,.F.);
#1102=ORIENTED_EDGE('',*,*,#874,.F.);
#1103=ORIENTED_EDGE('',*,*,#848,.F.);
#1104=ORIENTED_EDGE('',*,*,#810,.F.);
#1105=ORIENTED_EDGE('',*,*,#875,.F.);
#1106=ORIENTED_EDGE('',*,*,#806,.F.);
#1107=ORIENTED_EDGE('',*,*,#876,.F.);
#1108=ORIENTED_EDGE('',*,*,#802,.F.);
#1109=ORIENTED_EDGE('',*,*,#877,.F.);
#1110=ORIENTED_EDGE('',*,*,#859,.F.);
#1111=ORIENTED_EDGE('',*,*,#878,.F.);
#1112=ORIENTED_EDGE('',*,*,#879,.F.);
#1113=ORIENTED_EDGE('',*,*,#880,.F.);
#1114=ORIENTED_EDGE('',*,*,#851,.F.);
#1115=ORIENTED_EDGE('',*,*,#801,.T.);
#1116=ORIENTED_EDGE('',*,*,#881,.T.);
#1117=ORIENTED_EDGE('',*,*,#860,.T.);
#1118=ORIENTED_EDGE('',*,*,#877,.T.);
#1119=ORIENTED_EDGE('',*,*,#882,.T.);
#1120=ORIENTED_EDGE('',*,*,#883,.T.);
#1121=ORIENTED_EDGE('',*,*,#884,.T.);
#1122=ORIENTED_EDGE('',*,*,#885,.T.);
#1123=ORIENTED_EDGE('',*,*,#883,.F.);
#1124=ORIENTED_EDGE('',*,*,#886,.T.);
#1125=ORIENTED_EDGE('',*,*,#887,.F.);
#1126=ORIENTED_EDGE('',*,*,#888,.T.);
#1127=ORIENTED_EDGE('',*,*,#882,.F.);
#1128=ORIENTED_EDGE('',*,*,#889,.F.);
#1129=ORIENTED_EDGE('',*,*,#799,.F.);
#1130=ORIENTED_EDGE('',*,*,#890,.T.);
#1131=ORIENTED_EDGE('',*,*,#891,.F.);
#1132=ORIENTED_EDGE('',*,*,#886,.F.);
#1133=ORIENTED_EDGE('',*,*,#892,.T.);
#1134=ORIENTED_EDGE('',*,*,#893,.T.);
#1135=ORIENTED_EDGE('',*,*,#894,.T.);
#1136=ORIENTED_EDGE('',*,*,#895,.T.);
#1137=ORIENTED_EDGE('',*,*,#896,.T.);
#1138=ORIENTED_EDGE('',*,*,#887,.T.);
#1139=ORIENTED_EDGE('',*,*,#891,.T.);
#1140=ORIENTED_EDGE('',*,*,#897,.T.);
#1141=ORIENTED_EDGE('',*,*,#850,.F.);
#1142=ORIENTED_EDGE('',*,*,#863,.F.);
#1143=ORIENTED_EDGE('',*,*,#898,.T.);
#1144=ORIENTED_EDGE('',*,*,#897,.F.);
#1145=ORIENTED_EDGE('',*,*,#890,.F.);
#1146=ORIENTED_EDGE('',*,*,#798,.F.);
#1147=ORIENTED_EDGE('',*,*,#830,.F.);
#1148=ORIENTED_EDGE('',*,*,#841,.F.);
#1149=ORIENTED_EDGE('',*,*,#790,.F.);
#1150=ORIENTED_EDGE('',*,*,#812,.F.);
#1151=ORIENTED_EDGE('',*,*,#831,.T.);
#1152=ORIENTED_EDGE('',*,*,#834,.T.);
#1153=ORIENTED_EDGE('',*,*,#899,.F.);
#1154=ORIENTED_EDGE('',*,*,#900,.T.);
#1155=ORIENTED_EDGE('',*,*,#892,.F.);
#1156=ORIENTED_EDGE('',*,*,#901,.T.);
#1157=ORIENTED_EDGE('',*,*,#899,.T.);
#1158=ORIENTED_EDGE('',*,*,#901,.F.);
#1159=ORIENTED_EDGE('',*,*,#900,.F.);
#1160=ORIENTED_EDGE('',*,*,#902,.T.);
#1161=ORIENTED_EDGE('',*,*,#903,.F.);
#1162=ORIENTED_EDGE('',*,*,#902,.F.);
#1163=ORIENTED_EDGE('',*,*,#904,.F.);
#1164=ORIENTED_EDGE('',*,*,#905,.T.);
#1165=ORIENTED_EDGE('',*,*,#893,.F.);
#1166=ORIENTED_EDGE('',*,*,#906,.T.);
#1167=ORIENTED_EDGE('',*,*,#904,.T.);
#1168=ORIENTED_EDGE('',*,*,#906,.F.);
#1169=ORIENTED_EDGE('',*,*,#905,.F.);
#1170=ORIENTED_EDGE('',*,*,#907,.T.);
#1171=ORIENTED_EDGE('',*,*,#908,.F.);
#1172=ORIENTED_EDGE('',*,*,#907,.F.);
#1173=ORIENTED_EDGE('',*,*,#909,.F.);
#1174=ORIENTED_EDGE('',*,*,#910,.T.);
#1175=ORIENTED_EDGE('',*,*,#894,.F.);
#1176=ORIENTED_EDGE('',*,*,#911,.T.);
#1177=ORIENTED_EDGE('',*,*,#909,.T.);
#1178=ORIENTED_EDGE('',*,*,#911,.F.);
#1179=ORIENTED_EDGE('',*,*,#910,.F.);
#1180=ORIENTED_EDGE('',*,*,#912,.T.);
#1181=ORIENTED_EDGE('',*,*,#913,.F.);
#1182=ORIENTED_EDGE('',*,*,#912,.F.);
#1183=ORIENTED_EDGE('',*,*,#914,.F.);
#1184=ORIENTED_EDGE('',*,*,#915,.T.);
#1185=ORIENTED_EDGE('',*,*,#895,.F.);
#1186=ORIENTED_EDGE('',*,*,#916,.T.);
#1187=ORIENTED_EDGE('',*,*,#914,.T.);
#1188=ORIENTED_EDGE('',*,*,#916,.F.);
#1189=ORIENTED_EDGE('',*,*,#915,.F.);
#1190=ORIENTED_EDGE('',*,*,#917,.T.);
#1191=ORIENTED_EDGE('',*,*,#918,.F.);
#1192=ORIENTED_EDGE('',*,*,#917,.F.);
#1193=ORIENTED_EDGE('',*,*,#919,.F.);
#1194=ORIENTED_EDGE('',*,*,#920,.T.);
#1195=ORIENTED_EDGE('',*,*,#921,.F.);
#1196=ORIENTED_EDGE('',*,*,#808,.F.);
#1197=ORIENTED_EDGE('',*,*,#839,.T.);
#1198=ORIENTED_EDGE('',*,*,#922,.F.);
#1199=ORIENTED_EDGE('',*,*,#923,.F.);
#1200=ORIENTED_EDGE('',*,*,#924,.F.);
#1201=ORIENTED_EDGE('',*,*,#793,.T.);
#1202=ORIENTED_EDGE('',*,*,#843,.T.);
#1203=ORIENTED_EDGE('',*,*,#925,.F.);
#1204=ORIENTED_EDGE('',*,*,#926,.F.);
#1205=ORIENTED_EDGE('',*,*,#927,.F.);
#1206=ORIENTED_EDGE('',*,*,#827,.T.);
#1207=ORIENTED_EDGE('',*,*,#928,.F.);
#1208=ORIENTED_EDGE('',*,*,#923,.T.);
#1209=ORIENTED_EDGE('',*,*,#929,.F.);
#1210=ORIENTED_EDGE('',*,*,#920,.F.);
#1211=ORIENTED_EDGE('',*,*,#930,.F.);
#1212=ORIENTED_EDGE('',*,*,#931,.F.);
#1213=ORIENTED_EDGE('',*,*,#804,.F.);
#1214=ORIENTED_EDGE('',*,*,#932,.F.);
#1215=ORIENTED_EDGE('',*,*,#933,.T.);
#1216=ORIENTED_EDGE('',*,*,#934,.F.);
#1217=ORIENTED_EDGE('',*,*,#933,.F.);
#1218=ORIENTED_EDGE('',*,*,#935,.F.);
#1219=ORIENTED_EDGE('',*,*,#926,.T.);
#1220=ORIENTED_EDGE('',*,*,#936,.F.);
#1221=ORIENTED_EDGE('',*,*,#927,.T.);
#1222=ORIENTED_EDGE('',*,*,#935,.T.);
#1223=ORIENTED_EDGE('',*,*,#932,.T.);
#1224=ORIENTED_EDGE('',*,*,#803,.F.);
#1225=ORIENTED_EDGE('',*,*,#937,.F.);
#1226=ORIENTED_EDGE('',*,*,#938,.F.);
#1227=ORIENTED_EDGE('',*,*,#939,.F.);
#1228=ORIENTED_EDGE('',*,*,#824,.F.);
#1229=ORIENTED_EDGE('',*,*,#924,.T.);
#1230=ORIENTED_EDGE('',*,*,#928,.T.);
#1231=ORIENTED_EDGE('',*,*,#919,.T.);
#1232=ORIENTED_EDGE('',*,*,#807,.F.);
#1233=ORIENTED_EDGE('',*,*,#940,.F.);
#1234=ORIENTED_EDGE('',*,*,#941,.F.);
#1235=ORIENTED_EDGE('',*,*,#845,.F.);
#1236=ORIENTED_EDGE('',*,*,#794,.F.);
#1237=ORIENTED_EDGE('',*,*,#838,.T.);
#1238=ORIENTED_EDGE('',*,*,#847,.F.);
#1239=ORIENTED_EDGE('',*,*,#942,.F.);
#1240=ORIENTED_EDGE('',*,*,#943,.F.);
#1241=ORIENTED_EDGE('',*,*,#809,.F.);
#1242=ORIENTED_EDGE('',*,*,#921,.T.);
#1243=ORIENTED_EDGE('',*,*,#929,.T.);
#1244=ORIENTED_EDGE('',*,*,#922,.T.);
#1245=ORIENTED_EDGE('',*,*,#943,.T.);
#1246=ORIENTED_EDGE('',*,*,#944,.F.);
#1247=ORIENTED_EDGE('',*,*,#940,.T.);
#1248=ORIENTED_EDGE('',*,*,#875,.T.);
#1249=ORIENTED_EDGE('',*,*,#945,.T.);
#1250=ORIENTED_EDGE('',*,*,#946,.F.);
#1251=ORIENTED_EDGE('',*,*,#937,.T.);
#1252=ORIENTED_EDGE('',*,*,#876,.T.);
#1253=ORIENTED_EDGE('',*,*,#939,.T.);
#1254=ORIENTED_EDGE('',*,*,#947,.F.);
#1255=ORIENTED_EDGE('',*,*,#948,.T.);
#1256=ORIENTED_EDGE('',*,*,#825,.T.);
#1257=ORIENTED_EDGE('',*,*,#949,.F.);
#1258=ORIENTED_EDGE('',*,*,#950,.T.);
#1259=ORIENTED_EDGE('',*,*,#936,.T.);
#1260=ORIENTED_EDGE('',*,*,#950,.F.);
#1261=ORIENTED_EDGE('',*,*,#925,.T.);
#1262=ORIENTED_EDGE('',*,*,#826,.F.);
#1263=ORIENTED_EDGE('',*,*,#948,.F.);
#1264=ORIENTED_EDGE('',*,*,#951,.F.);
#1265=ORIENTED_EDGE('',*,*,#945,.F.);
#1266=ORIENTED_EDGE('',*,*,#805,.F.);
#1267=ORIENTED_EDGE('',*,*,#931,.T.);
#1268=ORIENTED_EDGE('',*,*,#934,.T.);
#1269=ORIENTED_EDGE('',*,*,#946,.T.);
#1270=ORIENTED_EDGE('',*,*,#951,.T.);
#1271=ORIENTED_EDGE('',*,*,#947,.T.);
#1272=ORIENTED_EDGE('',*,*,#938,.T.);
#1273=ORIENTED_EDGE('',*,*,#949,.T.);
#1274=ORIENTED_EDGE('',*,*,#952,.F.);
#1275=ORIENTED_EDGE('',*,*,#953,.T.);
#1276=ORIENTED_EDGE('',*,*,#930,.T.);
#1277=ORIENTED_EDGE('',*,*,#953,.F.);
#1278=ORIENTED_EDGE('',*,*,#942,.T.);
#1279=ORIENTED_EDGE('',*,*,#846,.T.);
#1280=ORIENTED_EDGE('',*,*,#941,.T.);
#1281=ORIENTED_EDGE('',*,*,#944,.T.);
#1282=ORIENTED_EDGE('',*,*,#952,.T.);
#1283=ORIENTED_EDGE('',*,*,#954,.F.);
#1284=ORIENTED_EDGE('',*,*,#955,.T.);
#1285=ORIENTED_EDGE('',*,*,#864,.F.);
#1286=ORIENTED_EDGE('',*,*,#956,.T.);
#1287=ORIENTED_EDGE('',*,*,#954,.T.);
#1288=ORIENTED_EDGE('',*,*,#956,.F.);
#1289=ORIENTED_EDGE('',*,*,#955,.F.);
#1290=ORIENTED_EDGE('',*,*,#957,.T.);
#1291=ORIENTED_EDGE('',*,*,#817,.F.);
#1292=ORIENTED_EDGE('',*,*,#957,.F.);
#1293=ORIENTED_EDGE('',*,*,#958,.F.);
#1294=ORIENTED_EDGE('',*,*,#959,.T.);
#1295=ORIENTED_EDGE('',*,*,#865,.F.);
#1296=ORIENTED_EDGE('',*,*,#960,.T.);
#1297=ORIENTED_EDGE('',*,*,#958,.T.);
#1298=ORIENTED_EDGE('',*,*,#960,.F.);
#1299=ORIENTED_EDGE('',*,*,#959,.F.);
#1300=ORIENTED_EDGE('',*,*,#961,.T.);
#1301=ORIENTED_EDGE('',*,*,#818,.F.);
#1302=ORIENTED_EDGE('',*,*,#961,.F.);
#1303=ORIENTED_EDGE('',*,*,#962,.F.);
#1304=ORIENTED_EDGE('',*,*,#963,.T.);
#1305=ORIENTED_EDGE('',*,*,#866,.F.);
#1306=ORIENTED_EDGE('',*,*,#964,.T.);
#1307=ORIENTED_EDGE('',*,*,#962,.T.);
#1308=ORIENTED_EDGE('',*,*,#964,.F.);
#1309=ORIENTED_EDGE('',*,*,#963,.F.);
#1310=ORIENTED_EDGE('',*,*,#965,.T.);
#1311=ORIENTED_EDGE('',*,*,#819,.F.);
#1312=ORIENTED_EDGE('',*,*,#965,.F.);
#1313=ORIENTED_EDGE('',*,*,#966,.F.);
#1314=ORIENTED_EDGE('',*,*,#967,.T.);
#1315=ORIENTED_EDGE('',*,*,#867,.F.);
#1316=ORIENTED_EDGE('',*,*,#968,.T.);
#1317=ORIENTED_EDGE('',*,*,#966,.T.);
#1318=ORIENTED_EDGE('',*,*,#968,.F.);
#1319=ORIENTED_EDGE('',*,*,#967,.F.);
#1320=ORIENTED_EDGE('',*,*,#969,.T.);
#1321=ORIENTED_EDGE('',*,*,#820,.F.);
#1322=ORIENTED_EDGE('',*,*,#969,.F.);
#1323=ORIENTED_EDGE('',*,*,#970,.F.);
#1324=ORIENTED_EDGE('',*,*,#971,.T.);
#1325=ORIENTED_EDGE('',*,*,#868,.F.);
#1326=ORIENTED_EDGE('',*,*,#972,.T.);
#1327=ORIENTED_EDGE('',*,*,#970,.T.);
#1328=ORIENTED_EDGE('',*,*,#972,.F.);
#1329=ORIENTED_EDGE('',*,*,#971,.F.);
#1330=ORIENTED_EDGE('',*,*,#973,.T.);
#1331=ORIENTED_EDGE('',*,*,#821,.F.);
#1332=ORIENTED_EDGE('',*,*,#973,.F.);
#1333=ORIENTED_EDGE('',*,*,#974,.F.);
#1334=ORIENTED_EDGE('',*,*,#975,.T.);
#1335=ORIENTED_EDGE('',*,*,#869,.F.);
#1336=ORIENTED_EDGE('',*,*,#976,.T.);
#1337=ORIENTED_EDGE('',*,*,#974,.T.);
#1338=ORIENTED_EDGE('',*,*,#976,.F.);
#1339=ORIENTED_EDGE('',*,*,#975,.F.);
#1340=ORIENTED_EDGE('',*,*,#977,.T.);
#1341=ORIENTED_EDGE('',*,*,#822,.F.);
#1342=ORIENTED_EDGE('',*,*,#977,.F.);
#1343=ORIENTED_EDGE('',*,*,#978,.F.);
#1344=ORIENTED_EDGE('',*,*,#979,.F.);
#1345=ORIENTED_EDGE('',*,*,#855,.F.);
#1346=ORIENTED_EDGE('',*,*,#980,.F.);
#1347=ORIENTED_EDGE('',*,*,#979,.T.);
#1348=ORIENTED_EDGE('',*,*,#981,.T.);
#1349=ORIENTED_EDGE('',*,*,#982,.F.);
#1350=ORIENTED_EDGE('',*,*,#856,.F.);
#1351=ORIENTED_EDGE('',*,*,#878,.T.);
#1352=ORIENTED_EDGE('',*,*,#858,.F.);
#1353=ORIENTED_EDGE('',*,*,#983,.F.);
#1354=ORIENTED_EDGE('',*,*,#984,.F.);
#1355=ORIENTED_EDGE('',*,*,#879,.T.);
#1356=ORIENTED_EDGE('',*,*,#984,.T.);
#1357=ORIENTED_EDGE('',*,*,#985,.F.);
#1358=ORIENTED_EDGE('',*,*,#986,.F.);
#1359=ORIENTED_EDGE('',*,*,#880,.T.);
#1360=ORIENTED_EDGE('',*,*,#986,.T.);
#1361=ORIENTED_EDGE('',*,*,#987,.F.);
#1362=ORIENTED_EDGE('',*,*,#852,.F.);
#1363=ORIENTED_EDGE('',*,*,#980,.T.);
#1364=ORIENTED_EDGE('',*,*,#854,.F.);
#1365=ORIENTED_EDGE('',*,*,#988,.F.);
#1366=ORIENTED_EDGE('',*,*,#989,.F.);
#1367=ORIENTED_EDGE('',*,*,#978,.T.);
#1368=ORIENTED_EDGE('',*,*,#989,.T.);
#1369=ORIENTED_EDGE('',*,*,#990,.F.);
#1370=ORIENTED_EDGE('',*,*,#981,.F.);
#1371=ORIENTED_EDGE('',*,*,#982,.T.);
#1372=ORIENTED_EDGE('',*,*,#990,.T.);
#1373=ORIENTED_EDGE('',*,*,#988,.T.);
#1374=ORIENTED_EDGE('',*,*,#853,.F.);
#1375=ORIENTED_EDGE('',*,*,#987,.T.);
#1376=ORIENTED_EDGE('',*,*,#985,.T.);
#1377=ORIENTED_EDGE('',*,*,#983,.T.);
#1378=ORIENTED_EDGE('',*,*,#857,.F.);
#1379=ORIENTED_EDGE('',*,*,#872,.T.);
#1380=ORIENTED_EDGE('',*,*,#991,.T.);
#1381=ORIENTED_EDGE('',*,*,#816,.F.);
#1382=ORIENTED_EDGE('',*,*,#992,.F.);
#1383=ORIENTED_EDGE('',*,*,#873,.T.);
#1384=ORIENTED_EDGE('',*,*,#992,.T.);
#1385=ORIENTED_EDGE('',*,*,#815,.F.);
#1386=ORIENTED_EDGE('',*,*,#993,.F.);
#1387=ORIENTED_EDGE('',*,*,#874,.T.);
#1388=ORIENTED_EDGE('',*,*,#993,.T.);
#1389=ORIENTED_EDGE('',*,*,#814,.F.);
#1390=ORIENTED_EDGE('',*,*,#994,.F.);
#1391=ORIENTED_EDGE('',*,*,#871,.T.);
#1392=ORIENTED_EDGE('',*,*,#994,.T.);
#1393=ORIENTED_EDGE('',*,*,#813,.F.);
#1394=ORIENTED_EDGE('',*,*,#991,.F.);
#1395=ORIENTED_EDGE('',*,*,#823,.F.);
#1396=ORIENTED_EDGE('',*,*,#995,.T.);
#1397=ORIENTED_EDGE('',*,*,#870,.T.);
#1398=ORIENTED_EDGE('',*,*,#995,.F.);
#1399=ORIENTED_EDGE('',*,*,#884,.F.);
#1400=ORIENTED_EDGE('',*,*,#888,.F.);
#1401=ORIENTED_EDGE('',*,*,#896,.F.);
#1402=ORIENTED_EDGE('',*,*,#898,.F.);
#1403=ORIENTED_EDGE('',*,*,#862,.F.);
#1404=ORIENTED_EDGE('',*,*,#996,.T.);
#1405=ORIENTED_EDGE('',*,*,#903,.T.);
#1406=ORIENTED_EDGE('',*,*,#908,.T.);
#1407=ORIENTED_EDGE('',*,*,#913,.T.);
#1408=ORIENTED_EDGE('',*,*,#918,.T.);
#1409=ORIENTED_EDGE('',*,*,#881,.F.);
#1410=ORIENTED_EDGE('',*,*,#800,.F.);
#1411=ORIENTED_EDGE('',*,*,#889,.T.);
#1412=ORIENTED_EDGE('',*,*,#885,.F.);
#1413=ORIENTED_EDGE('',*,*,#996,.F.);
#1414=ORIENTED_EDGE('',*,*,#861,.F.);
#1415=PLANE('',#1564);
#1416=PLANE('',#1565);
#1417=PLANE('',#1575);
#1418=PLANE('',#1579);
#1419=PLANE('',#1583);
#1420=PLANE('',#1584);
#1421=PLANE('',#1585);
#1422=PLANE('',#1586);
#1423=PLANE('',#1587);
#1424=PLANE('',#1590);
#1425=PLANE('',#1599);
#1426=PLANE('',#1604);
#1427=PLANE('',#1605);
#1428=PLANE('',#1613);
#1429=PLANE('',#1614);
#1430=PLANE('',#1620);
#1431=PLANE('',#1626);
#1432=PLANE('',#1632);
#1433=PLANE('',#1638);
#1434=PLANE('',#1639);
#1435=PLANE('',#1640);
#1436=PLANE('',#1641);
#1437=PLANE('',#1643);
#1438=PLANE('',#1644);
#1439=PLANE('',#1646);
#1440=PLANE('',#1647);
#1441=PLANE('',#1648);
#1442=PLANE('',#1649);
#1443=PLANE('',#1650);
#1444=PLANE('',#1651);
#1445=PLANE('',#1654);
#1446=PLANE('',#1655);
#1447=PLANE('',#1658);
#1448=PLANE('',#1659);
#1449=PLANE('',#1664);
#1450=PLANE('',#1669);
#1451=PLANE('',#1674);
#1452=PLANE('',#1679);
#1453=PLANE('',#1684);
#1454=PLANE('',#1689);
#1455=PLANE('',#1690);
#1456=PLANE('',#1691);
#1457=PLANE('',#1692);
#1458=PLANE('',#1693);
#1459=PLANE('',#1694);
#1460=PLANE('',#1695);
#1461=PLANE('',#1696);
#1462=PLANE('',#1697);
#1463=PLANE('',#1698);
#1464=PLANE('',#1699);
#1465=PLANE('',#1700);
#1466=PLANE('',#1702);
#1467=PLANE('',#1703);
#1468=ADVANCED_FACE('',(#143),#1415,.T.);
#1469=ADVANCED_FACE('',(#144,#44,#45,#46,#47,#48,#49,#50,#51,#52),#1416,
 .T.);
#1470=ADVANCED_FACE('',(#145),#1417,.T.);
#1471=ADVANCED_FACE('',(#146),#15,.F.);
#1472=ADVANCED_FACE('',(#147),#1418,.T.);
#1473=ADVANCED_FACE('',(#148),#16,.F.);
#1474=ADVANCED_FACE('',(#149),#1419,.T.);
#1475=ADVANCED_FACE('',(#150),#1420,.T.);
#1476=ADVANCED_FACE('',(#151),#1421,.T.);
#1477=ADVANCED_FACE('',(#152),#1422,.T.);
#1478=ADVANCED_FACE('',(#153),#1423,.T.);
#1479=ADVANCED_FACE('',(#154),#17,.T.);
#1480=ADVANCED_FACE('',(#155,#53,#54,#55,#56,#57,#58,#59,#60),#1424,.F.);
#1481=ADVANCED_FACE('',(#156),#1425,.T.);
#1482=ADVANCED_FACE('',(#157),#18,.T.);
#1483=ADVANCED_FACE('',(#158),#19,.T.);
#1484=ADVANCED_FACE('',(#159),#1426,.T.);
#1485=ADVANCED_FACE('',(#160,#61,#62,#63,#64),#1427,.T.);
#1486=ADVANCED_FACE('',(#161),#20,.T.);
#1487=ADVANCED_FACE('',(#162,#65,#66),#1428,.T.);
#1488=ADVANCED_FACE('',(#163,#67),#1429,.F.);
#1489=ADVANCED_FACE('',(#164),#21,.F.);
#1490=ADVANCED_FACE('',(#165),#22,.F.);
#1491=ADVANCED_FACE('',(#166,#68),#1430,.F.);
#1492=ADVANCED_FACE('',(#167),#23,.F.);
#1493=ADVANCED_FACE('',(#168),#24,.F.);
#1494=ADVANCED_FACE('',(#169,#69),#1431,.F.);
#1495=ADVANCED_FACE('',(#170),#25,.F.);
#1496=ADVANCED_FACE('',(#171),#26,.F.);
#1497=ADVANCED_FACE('',(#172,#70),#1432,.F.);
#1498=ADVANCED_FACE('',(#173),#27,.F.);
#1499=ADVANCED_FACE('',(#174),#28,.F.);
#1500=ADVANCED_FACE('',(#175),#1433,.F.);
#1501=ADVANCED_FACE('',(#176),#1434,.F.);
#1502=ADVANCED_FACE('',(#177),#1435,.F.);
#1503=ADVANCED_FACE('',(#178,#71),#1436,.F.);
#1504=ADVANCED_FACE('',(#179),#1437,.F.);
#1505=ADVANCED_FACE('',(#180,#72),#1438,.F.);
#1506=ADVANCED_FACE('',(#181),#1439,.T.);
#1507=ADVANCED_FACE('',(#182),#1440,.T.);
#1508=ADVANCED_FACE('',(#183),#1441,.T.);
#1509=ADVANCED_FACE('',(#184),#1442,.T.);
#1510=ADVANCED_FACE('',(#185),#1443,.T.);
#1511=ADVANCED_FACE('',(#186),#1444,.T.);
#1512=ADVANCED_FACE('',(#187),#29,.F.);
#1513=ADVANCED_FACE('',(#188),#1445,.T.);
#1514=ADVANCED_FACE('',(#189,#73),#1446,.T.);
#1515=ADVANCED_FACE('',(#190),#30,.F.);
#1516=ADVANCED_FACE('',(#191,#74),#1447,.T.);
#1517=ADVANCED_FACE('',(#192,#75),#1448,.F.);
#1518=ADVANCED_FACE('',(#193),#31,.F.);
#1519=ADVANCED_FACE('',(#194),#32,.F.);
#1520=ADVANCED_FACE('',(#195,#76),#1449,.F.);
#1521=ADVANCED_FACE('',(#196),#33,.F.);
#1522=ADVANCED_FACE('',(#197),#34,.F.);
#1523=ADVANCED_FACE('',(#198,#77),#1450,.F.);
#1524=ADVANCED_FACE('',(#199),#35,.F.);
#1525=ADVANCED_FACE('',(#200),#36,.F.);
#1526=ADVANCED_FACE('',(#201,#78),#1451,.F.);
#1527=ADVANCED_FACE('',(#202),#37,.F.);
#1528=ADVANCED_FACE('',(#203),#38,.F.);
#1529=ADVANCED_FACE('',(#204,#79),#1452,.F.);
#1530=ADVANCED_FACE('',(#205),#39,.F.);
#1531=ADVANCED_FACE('',(#206),#40,.F.);
#1532=ADVANCED_FACE('',(#207,#80),#1453,.F.);
#1533=ADVANCED_FACE('',(#208),#41,.F.);
#1534=ADVANCED_FACE('',(#209),#42,.F.);
#1535=ADVANCED_FACE('',(#210),#1454,.T.);
#1536=ADVANCED_FACE('',(#211),#1455,.T.);
#1537=ADVANCED_FACE('',(#212),#1456,.T.);
#1538=ADVANCED_FACE('',(#213),#1457,.T.);
#1539=ADVANCED_FACE('',(#214),#1458,.T.);
#1540=ADVANCED_FACE('',(#215),#1459,.T.);
#1541=ADVANCED_FACE('',(#216),#1460,.T.);
#1542=ADVANCED_FACE('',(#217),#1461,.T.);
#1543=ADVANCED_FACE('',(#218),#1462,.T.);
#1544=ADVANCED_FACE('',(#219),#1463,.T.);
#1545=ADVANCED_FACE('',(#220),#1464,.T.);
#1546=ADVANCED_FACE('',(#221),#1465,.T.);
#1547=ADVANCED_FACE('',(#222),#43,.F.);
#1548=ADVANCED_FACE('',(#223,#81,#82,#83,#84),#1466,.T.);
#1549=ADVANCED_FACE('',(#224),#1467,.T.);
#1550=CLOSED_SHELL('',(#1468,#1469,#1470,#1471,#1472,#1473,#1474,#1475,
#1476,#1477,#1478,#1479,#1480,#1481,#1482,#1483,#1484,#1485,#1486,#1487,
#1488,#1489,#1490,#1491,#1492,#1493,#1494,#1495,#1496,#1497,#1498,#1499,
#1500,#1501,#1502,#1503,#1504,#1505,#1506,#1507,#1508,#1509,#1510,#1511,
#1512,#1513,#1514,#1515,#1516,#1517,#1518,#1519,#1520,#1521,#1522,#1523,
#1524,#1525,#1526,#1527,#1528,#1529,#1530,#1531,#1532,#1533,#1534,#1535,
#1536,#1537,#1538,#1539,#1540,#1541,#1542,#1543,#1544,#1545,#1546,#1547,
#1548,#1549));
#1551=DERIVED_UNIT_ELEMENT(#1553,1.);
#1552=DERIVED_UNIT_ELEMENT(#2572,-3.);
#1553=(
MASS_UNIT()
NAMED_UNIT(*)
SI_UNIT(.KILO.,.GRAM.)
);
#1554=DERIVED_UNIT((#1551,#1552));
#1555=MEASURE_REPRESENTATION_ITEM('density measure',
POSITIVE_RATIO_MEASURE(7850.),#1554);
#1556=PROPERTY_DEFINITION_REPRESENTATION(#1561,#1558);
#1557=PROPERTY_DEFINITION_REPRESENTATION(#1562,#1559);
#1558=REPRESENTATION('material name',(#1560),#2569);
#1559=REPRESENTATION('density',(#1555),#2569);
#1560=DESCRIPTIVE_REPRESENTATION_ITEM('Stahl','Stahl');
#1561=PROPERTY_DEFINITION('material property','material name',#2579);
#1562=PROPERTY_DEFINITION('material property','density of part',#2579);
#1563=AXIS2_PLACEMENT_3D('',#2137,#1704,#1705);
#1564=AXIS2_PLACEMENT_3D('',#2138,#1706,#1707);
#1565=AXIS2_PLACEMENT_3D('',#2147,#1712,#1713);
#1566=AXIS2_PLACEMENT_3D('',#2167,#1723,#1724);
#1567=AXIS2_PLACEMENT_3D('',#2187,#1734,#1735);
#1568=AXIS2_PLACEMENT_3D('',#2198,#1741,#1742);
#1569=AXIS2_PLACEMENT_3D('',#2200,#1743,#1744);
#1570=AXIS2_PLACEMENT_3D('',#2202,#1745,#1746);
#1571=AXIS2_PLACEMENT_3D('',#2204,#1747,#1748);
#1572=AXIS2_PLACEMENT_3D('',#2206,#1749,#1750);
#1573=AXIS2_PLACEMENT_3D('',#2208,#1751,#1752);
#1574=AXIS2_PLACEMENT_3D('',#2210,#1753,#1754);
#1575=AXIS2_PLACEMENT_3D('',#2219,#1759,#1760);
#1576=AXIS2_PLACEMENT_3D('',#2225,#1764,#1765);
#1577=AXIS2_PLACEMENT_3D('',#2227,#1766,#1767);
#1578=AXIS2_PLACEMENT_3D('',#2230,#1769,#1770);
#1579=AXIS2_PLACEMENT_3D('',#2231,#1771,#1772);
#1580=AXIS2_PLACEMENT_3D('',#2232,#1773,#1774);
#1581=AXIS2_PLACEMENT_3D('',#2234,#1775,#1776);
#1582=AXIS2_PLACEMENT_3D('',#2237,#1778,#1779);
#1583=AXIS2_PLACEMENT_3D('',#2238,#1780,#1781);
#1584=AXIS2_PLACEMENT_3D('',#2239,#1782,#1783);
#1585=AXIS2_PLACEMENT_3D('',#2250,#1790,#1791);
#1586=AXIS2_PLACEMENT_3D('',#2252,#1793,#1794);
#1587=AXIS2_PLACEMENT_3D('',#2254,#1796,#1797);
#1588=AXIS2_PLACEMENT_3D('',#2260,#1801,#1802);
#1589=AXIS2_PLACEMENT_3D('',#2264,#1804,#1805);
#1590=AXIS2_PLACEMENT_3D('',#2266,#1807,#1808);
#1591=AXIS2_PLACEMENT_3D('',#2286,#1818,#1819);
#1592=AXIS2_PLACEMENT_3D('',#2293,#1823,#1824);
#1593=AXIS2_PLACEMENT_3D('',#2295,#1825,#1826);
#1594=AXIS2_PLACEMENT_3D('',#2297,#1827,#1828);
#1595=AXIS2_PLACEMENT_3D('',#2299,#1829,#1830);
#1596=AXIS2_PLACEMENT_3D('',#2301,#1831,#1832);
#1597=AXIS2_PLACEMENT_3D('',#2303,#1833,#1834);
#1598=AXIS2_PLACEMENT_3D('',#2305,#1835,#1836);
#1599=AXIS2_PLACEMENT_3D('',#2314,#1841,#1842);
#1600=AXIS2_PLACEMENT_3D('',#2323,#1849,#1850);
#1601=AXIS2_PLACEMENT_3D('',#2325,#1852,#1853);
#1602=AXIS2_PLACEMENT_3D('',#2328,#1854,#1855);
#1603=AXIS2_PLACEMENT_3D('',#2332,#1857,#1858);
#1604=AXIS2_PLACEMENT_3D('',#2334,#1860,#1861);
#1605=AXIS2_PLACEMENT_3D('',#2340,#1865,#1866);
#1606=AXIS2_PLACEMENT_3D('',#2344,#1869,#1870);
#1607=AXIS2_PLACEMENT_3D('',#2346,#1871,#1872);
#1608=AXIS2_PLACEMENT_3D('',#2348,#1873,#1874);
#1609=AXIS2_PLACEMENT_3D('',#2350,#1875,#1876);
#1610=AXIS2_PLACEMENT_3D('',#2352,#1877,#1878);
#1611=AXIS2_PLACEMENT_3D('',#2353,#1879,#1880);
#1612=AXIS2_PLACEMENT_3D('',#2355,#1881,#1882);
#1613=AXIS2_PLACEMENT_3D('',#2357,#1884,#1885);
#1614=AXIS2_PLACEMENT_3D('',#2359,#1887,#1888);
#1615=AXIS2_PLACEMENT_3D('',#2361,#1889,#1890);
#1616=AXIS2_PLACEMENT_3D('',#2363,#1891,#1892);
#1617=AXIS2_PLACEMENT_3D('',#2364,#1893,#1894);
#1618=AXIS2_PLACEMENT_3D('',#2366,#1896,#1897);
#1619=AXIS2_PLACEMENT_3D('',#2369,#1899,#1900);
#1620=AXIS2_PLACEMENT_3D('',#2370,#1901,#1902);
#1621=AXIS2_PLACEMENT_3D('',#2372,#1903,#1904);
#1622=AXIS2_PLACEMENT_3D('',#2374,#1905,#1906);
#1623=AXIS2_PLACEMENT_3D('',#2375,#1907,#1908);
#1624=AXIS2_PLACEMENT_3D('',#2377,#1910,#1911);
#1625=AXIS2_PLACEMENT_3D('',#2380,#1913,#1914);
#1626=AXIS2_PLACEMENT_3D('',#2381,#1915,#1916);
#1627=AXIS2_PLACEMENT_3D('',#2383,#1917,#1918);
#1628=AXIS2_PLACEMENT_3D('',#2385,#1919,#1920);
#1629=AXIS2_PLACEMENT_3D('',#2386,#1921,#1922);
#1630=AXIS2_PLACEMENT_3D('',#2388,#1924,#1925);
#1631=AXIS2_PLACEMENT_3D('',#2391,#1927,#1928);
#1632=AXIS2_PLACEMENT_3D('',#2392,#1929,#1930);
#1633=AXIS2_PLACEMENT_3D('',#2394,#1931,#1932);
#1634=AXIS2_PLACEMENT_3D('',#2396,#1933,#1934);
#1635=AXIS2_PLACEMENT_3D('',#2397,#1935,#1936);
#1636=AXIS2_PLACEMENT_3D('',#2399,#1938,#1939);
#1637=AXIS2_PLACEMENT_3D('',#2402,#1941,#1942);
#1638=AXIS2_PLACEMENT_3D('',#2403,#1943,#1944);
#1639=AXIS2_PLACEMENT_3D('',#2409,#1948,#1949);
#1640=AXIS2_PLACEMENT_3D('',#2415,#1953,#1954);
#1641=AXIS2_PLACEMENT_3D('',#2421,#1958,#1959);
#1642=AXIS2_PLACEMENT_3D('',#2425,#1962,#1963);
#1643=AXIS2_PLACEMENT_3D('',#2426,#1964,#1965);
#1644=AXIS2_PLACEMENT_3D('',#2432,#1969,#1970);
#1645=AXIS2_PLACEMENT_3D('',#2436,#1973,#1974);
#1646=AXIS2_PLACEMENT_3D('',#2437,#1975,#1976);
#1647=AXIS2_PLACEMENT_3D('',#2443,#1980,#1981);
#1648=AXIS2_PLACEMENT_3D('',#2447,#1984,#1985);
#1649=AXIS2_PLACEMENT_3D('',#2451,#1988,#1989);
#1650=AXIS2_PLACEMENT_3D('',#2453,#1991,#1992);
#1651=AXIS2_PLACEMENT_3D('',#2457,#1995,#1996);
#1652=AXIS2_PLACEMENT_3D('',#2461,#1999,#2000);
#1653=AXIS2_PLACEMENT_3D('',#2463,#2001,#2002);
#1654=AXIS2_PLACEMENT_3D('',#2465,#2004,#2005);
#1655=AXIS2_PLACEMENT_3D('',#2467,#2007,#2008);
#1656=AXIS2_PLACEMENT_3D('',#2468,#2009,#2010);
#1657=AXIS2_PLACEMENT_3D('',#2470,#2011,#2012);
#1658=AXIS2_PLACEMENT_3D('',#2472,#2014,#2015);
#1659=AXIS2_PLACEMENT_3D('',#2473,#2016,#2017);
#1660=AXIS2_PLACEMENT_3D('',#2475,#2018,#2019);
#1661=AXIS2_PLACEMENT_3D('',#2477,#2020,#2021);
#1662=AXIS2_PLACEMENT_3D('',#2478,#2022,#2023);
#1663=AXIS2_PLACEMENT_3D('',#2480,#2025,#2026);
#1664=AXIS2_PLACEMENT_3D('',#2482,#2028,#2029);
#1665=AXIS2_PLACEMENT_3D('',#2484,#2030,#2031);
#1666=AXIS2_PLACEMENT_3D('',#2486,#2032,#2033);
#1667=AXIS2_PLACEMENT_3D('',#2487,#2034,#2035);
#1668=AXIS2_PLACEMENT_3D('',#2489,#2037,#2038);
#1669=AXIS2_PLACEMENT_3D('',#2491,#2040,#2041);
#1670=AXIS2_PLACEMENT_3D('',#2493,#2042,#2043);
#1671=AXIS2_PLACEMENT_3D('',#2495,#2044,#2045);
#1672=AXIS2_PLACEMENT_3D('',#2496,#2046,#2047);
#1673=AXIS2_PLACEMENT_3D('',#2498,#2049,#2050);
#1674=AXIS2_PLACEMENT_3D('',#2500,#2052,#2053);
#1675=AXIS2_PLACEMENT_3D('',#2502,#2054,#2055);
#1676=AXIS2_PLACEMENT_3D('',#2504,#2056,#2057);
#1677=AXIS2_PLACEMENT_3D('',#2505,#2058,#2059);
#1678=AXIS2_PLACEMENT_3D('',#2507,#2061,#2062);
#1679=AXIS2_PLACEMENT_3D('',#2509,#2064,#2065);
#1680=AXIS2_PLACEMENT_3D('',#2511,#2066,#2067);
#1681=AXIS2_PLACEMENT_3D('',#2513,#2068,#2069);
#1682=AXIS2_PLACEMENT_3D('',#2514,#2070,#2071);
#1683=AXIS2_PLACEMENT_3D('',#2516,#2073,#2074);
#1684=AXIS2_PLACEMENT_3D('',#2518,#2076,#2077);
#1685=AXIS2_PLACEMENT_3D('',#2520,#2078,#2079);
#1686=AXIS2_PLACEMENT_3D('',#2522,#2080,#2081);
#1687=AXIS2_PLACEMENT_3D('',#2523,#2082,#2083);
#1688=AXIS2_PLACEMENT_3D('',#2525,#2085,#2086);
#1689=AXIS2_PLACEMENT_3D('',#2527,#2088,#2089);
#1690=AXIS2_PLACEMENT_3D('',#2533,#2093,#2094);
#1691=AXIS2_PLACEMENT_3D('',#2537,#2097,#2098);
#1692=AXIS2_PLACEMENT_3D('',#2541,#2101,#2102);
#1693=AXIS2_PLACEMENT_3D('',#2545,#2105,#2106);
#1694=AXIS2_PLACEMENT_3D('',#2547,#2108,#2109);
#1695=AXIS2_PLACEMENT_3D('',#2551,#2112,#2113);
#1696=AXIS2_PLACEMENT_3D('',#2553,#2115,#2116);
#1697=AXIS2_PLACEMENT_3D('',#2554,#2117,#2118);
#1698=AXIS2_PLACEMENT_3D('',#2557,#2121,#2122);
#1699=AXIS2_PLACEMENT_3D('',#2559,#2124,#2125);
#1700=AXIS2_PLACEMENT_3D('',#2561,#2127,#2128);
#1701=AXIS2_PLACEMENT_3D('',#2562,#2129,#2130);
#1702=AXIS2_PLACEMENT_3D('',#2564,#2132,#2133);
#1703=AXIS2_PLACEMENT_3D('',#2566,#2135,#2136);
#1704=DIRECTION('axis',(0.,0.,1.));
#1705=DIRECTION('refdir',(1.,0.,0.));
#1706=DIRECTION('center_axis',(0.,0.707106781186546,0.707106781186549));
#1707=DIRECTION('ref_axis',(1.,0.,0.));
#1708=DIRECTION('',(0.,0.707106781186549,-0.707106781186546));
#1709=DIRECTION('',(-1.,0.,0.));
#1710=DIRECTION('',(-1.14312744046457E-16,-0.707106781186549,0.707106781186546));
#1711=DIRECTION('',(1.,0.,0.));
#1712=DIRECTION('center_axis',(0.,0.,1.));
#1713=DIRECTION('ref_axis',(1.,0.,0.));
#1714=DIRECTION('',(0.,-1.,0.));
#1715=DIRECTION('',(-1.,3.5527136788005E-16,0.));
#1716=DIRECTION('',(2.22044604925031E-16,-1.,0.));
#1717=DIRECTION('',(1.,-3.5527136788005E-15,0.));
#1718=DIRECTION('',(0.,-1.,0.));
#1719=DIRECTION('',(1.,0.,0.));
#1720=DIRECTION('',(-1.61662632982584E-16,-1.,0.));
#1721=DIRECTION('',(1.,-9.25185853854297E-17,0.));
#1722=DIRECTION('',(6.83214169000096E-17,1.,0.));
#1723=DIRECTION('center_axis',(0.,0.,-1.));
#1724=DIRECTION('ref_axis',(0.707106781186547,0.707106781186547,0.));
#1725=DIRECTION('',(-1.,0.,0.));
#1726=DIRECTION('',(0.,-1.,0.));
#1727=DIRECTION('',(-1.,3.5527136788005E-16,0.));
#1728=DIRECTION('',(0.,1.,0.));
#1729=DIRECTION('',(-1.,0.,0.));
#1730=DIRECTION('',(2.22044604925031E-16,-1.,0.));
#1731=DIRECTION('',(-1.,3.5527136788005E-16,0.));
#1732=DIRECTION('',(-7.49400541621981E-15,1.,0.));
#1733=DIRECTION('',(-1.,0.,0.));
#1734=DIRECTION('center_axis',(0.,0.,-1.));
#1735=DIRECTION('ref_axis',(-0.707106781186548,0.707106781186547,0.));
#1736=DIRECTION('',(-1.61662632982584E-16,-1.,0.));
#1737=DIRECTION('',(1.,-5.55111512312572E-15,0.));
#1738=DIRECTION('',(-1.77635683940025E-15,-1.,0.));
#1739=DIRECTION('',(-1.,0.,0.));
#1740=DIRECTION('',(-1.77635683940025E-15,1.,0.));
#1741=DIRECTION('center_axis',(0.,0.,-1.));
#1742=DIRECTION('ref_axis',(-1.,0.,0.));
#1743=DIRECTION('center_axis',(0.,0.,-1.));
#1744=DIRECTION('ref_axis',(-1.,0.,0.));
#1745=DIRECTION('center_axis',(0.,0.,-1.));
#1746=DIRECTION('ref_axis',(-1.,0.,0.));
#1747=DIRECTION('center_axis',(0.,0.,-1.));
#1748=DIRECTION('ref_axis',(-1.,0.,0.));
#1749=DIRECTION('center_axis',(0.,0.,-1.));
#1750=DIRECTION('ref_axis',(-1.,0.,0.));
#1751=DIRECTION('center_axis',(0.,0.,-1.));
#1752=DIRECTION('ref_axis',(-1.,0.,0.));
#1753=DIRECTION('center_axis',(0.,0.,-1.));
#1754=DIRECTION('ref_axis',(1.,0.,0.));
#1755=DIRECTION('',(0.,-1.,0.));
#1756=DIRECTION('',(1.,0.,0.));
#1757=DIRECTION('',(0.,1.,0.));
#1758=DIRECTION('',(-1.,3.5527136788005E-16,0.));
#1759=DIRECTION('center_axis',(0.,-0.707106781186547,0.707106781186548));
#1760=DIRECTION('ref_axis',(1.,0.,0.));
#1761=DIRECTION('',(0.,0.707106781186548,0.707106781186547));
#1762=DIRECTION('',(1.,0.,0.));
#1763=DIRECTION('',(-1.14312744046457E-16,-0.707106781186548,-0.707106781186547));
#1764=DIRECTION('center_axis',(1.,0.,0.));
#1765=DIRECTION('ref_axis',(0.,1.,0.));
#1766=DIRECTION('center_axis',(1.,-1.61662632982584E-16,0.));
#1767=DIRECTION('ref_axis',(0.,1.,0.));
#1768=DIRECTION('',(1.,0.,0.));
#1769=DIRECTION('center_axis',(1.,-1.61662632982584E-16,0.));
#1770=DIRECTION('ref_axis',(0.,1.,0.));
#1771=DIRECTION('center_axis',(-1.,1.61662632982584E-16,0.));
#1772=DIRECTION('ref_axis',(0.,0.,1.));
#1773=DIRECTION('center_axis',(1.,0.,0.));
#1774=DIRECTION('ref_axis',(0.,1.,0.));
#1775=DIRECTION('center_axis',(1.,-1.61662632982584E-16,0.));
#1776=DIRECTION('ref_axis',(0.,1.,0.));
#1777=DIRECTION('',(1.,0.,0.));
#1778=DIRECTION('center_axis',(1.,-1.61662632982584E-16,0.));
#1779=DIRECTION('ref_axis',(0.,1.,0.));
#1780=DIRECTION('center_axis',(-1.,1.61662632982584E-16,0.));
#1781=DIRECTION('ref_axis',(0.,0.,1.));
#1782=DIRECTION('center_axis',(0.,-4.44089209850063E-17,1.));
#1783=DIRECTION('ref_axis',(-1.61662632982584E-16,-1.,-4.44089209850063E-17));
#1784=DIRECTION('',(1.,-3.5527136788005E-15,-1.57772181044202E-31));
#1785=DIRECTION('',(7.49400541621981E-15,-1.,-4.44089209850063E-17));
#1786=DIRECTION('',(-1.,3.5527136788005E-16,1.57772181044202E-32));
#1787=DIRECTION('',(-1.61662632982584E-16,-1.,-4.44089209850063E-17));
#1788=DIRECTION('',(-1.61662632982584E-16,-1.,-4.44089209850063E-17));
#1789=DIRECTION('',(-1.61662632982584E-16,-1.,-4.44089209850063E-17));
#1790=DIRECTION('center_axis',(1.,0.,0.));
#1791=DIRECTION('ref_axis',(0.,0.,-1.));
#1792=DIRECTION('',(0.,0.,1.));
#1793=DIRECTION('center_axis',(1.,0.,0.));
#1794=DIRECTION('ref_axis',(0.,0.,-1.));
#1795=DIRECTION('',(0.,-0.682318250360011,-0.731055268242869));
#1796=DIRECTION('center_axis',(-2.59723005144561E-15,-0.731055268242869,
0.682318250360011));
#1797=DIRECTION('ref_axis',(1.,0.,3.80647894157197E-15));
#1798=DIRECTION('',(-1.51505086334327E-16,0.682318250360011,0.731055268242869));
#1799=DIRECTION('',(1.,-3.5527136788005E-15,0.));
#1800=DIRECTION('',(5.11329666378355E-15,-0.682318250360011,-0.731055268242869));
#1801=DIRECTION('center_axis',(0.,0.,1.));
#1802=DIRECTION('ref_axis',(-0.707106781186548,0.707106781186547,0.));
#1803=DIRECTION('',(0.,0.,-1.));
#1804=DIRECTION('center_axis',(0.,0.,1.));
#1805=DIRECTION('ref_axis',(-0.707106781186548,0.707106781186547,0.));
#1806=DIRECTION('',(0.,0.,1.));
#1807=DIRECTION('center_axis',(0.,0.,1.));
#1808=DIRECTION('ref_axis',(1.,0.,0.));
#1809=DIRECTION('',(1.,0.,0.));
#1810=DIRECTION('',(0.,-1.,0.));
#1811=DIRECTION('',(1.,0.,0.));
#1812=DIRECTION('',(0.,1.,0.));
#1813=DIRECTION('',(1.,0.,0.));
#1814=DIRECTION('',(0.,-1.,0.));
#1815=DIRECTION('',(1.,0.,0.));
#1816=DIRECTION('',(0.,1.,0.));
#1817=DIRECTION('',(1.,0.,0.));
#1818=DIRECTION('center_axis',(0.,0.,1.));
#1819=DIRECTION('ref_axis',(0.707106781186547,0.707106781186547,0.));
#1820=DIRECTION('',(-6.83214169000096E-17,-1.,0.));
#1821=DIRECTION('',(-1.,-7.40148683083438E-17,0.));
#1822=DIRECTION('',(1.61662632982584E-16,1.,0.));
#1823=DIRECTION('center_axis',(0.,0.,1.));
#1824=DIRECTION('ref_axis',(-1.,0.,0.));
#1825=DIRECTION('center_axis',(0.,0.,1.));
#1826=DIRECTION('ref_axis',(-1.,0.,0.));
#1827=DIRECTION('center_axis',(0.,0.,1.));
#1828=DIRECTION('ref_axis',(-1.,0.,0.));
#1829=DIRECTION('center_axis',(0.,0.,1.));
#1830=DIRECTION('ref_axis',(-1.,0.,0.));
#1831=DIRECTION('center_axis',(0.,0.,1.));
#1832=DIRECTION('ref_axis',(-1.,0.,0.));
#1833=DIRECTION('center_axis',(0.,0.,1.));
#1834=DIRECTION('ref_axis',(-1.,0.,0.));
#1835=DIRECTION('center_axis',(0.,0.,-1.));
#1836=DIRECTION('ref_axis',(1.,0.,0.));
#1837=DIRECTION('',(1.,-5.55111512312572E-15,0.));
#1838=DIRECTION('',(-1.77635683940025E-15,1.,0.));
#1839=DIRECTION('',(-1.,0.,0.));
#1840=DIRECTION('',(-1.77635683940025E-15,-1.,0.));
#1841=DIRECTION('center_axis',(0.,1.,0.));
#1842=DIRECTION('ref_axis',(-1.,0.,0.));
#1843=DIRECTION('',(-1.,0.,0.));
#1844=DIRECTION('',(-1.,0.,0.));
#1845=DIRECTION('',(0.,0.,1.));
#1846=DIRECTION('',(0.,0.,1.));
#1847=DIRECTION('',(1.,0.,-3.28954970259306E-16));
#1848=DIRECTION('',(5.38289951333409E-16,0.,-1.));
#1849=DIRECTION('center_axis',(0.,0.,1.));
#1850=DIRECTION('ref_axis',(0.707106781186547,0.707106781186547,0.));
#1851=DIRECTION('',(0.,0.,-1.));
#1852=DIRECTION('center_axis',(6.83214169000096E-17,1.,0.));
#1853=DIRECTION('ref_axis',(0.707106781186547,-3.92523114670944E-17,0.707106781186547));
#1854=DIRECTION('center_axis',(-9.25185853854297E-17,-1.,0.));
#1855=DIRECTION('ref_axis',(0.707106781186547,-3.92523114670944E-17,0.707106781186547));
#1856=DIRECTION('',(-6.83214169000096E-17,-1.,0.));
#1857=DIRECTION('center_axis',(-7.40148683083438E-17,1.,0.));
#1858=DIRECTION('ref_axis',(0.707106781186547,-3.92523114670944E-17,0.707106781186547));
#1859=DIRECTION('',(6.83214169000096E-17,1.,0.));
#1860=DIRECTION('center_axis',(0.,0.,1.));
#1861=DIRECTION('ref_axis',(1.,0.,0.));
#1862=DIRECTION('',(-1.,9.25185853854297E-17,0.));
#1863=DIRECTION('',(1.61662632982584E-16,1.,0.));
#1864=DIRECTION('',(1.,7.40148683083438E-17,0.));
#1865=DIRECTION('center_axis',(9.25185853854297E-17,1.,0.));
#1866=DIRECTION('ref_axis',(-1.,9.25185853854297E-17,0.));
#1867=DIRECTION('',(0.,0.,1.));
#1868=DIRECTION('',(0.,0.,1.));
#1869=DIRECTION('center_axis',(-9.25185853854297E-17,-1.,0.));
#1870=DIRECTION('ref_axis',(-0.707106781186547,0.,0.707106781186547));
#1871=DIRECTION('center_axis',(-9.25185853854297E-17,-1.,0.));
#1872=DIRECTION('ref_axis',(0.,0.,1.));
#1873=DIRECTION('center_axis',(-9.25185853854297E-17,-1.,0.));
#1874=DIRECTION('ref_axis',(0.,0.,1.));
#1875=DIRECTION('center_axis',(-9.25185853854297E-17,-1.,0.));
#1876=DIRECTION('ref_axis',(0.,0.,1.));
#1877=DIRECTION('center_axis',(-9.25185853854297E-17,-1.,0.));
#1878=DIRECTION('ref_axis',(0.,0.,1.));
#1879=DIRECTION('center_axis',(-1.61662632982584E-16,-1.,0.));
#1880=DIRECTION('ref_axis',(-0.707106781186547,0.,0.707106781186547));
#1881=DIRECTION('center_axis',(-7.40148683083438E-17,1.,0.));
#1882=DIRECTION('ref_axis',(-0.707106781186547,0.,0.707106781186547));
#1883=DIRECTION('',(-1.61662632982584E-16,-1.,0.));
#1884=DIRECTION('center_axis',(-1.,1.61662632982584E-16,0.));
#1885=DIRECTION('ref_axis',(-1.61662632982584E-16,-1.,0.));
#1886=DIRECTION('',(0.,0.,1.));
#1887=DIRECTION('center_axis',(0.,-1.,0.));
#1888=DIRECTION('ref_axis',(0.,0.,1.));
#1889=DIRECTION('center_axis',(0.,-1.,0.));
#1890=DIRECTION('ref_axis',(0.,0.,1.));
#1891=DIRECTION('center_axis',(0.,-1.,0.));
#1892=DIRECTION('ref_axis',(0.,0.,1.));
#1893=DIRECTION('center_axis',(0.,-1.,0.));
#1894=DIRECTION('ref_axis',(0.,0.,1.));
#1895=DIRECTION('',(0.,-1.,0.));
#1896=DIRECTION('center_axis',(0.,-1.,0.));
#1897=DIRECTION('ref_axis',(0.,0.,1.));
#1898=DIRECTION('',(0.,-1.,0.));
#1899=DIRECTION('center_axis',(-7.40148683083438E-17,1.,0.));
#1900=DIRECTION('ref_axis',(0.,0.,1.));
#1901=DIRECTION('center_axis',(0.,-1.,0.));
#1902=DIRECTION('ref_axis',(0.,0.,1.));
#1903=DIRECTION('center_axis',(0.,-1.,0.));
#1904=DIRECTION('ref_axis',(0.,0.,1.));
#1905=DIRECTION('center_axis',(0.,-1.,0.));
#1906=DIRECTION('ref_axis',(0.,0.,1.));
#1907=DIRECTION('center_axis',(0.,-1.,0.));
#1908=DIRECTION('ref_axis',(0.,0.,1.));
#1909=DIRECTION('',(0.,-1.,0.));
#1910=DIRECTION('center_axis',(0.,-1.,0.));
#1911=DIRECTION('ref_axis',(0.,0.,1.));
#1912=DIRECTION('',(0.,-1.,0.));
#1913=DIRECTION('center_axis',(-7.40148683083438E-17,1.,0.));
#1914=DIRECTION('ref_axis',(0.,0.,1.));
#1915=DIRECTION('center_axis',(0.,-1.,0.));
#1916=DIRECTION('ref_axis',(0.,0.,1.));
#1917=DIRECTION('center_axis',(0.,-1.,0.));
#1918=DIRECTION('ref_axis',(0.,0.,1.));
#1919=DIRECTION('center_axis',(0.,-1.,0.));
#1920=DIRECTION('ref_axis',(0.,0.,1.));
#1921=DIRECTION('center_axis',(0.,-1.,0.));
#1922=DIRECTION('ref_axis',(0.,0.,1.));
#1923=DIRECTION('',(0.,-1.,0.));
#1924=DIRECTION('center_axis',(0.,-1.,0.));
#1925=DIRECTION('ref_axis',(0.,0.,1.));
#1926=DIRECTION('',(0.,-1.,0.));
#1927=DIRECTION('center_axis',(-7.40148683083438E-17,1.,0.));
#1928=DIRECTION('ref_axis',(0.,0.,1.));
#1929=DIRECTION('center_axis',(0.,-1.,0.));
#1930=DIRECTION('ref_axis',(0.,0.,1.));
#1931=DIRECTION('center_axis',(0.,-1.,0.));
#1932=DIRECTION('ref_axis',(0.,0.,1.));
#1933=DIRECTION('center_axis',(0.,-1.,0.));
#1934=DIRECTION('ref_axis',(0.,0.,1.));
#1935=DIRECTION('center_axis',(0.,-1.,0.));
#1936=DIRECTION('ref_axis',(0.,0.,1.));
#1937=DIRECTION('',(0.,-1.,0.));
#1938=DIRECTION('center_axis',(0.,-1.,0.));
#1939=DIRECTION('ref_axis',(0.,0.,1.));
#1940=DIRECTION('',(0.,-1.,0.));
#1941=DIRECTION('center_axis',(-7.40148683083438E-17,1.,0.));
#1942=DIRECTION('ref_axis',(0.,0.,1.));
#1943=DIRECTION('center_axis',(3.5527136788005E-16,1.,0.));
#1944=DIRECTION('ref_axis',(0.,0.,-1.));
#1945=DIRECTION('',(0.,0.,-1.));
#1946=DIRECTION('',(-1.,3.5527136788005E-16,0.));
#1947=DIRECTION('',(0.,0.,1.));
#1948=DIRECTION('center_axis',(-3.5527136788005E-16,-1.,0.));
#1949=DIRECTION('ref_axis',(0.,0.,1.));
#1950=DIRECTION('',(0.,0.,-1.));
#1951=DIRECTION('',(-1.,3.5527136788005E-16,0.));
#1952=DIRECTION('',(0.,0.,1.));
#1953=DIRECTION('center_axis',(-3.5527136788005E-16,-1.,0.));
#1954=DIRECTION('ref_axis',(0.,0.,1.));
#1955=DIRECTION('',(0.,0.,-1.));
#1956=DIRECTION('',(-1.,3.5527136788005E-16,0.));
#1957=DIRECTION('',(0.,0.,1.));
#1958=DIRECTION('center_axis',(-1.66350525325328E-31,-4.68235102417521E-16,
1.));
#1959=DIRECTION('ref_axis',(4.44089209850062E-16,1.,4.68235102417521E-16));
#1960=DIRECTION('',(-2.22044604925031E-16,1.,4.68235102417521E-16));
#1961=DIRECTION('',(7.49400541621981E-15,-1.,-4.68235102417521E-16));
#1962=DIRECTION('center_axis',(1.66350525325328E-31,4.68235102417521E-16,
-1.));
#1963=DIRECTION('ref_axis',(-1.,0.,0.));
#1964=DIRECTION('center_axis',(3.5527136788005E-16,1.,0.));
#1965=DIRECTION('ref_axis',(0.,0.,-1.));
#1966=DIRECTION('',(0.,0.,1.));
#1967=DIRECTION('',(0.,0.,-1.));
#1968=DIRECTION('',(-1.,3.5527136788005E-16,0.));
#1969=DIRECTION('center_axis',(-1.66350525325328E-31,-4.68235102417521E-16,
1.));
#1970=DIRECTION('ref_axis',(4.44089209850062E-16,1.,4.68235102417521E-16));
#1971=DIRECTION('',(0.,-1.,-4.68235102417521E-16));
#1972=DIRECTION('',(0.,1.,4.68235102417521E-16));
#1973=DIRECTION('center_axis',(1.66350525325328E-31,4.68235102417521E-16,
-1.));
#1974=DIRECTION('ref_axis',(-1.,0.,0.));
#1975=DIRECTION('center_axis',(1.,0.,0.));
#1976=DIRECTION('ref_axis',(0.,1.,0.));
#1977=DIRECTION('',(0.,0.682318250360012,-0.731055268242869));
#1978=DIRECTION('',(0.,1.,0.));
#1979=DIRECTION('',(0.,0.682318250360011,0.731055268242869));
#1980=DIRECTION('center_axis',(1.,2.22044604925031E-16,0.));
#1981=DIRECTION('ref_axis',(-2.22044604925031E-16,1.,0.));
#1982=DIRECTION('',(-1.51505086334327E-16,0.682318250360011,-0.731055268242869));
#1983=DIRECTION('',(-2.22044604925031E-16,1.,0.));
#1984=DIRECTION('center_axis',(-1.,-7.49400541621981E-15,0.));
#1985=DIRECTION('ref_axis',(7.49400541621981E-15,-1.,0.));
#1986=DIRECTION('',(7.49400541621981E-15,-1.,0.));
#1987=DIRECTION('',(5.11329666378355E-15,-0.682318250360011,0.731055268242869));
#1988=DIRECTION('center_axis',(0.,0.731055268242869,0.682318250360011));
#1989=DIRECTION('ref_axis',(1.,0.,0.));
#1990=DIRECTION('',(-1.,0.,0.));
#1991=DIRECTION('center_axis',(-2.5972300514456E-15,0.731055268242869,0.682318250360012));
#1992=DIRECTION('ref_axis',(1.,0.,3.80647894157195E-15));
#1993=DIRECTION('',(0.,-0.682318250360012,0.731055268242869));
#1994=DIRECTION('',(-1.,-3.55271367880049E-15,0.));
#1995=DIRECTION('center_axis',(0.,-0.731055268242869,0.682318250360011));
#1996=DIRECTION('ref_axis',(1.,0.,0.));
#1997=DIRECTION('',(1.,0.,0.));
#1998=DIRECTION('',(0.,-0.682318250360011,-0.731055268242869));
#1999=DIRECTION('center_axis',(0.,0.,1.));
#2000=DIRECTION('ref_axis',(-1.,0.,0.));
#2001=DIRECTION('center_axis',(0.,0.,-1.));
#2002=DIRECTION('ref_axis',(-1.,0.,0.));
#2003=DIRECTION('',(0.,0.,-1.));
#2004=DIRECTION('center_axis',(-1.,0.,0.));
#2005=DIRECTION('ref_axis',(0.,-1.,0.));
#2006=DIRECTION('',(0.,-1.,0.));
#2007=DIRECTION('center_axis',(0.,0.,1.));
#2008=DIRECTION('ref_axis',(-1.,0.,0.));
#2009=DIRECTION('center_axis',(0.,0.,1.));
#2010=DIRECTION('ref_axis',(-1.,0.,0.));
#2011=DIRECTION('center_axis',(0.,0.,-1.));
#2012=DIRECTION('ref_axis',(-1.,0.,0.));
#2013=DIRECTION('',(0.,0.,-1.));
#2014=DIRECTION('center_axis',(0.,0.,1.));
#2015=DIRECTION('ref_axis',(-1.,0.,0.));
#2016=DIRECTION('center_axis',(0.,0.,1.));
#2017=DIRECTION('ref_axis',(-1.,0.,0.));
#2018=DIRECTION('center_axis',(0.,0.,1.));
#2019=DIRECTION('ref_axis',(-1.,0.,0.));
#2020=DIRECTION('center_axis',(0.,0.,1.));
#2021=DIRECTION('ref_axis',(-1.,0.,0.));
#2022=DIRECTION('center_axis',(0.,0.,1.));
#2023=DIRECTION('ref_axis',(-1.,0.,0.));
#2024=DIRECTION('',(0.,0.,1.));
#2025=DIRECTION('center_axis',(0.,0.,1.));
#2026=DIRECTION('ref_axis',(-1.,0.,0.));
#2027=DIRECTION('',(0.,0.,1.));
#2028=DIRECTION('center_axis',(0.,0.,1.));
#2029=DIRECTION('ref_axis',(-1.,0.,0.));
#2030=DIRECTION('center_axis',(0.,0.,1.));
#2031=DIRECTION('ref_axis',(-1.,0.,0.));
#2032=DIRECTION('center_axis',(0.,0.,1.));
#2033=DIRECTION('ref_axis',(-1.,0.,0.));
#2034=DIRECTION('center_axis',(0.,0.,1.));
#2035=DIRECTION('ref_axis',(-1.,0.,0.));
#2036=DIRECTION('',(0.,0.,1.));
#2037=DIRECTION('center_axis',(0.,0.,1.));
#2038=DIRECTION('ref_axis',(-1.,0.,0.));
#2039=DIRECTION('',(0.,0.,1.));
#2040=DIRECTION('center_axis',(0.,0.,1.));
#2041=DIRECTION('ref_axis',(-1.,0.,0.));
#2042=DIRECTION('center_axis',(0.,0.,1.));
#2043=DIRECTION('ref_axis',(-1.,0.,0.));
#2044=DIRECTION('center_axis',(0.,0.,1.));
#2045=DIRECTION('ref_axis',(-1.,0.,0.));
#2046=DIRECTION('center_axis',(0.,0.,1.));
#2047=DIRECTION('ref_axis',(-1.,0.,0.));
#2048=DIRECTION('',(0.,0.,1.));
#2049=DIRECTION('center_axis',(0.,0.,1.));
#2050=DIRECTION('ref_axis',(-1.,0.,0.));
#2051=DIRECTION('',(0.,0.,1.));
#2052=DIRECTION('center_axis',(0.,0.,1.));
#2053=DIRECTION('ref_axis',(-1.,0.,0.));
#2054=DIRECTION('center_axis',(0.,0.,1.));
#2055=DIRECTION('ref_axis',(-1.,0.,0.));
#2056=DIRECTION('center_axis',(0.,0.,1.));
#2057=DIRECTION('ref_axis',(-1.,0.,0.));
#2058=DIRECTION('center_axis',(0.,0.,1.));
#2059=DIRECTION('ref_axis',(-1.,0.,0.));
#2060=DIRECTION('',(0.,0.,1.));
#2061=DIRECTION('center_axis',(0.,0.,1.));
#2062=DIRECTION('ref_axis',(-1.,0.,0.));
#2063=DIRECTION('',(0.,0.,1.));
#2064=DIRECTION('center_axis',(0.,0.,1.));
#2065=DIRECTION('ref_axis',(-1.,0.,0.));
#2066=DIRECTION('center_axis',(0.,0.,1.));
#2067=DIRECTION('ref_axis',(-1.,0.,0.));
#2068=DIRECTION('center_axis',(0.,0.,1.));
#2069=DIRECTION('ref_axis',(-1.,0.,0.));
#2070=DIRECTION('center_axis',(0.,0.,1.));
#2071=DIRECTION('ref_axis',(-1.,0.,0.));
#2072=DIRECTION('',(0.,0.,1.));
#2073=DIRECTION('center_axis',(0.,0.,1.));
#2074=DIRECTION('ref_axis',(-1.,0.,0.));
#2075=DIRECTION('',(0.,0.,1.));
#2076=DIRECTION('center_axis',(0.,0.,1.));
#2077=DIRECTION('ref_axis',(-1.,0.,0.));
#2078=DIRECTION('center_axis',(0.,0.,1.));
#2079=DIRECTION('ref_axis',(-1.,0.,0.));
#2080=DIRECTION('center_axis',(0.,0.,1.));
#2081=DIRECTION('ref_axis',(-1.,0.,0.));
#2082=DIRECTION('center_axis',(0.,0.,1.));
#2083=DIRECTION('ref_axis',(-1.,0.,0.));
#2084=DIRECTION('',(0.,0.,1.));
#2085=DIRECTION('center_axis',(0.,0.,1.));
#2086=DIRECTION('ref_axis',(-1.,0.,0.));
#2087=DIRECTION('',(0.,0.,1.));
#2088=DIRECTION('center_axis',(0.,-1.,0.));
#2089=DIRECTION('ref_axis',(0.,0.,-1.));
#2090=DIRECTION('',(-1.,0.,0.));
#2091=DIRECTION('',(1.1842378929335E-15,0.,-1.));
#2092=DIRECTION('',(-1.77635683940025E-15,0.,1.));
#2093=DIRECTION('center_axis',(-1.,0.,-1.1842378929335E-15));
#2094=DIRECTION('ref_axis',(1.1842378929335E-15,0.,-1.));
#2095=DIRECTION('',(0.,-1.,0.));
#2096=DIRECTION('',(1.1842378929335E-15,0.,-1.));
#2097=DIRECTION('center_axis',(1.,0.,0.));
#2098=DIRECTION('ref_axis',(0.,0.,1.));
#2099=DIRECTION('',(0.,0.,1.));
#2100=DIRECTION('',(0.,-1.,0.));
#2101=DIRECTION('center_axis',(-3.28954970259306E-16,0.,-1.));
#2102=DIRECTION('ref_axis',(1.,0.,-3.28954970259306E-16));
#2103=DIRECTION('',(1.,0.,-3.28954970259306E-16));
#2104=DIRECTION('',(0.,-1.,0.));
#2105=DIRECTION('center_axis',(-1.,0.,-5.38289951333409E-16));
#2106=DIRECTION('ref_axis',(5.38289951333409E-16,0.,-1.));
#2107=DIRECTION('',(5.38289951333409E-16,0.,-1.));
#2108=DIRECTION('center_axis',(1.,0.,1.77635683940025E-15));
#2109=DIRECTION('ref_axis',(-1.77635683940025E-15,0.,1.));
#2110=DIRECTION('',(-1.77635683940025E-15,0.,1.));
#2111=DIRECTION('',(0.,-1.,0.));
#2112=DIRECTION('center_axis',(0.,0.,1.));
#2113=DIRECTION('ref_axis',(-1.,0.,0.));
#2114=DIRECTION('',(-1.,0.,0.));
#2115=DIRECTION('center_axis',(0.,-1.,0.));
#2116=DIRECTION('ref_axis',(0.,0.,-1.));
#2117=DIRECTION('center_axis',(1.,1.77635683940025E-15,0.));
#2118=DIRECTION('ref_axis',(-1.77635683940025E-15,1.,0.));
#2119=DIRECTION('',(0.,0.,1.));
#2120=DIRECTION('',(0.,0.,1.));
#2121=DIRECTION('center_axis',(0.,1.,0.));
#2122=DIRECTION('ref_axis',(-1.,0.,0.));
#2123=DIRECTION('',(0.,0.,1.));
#2124=DIRECTION('center_axis',(-1.,1.77635683940025E-15,0.));
#2125=DIRECTION('ref_axis',(-1.77635683940025E-15,-1.,0.));
#2126=DIRECTION('',(0.,0.,1.));
#2127=DIRECTION('center_axis',(-5.55111512312572E-15,-1.,0.));
#2128=DIRECTION('ref_axis',(1.,-5.55111512312572E-15,0.));
#2129=DIRECTION('center_axis',(0.,0.,1.));
#2130=DIRECTION('ref_axis',(1.,0.,0.));
#2131=DIRECTION('',(0.,0.,-1.));
#2132=DIRECTION('center_axis',(7.40148683083438E-17,-1.,0.));
#2133=DIRECTION('ref_axis',(1.,7.40148683083438E-17,0.));
#2134=DIRECTION('',(0.,0.,1.));
#2135=DIRECTION('center_axis',(1.,-6.83214169000096E-17,0.));
#2136=DIRECTION('ref_axis',(6.83214169000096E-17,1.,0.));
#2137=CARTESIAN_POINT('',(0.,0.,0.));
#2138=CARTESIAN_POINT('Origin',(15.,99.,8.));
#2139=CARTESIAN_POINT('',(10.,97.,10.));
#2140=CARTESIAN_POINT('',(10.,101.,6.));
#2141=CARTESIAN_POINT('',(10.,92.25,14.75));
#2142=CARTESIAN_POINT('',(1.6327925931241E-14,101.,6.));
#2143=CARTESIAN_POINT('',(15.,101.,6.));
#2144=CARTESIAN_POINT('',(8.88178419700125E-15,97.,10.));
#2145=CARTESIAN_POINT('',(1.77635683940025E-14,108.75,-1.74999999999998));
#2146=CARTESIAN_POINT('',(8.88178419700125E-15,97.,10.));
#2147=CARTESIAN_POINT('Origin',(30.,65.,6.));
#2148=CARTESIAN_POINT('',(10.,89.4024379371578,6.));
#2149=CARTESIAN_POINT('',(10.,68.5,6.));
#2150=CARTESIAN_POINT('',(13.,89.4024379371578,5.99999999999999));
#2151=CARTESIAN_POINT('',(41.,89.4024379371578,5.99999999999999));
#2152=CARTESIAN_POINT('',(13.,82.,6.));
#2153=CARTESIAN_POINT('',(13.,80.5,6.));
#2154=CARTESIAN_POINT('',(10.,82.,6.));
#2155=CARTESIAN_POINT('',(19.,82.,6.));
#2156=CARTESIAN_POINT('',(10.,43.,6.));
#2157=CARTESIAN_POINT('',(10.,68.5,6.));
#2158=CARTESIAN_POINT('',(6.9514932182511E-15,43.,6.));
#2159=CARTESIAN_POINT('',(15.,43.,6.));
#2160=CARTESIAN_POINT('',(0.,5.,6.));
#2161=CARTESIAN_POINT('',(0.,0.,6.));
#2162=CARTESIAN_POINT('',(60.,4.99999999999999,6.));
#2163=CARTESIAN_POINT('',(45.,4.99999999999999,6.));
#2164=CARTESIAN_POINT('',(60.,125.,6.));
#2165=CARTESIAN_POINT('',(60.,130.,6.));
#2166=CARTESIAN_POINT('',(55.,130.,6.));
#2167=CARTESIAN_POINT('Origin',(55.,125.,6.));
#2168=CARTESIAN_POINT('',(41.,130.,6.));
#2169=CARTESIAN_POINT('',(2.10161422877359E-14,130.,6.));
#2170=CARTESIAN_POINT('',(41.,122.597562062842,5.99999999999999));
#2171=CARTESIAN_POINT('',(41.,80.5,6.));
#2172=CARTESIAN_POINT('',(36.,122.597562062842,5.99999999999999));
#2173=CARTESIAN_POINT('',(41.,122.597562062842,5.99999999999999));
#2174=CARTESIAN_POINT('',(36.,130.,6.));
#2175=CARTESIAN_POINT('',(36.,90.5,6.));
#2176=CARTESIAN_POINT('',(13.,130.,6.));
#2177=CARTESIAN_POINT('',(2.10161422877359E-14,130.,6.));
#2178=CARTESIAN_POINT('',(13.,122.597562062842,5.99999999999999));
#2179=CARTESIAN_POINT('',(13.,80.5,6.));
#2180=CARTESIAN_POINT('',(7.99999999999977,122.597562062842,5.99999999999999));
#2181=CARTESIAN_POINT('',(41.,122.597562062842,5.99999999999999));
#2182=CARTESIAN_POINT('',(7.99999999999972,130.,6.));
#2183=CARTESIAN_POINT('',(8.00000000000001,90.4999999999999,6.));
#2184=CARTESIAN_POINT('',(5.00000000000002,130.,6.));
#2185=CARTESIAN_POINT('',(2.10161422877359E-14,130.,6.));
#2186=CARTESIAN_POINT('',(2.0207829122823E-14,125.,6.));
#2187=CARTESIAN_POINT('Origin',(5.00000000000002,125.,6.));
#2188=CARTESIAN_POINT('',(0.,0.,6.));
#2189=CARTESIAN_POINT('',(28.3999999999999,122.,6.));
#2190=CARTESIAN_POINT('',(31.6,122.,6.));
#2191=CARTESIAN_POINT('',(31.6,122.,6.));
#2192=CARTESIAN_POINT('',(31.6,112.,6.));
#2193=CARTESIAN_POINT('',(31.6,112.,6.));
#2194=CARTESIAN_POINT('',(28.4,112.,6.));
#2195=CARTESIAN_POINT('',(28.4,112.,6.));
#2196=CARTESIAN_POINT('',(28.3999999999999,122.,6.));
#2197=CARTESIAN_POINT('',(16.1000000000009,64.8962185712196,6.));
#2198=CARTESIAN_POINT('Origin',(14.5000000000009,64.8962185712196,6.));
#2199=CARTESIAN_POINT('',(39.3500000000098,51.4728248125797,6.));
#2200=CARTESIAN_POINT('Origin',(37.7500000000098,51.4728248125797,6.));
#2201=CARTESIAN_POINT('',(39.349999999989,78.3196123298956,6.));
#2202=CARTESIAN_POINT('Origin',(37.749999999989,78.3196123298956,6.));
#2203=CARTESIAN_POINT('',(47.099999999999,64.8962185712437,6.));
#2204=CARTESIAN_POINT('Origin',(45.499999999999,64.8962185712437,6.));
#2205=CARTESIAN_POINT('',(23.84999999999,78.3196123298836,6.));
#2206=CARTESIAN_POINT('Origin',(22.24999999999,78.3196123298836,6.));
#2207=CARTESIAN_POINT('',(23.8500000000108,51.4728248125677,6.));
#2208=CARTESIAN_POINT('Origin',(22.2500000000108,51.4728248125677,6.));
#2209=CARTESIAN_POINT('',(23.9499999999999,72.,6.));
#2210=CARTESIAN_POINT('Origin',(29.9999999999999,72.,6.));
#2211=CARTESIAN_POINT('',(41.,89.4024379371578,5.99999999999999));
#2212=CARTESIAN_POINT('',(41.,82.,6.));
#2213=CARTESIAN_POINT('',(41.,80.5,6.));
#2214=CARTESIAN_POINT('',(36.,82.,6.));
#2215=CARTESIAN_POINT('',(33.,82.,6.));
#2216=CARTESIAN_POINT('',(36.,89.4024379371578,5.99999999999999));
#2217=CARTESIAN_POINT('',(36.,90.5,6.));
#2218=CARTESIAN_POINT('',(41.,89.4024379371578,5.99999999999999));
#2219=CARTESIAN_POINT('Origin',(15.,45.,8.));
#2220=CARTESIAN_POINT('',(10.,47.,10.));
#2221=CARTESIAN_POINT('',(10.,51.75,14.75));
#2222=CARTESIAN_POINT('',(8.88178419700125E-15,47.,10.));
#2223=CARTESIAN_POINT('',(8.88178419700125E-15,47.,10.));
#2224=CARTESIAN_POINT('',(9.99200722162641E-15,64.25,27.25));
#2225=CARTESIAN_POINT('Origin',(8.88178419700125E-15,56.297674914442,5.));
#2226=CARTESIAN_POINT('',(8.88178419700125E-15,54.947674914442,5.));
#2227=CARTESIAN_POINT('Origin',(2.10161422877359E-14,56.297674914442,5.));
#2228=CARTESIAN_POINT('',(9.00000000000001,54.947674914442,5.));
#2229=CARTESIAN_POINT('',(8.88178419700125E-15,54.947674914442,5.));
#2230=CARTESIAN_POINT('Origin',(9.00000000000001,56.297674914442,5.));
#2231=CARTESIAN_POINT('Origin',(9.00000000000001,72.,5.));
#2232=CARTESIAN_POINT('Origin',(8.88178419700125E-15,87.702325085558,5.));
#2233=CARTESIAN_POINT('',(8.88178419700125E-15,86.352325085558,5.));
#2234=CARTESIAN_POINT('Origin',(2.10161422877359E-14,87.702325085558,5.));
#2235=CARTESIAN_POINT('',(9.00000000000001,86.352325085558,5.));
#2236=CARTESIAN_POINT('',(8.88178419700125E-15,86.352325085558,5.));
#2237=CARTESIAN_POINT('Origin',(9.00000000000001,87.702325085558,5.));
#2238=CARTESIAN_POINT('Origin',(9.00000000000001,72.,5.));
#2239=CARTESIAN_POINT('Origin',(1.49441329338481E-14,97.,10.));
#2240=CARTESIAN_POINT('',(8.00000000000005,85.7333333333333,10.));
#2241=CARTESIAN_POINT('',(10.,85.7333333333333,10.));
#2242=CARTESIAN_POINT('',(9.49999999999999,85.7333333333333,10.));
#2243=CARTESIAN_POINT('',(8.00000000000002,89.4024379371578,10.));
#2244=CARTESIAN_POINT('',(7.99999999999989,106.5,10.));
#2245=CARTESIAN_POINT('',(10.,89.4024379371578,10.));
#2246=CARTESIAN_POINT('',(20.5,89.4024379371578,10.));
#2247=CARTESIAN_POINT('',(10.,59.5,10.));
#2248=CARTESIAN_POINT('',(8.88178419700125E-15,59.5,10.));
#2249=CARTESIAN_POINT('',(10.,59.5,10.));
#2250=CARTESIAN_POINT('Origin',(10.,72.,8.));
#2251=CARTESIAN_POINT('',(10.,89.4024379371578,6.99999999999999));
#2252=CARTESIAN_POINT('Origin',(10.,72.,8.));
#2253=CARTESIAN_POINT('',(10.,83.6710213776722,7.79038004750594));
#2254=CARTESIAN_POINT('Origin',(19.,88.9999999999999,13.5));
#2255=CARTESIAN_POINT('',(13.,96.,21.));
#2256=CARTESIAN_POINT('',(13.,88.7589073634204,13.2416864608076));
#2257=CARTESIAN_POINT('',(7.99999999999997,96.,21.));
#2258=CARTESIAN_POINT('',(13.,96.,21.));
#2259=CARTESIAN_POINT('',(7.99999999999999,93.4144893111639,18.229809976247));
#2260=CARTESIAN_POINT('Origin',(5.00000000000002,125.,0.));
#2261=CARTESIAN_POINT('',(5.00000000000002,130.,0.));
#2262=CARTESIAN_POINT('',(5.00000000000002,130.,0.));
#2263=CARTESIAN_POINT('',(2.0207829122823E-14,125.,0.));
#2264=CARTESIAN_POINT('Origin',(5.00000000000002,125.,0.));
#2265=CARTESIAN_POINT('',(1.99840144432528E-14,125.,0.));
#2266=CARTESIAN_POINT('Origin',(30.,65.,0.));
#2267=CARTESIAN_POINT('',(23.25,130.,0.));
#2268=CARTESIAN_POINT('',(2.10161422877359E-14,130.,0.));
#2269=CARTESIAN_POINT('',(23.25,105.,0.));
#2270=CARTESIAN_POINT('',(23.25,97.5,0.));
#2271=CARTESIAN_POINT('',(26.25,105.,0.));
#2272=CARTESIAN_POINT('',(30.,105.,0.));
#2273=CARTESIAN_POINT('',(26.25,128.,0.));
#2274=CARTESIAN_POINT('',(26.25,97.5,0.));
#2275=CARTESIAN_POINT('',(33.75,128.,0.));
#2276=CARTESIAN_POINT('',(30.,128.,0.));
#2277=CARTESIAN_POINT('',(33.75,105.,0.));
#2278=CARTESIAN_POINT('',(33.75,97.5,0.));
#2279=CARTESIAN_POINT('',(36.75,105.,0.));
#2280=CARTESIAN_POINT('',(30.,105.,0.));
#2281=CARTESIAN_POINT('',(36.75,130.,0.));
#2282=CARTESIAN_POINT('',(36.75,97.5,0.));
#2283=CARTESIAN_POINT('',(55.,130.,0.));
#2284=CARTESIAN_POINT('',(2.10161422877359E-14,130.,0.));
#2285=CARTESIAN_POINT('',(60.,125.,0.));
#2286=CARTESIAN_POINT('Origin',(55.,125.,0.));
#2287=CARTESIAN_POINT('',(60.,4.44089209850063E-15,0.));
#2288=CARTESIAN_POINT('',(60.,130.,0.));
#2289=CARTESIAN_POINT('',(0.,4.93038065763132E-31,0.));
#2290=CARTESIAN_POINT('',(60.,4.44089209850063E-15,0.));
#2291=CARTESIAN_POINT('',(0.,0.,0.));
#2292=CARTESIAN_POINT('',(17.5000000000009,64.8962185712196,0.));
#2293=CARTESIAN_POINT('Origin',(14.5000000000009,64.8962185712196,0.));
#2294=CARTESIAN_POINT('',(40.7500000000098,51.4728248125797,0.));
#2295=CARTESIAN_POINT('Origin',(37.7500000000098,51.4728248125797,0.));
#2296=CARTESIAN_POINT('',(40.749999999989,78.3196123298956,0.));
#2297=CARTESIAN_POINT('Origin',(37.749999999989,78.3196123298956,0.));
#2298=CARTESIAN_POINT('',(48.499999999999,64.8962185712437,0.));
#2299=CARTESIAN_POINT('Origin',(45.499999999999,64.8962185712437,0.));
#2300=CARTESIAN_POINT('',(25.24999999999,78.3196123298836,0.));
#2301=CARTESIAN_POINT('Origin',(22.24999999999,78.3196123298836,0.));
#2302=CARTESIAN_POINT('',(25.2500000000108,51.4728248125677,0.));
#2303=CARTESIAN_POINT('Origin',(22.2500000000108,51.4728248125677,0.));
#2304=CARTESIAN_POINT('',(23.9499999999999,72.,0.));
#2305=CARTESIAN_POINT('Origin',(29.9999999999999,72.,0.));
#2306=CARTESIAN_POINT('',(28.3999999999999,122.,0.));
#2307=CARTESIAN_POINT('',(31.6,122.,0.));
#2308=CARTESIAN_POINT('',(31.6,122.,0.));
#2309=CARTESIAN_POINT('',(28.4,112.,0.));
#2310=CARTESIAN_POINT('',(28.3999999999999,122.,0.));
#2311=CARTESIAN_POINT('',(31.6,112.,0.));
#2312=CARTESIAN_POINT('',(28.4,112.,0.));
#2313=CARTESIAN_POINT('',(31.6,112.,0.));
#2314=CARTESIAN_POINT('Origin',(60.,130.,0.));
#2315=CARTESIAN_POINT('',(2.10161422877359E-14,130.,6.));
#2316=CARTESIAN_POINT('',(2.10161422877359E-14,130.,6.));
#2317=CARTESIAN_POINT('',(55.,130.,0.));
#2318=CARTESIAN_POINT('',(36.75,130.,-10.5));
#2319=CARTESIAN_POINT('',(36.75,130.,-10.5));
#2320=CARTESIAN_POINT('',(23.25,130.,-10.5));
#2321=CARTESIAN_POINT('',(23.25,130.,-10.5));
#2322=CARTESIAN_POINT('',(23.25,130.,6.));
#2323=CARTESIAN_POINT('Origin',(55.,125.,0.));
#2324=CARTESIAN_POINT('',(60.,125.,0.));
#2325=CARTESIAN_POINT('Origin',(55.,1.25,31.));
#2326=CARTESIAN_POINT('',(60.,4.99999999999999,31.));
#2327=CARTESIAN_POINT('',(55.,4.99999999999999,36.));
#2328=CARTESIAN_POINT('Origin',(55.,4.99999999999999,31.));
#2329=CARTESIAN_POINT('',(55.,4.07081775695891E-15,36.));
#2330=CARTESIAN_POINT('',(55.,1.25,36.));
#2331=CARTESIAN_POINT('',(60.,4.44089209850063E-15,31.));
#2332=CARTESIAN_POINT('Origin',(55.,-3.88578058618805E-15,31.));
#2333=CARTESIAN_POINT('',(60.,1.25,31.));
#2334=CARTESIAN_POINT('Origin',(30.,2.5,36.));
#2335=CARTESIAN_POINT('',(5.,5.,36.));
#2336=CARTESIAN_POINT('',(0.,5.,36.));
#2337=CARTESIAN_POINT('',(5.,3.70074341541719E-16,36.));
#2338=CARTESIAN_POINT('',(5.00000000000001,66.25,36.));
#2339=CARTESIAN_POINT('',(0.,0.,36.));
#2340=CARTESIAN_POINT('Origin',(60.,4.99999999999999,6.));
#2341=CARTESIAN_POINT('',(60.,4.99999999999999,6.));
#2342=CARTESIAN_POINT('',(0.,5.,31.));
#2343=CARTESIAN_POINT('',(0.,5.,6.));
#2344=CARTESIAN_POINT('Origin',(5.,5.,31.));
#2345=CARTESIAN_POINT('',(55.,4.99999999999999,28.));
#2346=CARTESIAN_POINT('Origin',(55.,4.99999999999999,31.));
#2347=CARTESIAN_POINT('',(5.,4.99999999999999,8.));
#2348=CARTESIAN_POINT('Origin',(5.,4.99999999999999,11.));
#2349=CARTESIAN_POINT('',(5.,4.99999999999999,28.));
#2350=CARTESIAN_POINT('Origin',(5.,4.99999999999999,31.));
#2351=CARTESIAN_POINT('',(55.,4.99999999999999,8.));
#2352=CARTESIAN_POINT('Origin',(55.,4.99999999999999,11.));
#2353=CARTESIAN_POINT('Origin',(5.00000000000001,66.25,31.));
#2354=CARTESIAN_POINT('',(0.,4.93038065763132E-31,31.));
#2355=CARTESIAN_POINT('Origin',(5.,0.,31.));
#2356=CARTESIAN_POINT('',(1.11022302462516E-14,66.25,31.));
#2357=CARTESIAN_POINT('Origin',(2.10161422877359E-14,130.,0.));
#2358=CARTESIAN_POINT('',(0.,4.93038065763132E-31,0.));
#2359=CARTESIAN_POINT('Origin',(55.,1.8,31.));
#2360=CARTESIAN_POINT('',(55.,1.8,28.));
#2361=CARTESIAN_POINT('Origin',(55.,1.8,31.));
#2362=CARTESIAN_POINT('',(55.,1.8,29.4));
#2363=CARTESIAN_POINT('Origin',(55.,1.8,31.));
#2364=CARTESIAN_POINT('Origin',(55.,3.4,31.));
#2365=CARTESIAN_POINT('',(55.,3.4,28.));
#2366=CARTESIAN_POINT('Origin',(55.,-5.,31.));
#2367=CARTESIAN_POINT('',(55.,-1.45027314501002E-32,29.4));
#2368=CARTESIAN_POINT('',(55.,-5.,29.4));
#2369=CARTESIAN_POINT('Origin',(55.,0.,31.));
#2370=CARTESIAN_POINT('Origin',(5.,1.8,11.));
#2371=CARTESIAN_POINT('',(5.,1.8,8.));
#2372=CARTESIAN_POINT('Origin',(5.,1.8,11.));
#2373=CARTESIAN_POINT('',(5.,1.8,9.4));
#2374=CARTESIAN_POINT('Origin',(5.,1.8,11.));
#2375=CARTESIAN_POINT('Origin',(5.,3.4,11.));
#2376=CARTESIAN_POINT('',(5.,3.4,8.));
#2377=CARTESIAN_POINT('Origin',(5.,-5.,11.));
#2378=CARTESIAN_POINT('',(5.,-1.45027314501002E-32,9.4));
#2379=CARTESIAN_POINT('',(5.,-5.,9.4));
#2380=CARTESIAN_POINT('Origin',(5.,0.,11.));
#2381=CARTESIAN_POINT('Origin',(5.,1.8,31.));
#2382=CARTESIAN_POINT('',(5.,1.8,28.));
#2383=CARTESIAN_POINT('Origin',(5.,1.8,31.));
#2384=CARTESIAN_POINT('',(5.,1.8,29.4));
#2385=CARTESIAN_POINT('Origin',(5.,1.8,31.));
#2386=CARTESIAN_POINT('Origin',(5.,3.4,31.));
#2387=CARTESIAN_POINT('',(5.,3.4,28.));
#2388=CARTESIAN_POINT('Origin',(5.,-5.,31.));
#2389=CARTESIAN_POINT('',(5.,-1.45027314501002E-32,29.4));
#2390=CARTESIAN_POINT('',(5.,-5.,29.4));
#2391=CARTESIAN_POINT('Origin',(5.,0.,31.));
#2392=CARTESIAN_POINT('Origin',(55.,1.8,11.));
#2393=CARTESIAN_POINT('',(55.,1.8,8.));
#2394=CARTESIAN_POINT('Origin',(55.,1.8,11.));
#2395=CARTESIAN_POINT('',(55.,1.8,9.4));
#2396=CARTESIAN_POINT('Origin',(55.,1.8,11.));
#2397=CARTESIAN_POINT('Origin',(55.,3.4,11.));
#2398=CARTESIAN_POINT('',(55.,3.4,8.));
#2399=CARTESIAN_POINT('Origin',(55.,-5.,11.));
#2400=CARTESIAN_POINT('',(55.,-1.45027314501002E-32,9.4));
#2401=CARTESIAN_POINT('',(55.,-5.,9.4));
#2402=CARTESIAN_POINT('Origin',(55.,0.,11.));
#2403=CARTESIAN_POINT('Origin',(41.,122.597562062842,11.));
#2404=CARTESIAN_POINT('',(13.,122.597562062842,11.));
#2405=CARTESIAN_POINT('',(13.,122.597562062842,8.5));
#2406=CARTESIAN_POINT('',(7.99999999999977,122.597562062842,11.));
#2407=CARTESIAN_POINT('',(41.,122.597562062842,11.));
#2408=CARTESIAN_POINT('',(7.99999999999977,122.597562062842,8.5));
#2409=CARTESIAN_POINT('Origin',(41.,89.4024379371578,5.99999999999999));
#2410=CARTESIAN_POINT('',(8.00000000000002,89.4024379371578,11.));
#2411=CARTESIAN_POINT('',(8.00000000000002,89.4024379371578,5.99999999999999));
#2412=CARTESIAN_POINT('',(13.,89.4024379371578,11.));
#2413=CARTESIAN_POINT('',(41.,89.4024379371578,11.));
#2414=CARTESIAN_POINT('',(13.,89.4024379371578,5.99999999999999));
#2415=CARTESIAN_POINT('Origin',(41.,89.4024379371578,5.99999999999999));
#2416=CARTESIAN_POINT('',(36.,89.4024379371578,11.));
#2417=CARTESIAN_POINT('',(36.,89.4024379371578,5.99999999999999));
#2418=CARTESIAN_POINT('',(41.,89.4024379371578,11.));
#2419=CARTESIAN_POINT('',(41.,89.4024379371578,11.));
#2420=CARTESIAN_POINT('',(41.,89.4024379371578,5.99999999999999));
#2421=CARTESIAN_POINT('Origin',(41.,89.4024379371578,11.));
#2422=CARTESIAN_POINT('',(13.,92.7012189685789,11.));
#2423=CARTESIAN_POINT('',(7.99999999999992,102.701218968579,11.));
#2424=CARTESIAN_POINT('',(11.25,102.,11.));
#2425=CARTESIAN_POINT('Origin',(10.5,102.,11.));
#2426=CARTESIAN_POINT('Origin',(41.,122.597562062842,11.));
#2427=CARTESIAN_POINT('',(36.,122.597562062842,11.));
#2428=CARTESIAN_POINT('',(36.,122.597562062842,8.5));
#2429=CARTESIAN_POINT('',(41.,122.597562062842,11.));
#2430=CARTESIAN_POINT('',(41.,122.597562062842,8.5));
#2431=CARTESIAN_POINT('',(41.,122.597562062842,11.));
#2432=CARTESIAN_POINT('Origin',(41.,89.4024379371578,11.));
#2433=CARTESIAN_POINT('',(36.,102.701218968579,11.));
#2434=CARTESIAN_POINT('',(41.,92.7012189685789,11.));
#2435=CARTESIAN_POINT('',(39.25,102.,11.));
#2436=CARTESIAN_POINT('Origin',(38.5,102.,11.));
#2437=CARTESIAN_POINT('Origin',(41.,96.,6.));
#2438=CARTESIAN_POINT('',(41.,116.,21.));
#2439=CARTESIAN_POINT('',(41.,118.585510688836,18.229809976247));
#2440=CARTESIAN_POINT('',(41.,96.,21.));
#2441=CARTESIAN_POINT('',(41.,96.,21.));
#2442=CARTESIAN_POINT('',(41.,88.7589073634204,13.2416864608076));
#2443=CARTESIAN_POINT('Origin',(13.,96.,6.));
#2444=CARTESIAN_POINT('',(13.,116.,21.));
#2445=CARTESIAN_POINT('',(13.,118.585510688836,18.229809976247));
#2446=CARTESIAN_POINT('',(13.,116.,21.));
#2447=CARTESIAN_POINT('Origin',(7.99999999999982,116.,6.));
#2448=CARTESIAN_POINT('',(7.99999999999982,116.,21.));
#2449=CARTESIAN_POINT('',(7.99999999999997,96.,21.));
#2450=CARTESIAN_POINT('',(7.99999999999977,123.24109263658,13.2416864608076));
#2451=CARTESIAN_POINT('Origin',(21.5,123.,13.5));
#2452=CARTESIAN_POINT('',(7.99999999999982,116.,21.));
#2453=CARTESIAN_POINT('Origin',(35.4999999999999,123.,13.5));
#2454=CARTESIAN_POINT('',(36.,116.,21.));
#2455=CARTESIAN_POINT('',(36.,123.24109263658,13.2416864608076));
#2456=CARTESIAN_POINT('',(41.,116.,21.));
#2457=CARTESIAN_POINT('Origin',(33.,89.,13.5));
#2458=CARTESIAN_POINT('',(36.,96.,21.));
#2459=CARTESIAN_POINT('',(36.,96.,21.));
#2460=CARTESIAN_POINT('',(36.,93.4144893111639,18.229809976247));
#2461=CARTESIAN_POINT('Origin',(38.5,102.,6.));
#2462=CARTESIAN_POINT('',(39.25,102.,21.));
#2463=CARTESIAN_POINT('Origin',(38.5,102.,21.));
#2464=CARTESIAN_POINT('',(39.25,102.,6.));
#2465=CARTESIAN_POINT('Origin',(36.,116.,6.));
#2466=CARTESIAN_POINT('',(36.,116.,21.));
#2467=CARTESIAN_POINT('Origin',(38.5,106.,21.));
#2468=CARTESIAN_POINT('Origin',(10.5,102.,6.));
#2469=CARTESIAN_POINT('',(11.25,102.,21.));
#2470=CARTESIAN_POINT('Origin',(10.5,102.,21.));
#2471=CARTESIAN_POINT('',(11.25,102.,6.));
#2472=CARTESIAN_POINT('Origin',(10.4999999999999,106.,21.));
#2473=CARTESIAN_POINT('Origin',(14.5000000000009,64.8962185712196,3.2));
#2474=CARTESIAN_POINT('',(17.5000000000009,64.8962185712196,3.2));
#2475=CARTESIAN_POINT('Origin',(14.5000000000009,64.8962185712196,3.2));
#2476=CARTESIAN_POINT('',(16.1000000000009,64.8962185712196,3.2));
#2477=CARTESIAN_POINT('Origin',(14.5000000000009,64.8962185712196,3.2));
#2478=CARTESIAN_POINT('Origin',(14.5000000000009,64.8962185712196,1.6));
#2479=CARTESIAN_POINT('',(17.5000000000009,64.8962185712196,1.6));
#2480=CARTESIAN_POINT('Origin',(14.5000000000009,64.8962185712196,4.));
#2481=CARTESIAN_POINT('',(16.1000000000009,64.8962185712196,4.));
#2482=CARTESIAN_POINT('Origin',(37.7500000000098,51.4728248125797,3.2));
#2483=CARTESIAN_POINT('',(40.7500000000098,51.4728248125797,3.2));
#2484=CARTESIAN_POINT('Origin',(37.7500000000098,51.4728248125797,3.2));
#2485=CARTESIAN_POINT('',(39.3500000000098,51.4728248125797,3.2));
#2486=CARTESIAN_POINT('Origin',(37.7500000000098,51.4728248125797,3.2));
#2487=CARTESIAN_POINT('Origin',(37.7500000000098,51.4728248125797,1.6));
#2488=CARTESIAN_POINT('',(40.7500000000098,51.4728248125797,1.6));
#2489=CARTESIAN_POINT('Origin',(37.7500000000098,51.4728248125797,4.));
#2490=CARTESIAN_POINT('',(39.3500000000098,51.4728248125797,4.));
#2491=CARTESIAN_POINT('Origin',(37.749999999989,78.3196123298956,3.2));
#2492=CARTESIAN_POINT('',(40.749999999989,78.3196123298956,3.2));
#2493=CARTESIAN_POINT('Origin',(37.749999999989,78.3196123298956,3.2));
#2494=CARTESIAN_POINT('',(39.349999999989,78.3196123298956,3.2));
#2495=CARTESIAN_POINT('Origin',(37.749999999989,78.3196123298956,3.2));
#2496=CARTESIAN_POINT('Origin',(37.749999999989,78.3196123298956,1.6));
#2497=CARTESIAN_POINT('',(40.749999999989,78.3196123298956,1.6));
#2498=CARTESIAN_POINT('Origin',(37.749999999989,78.3196123298956,4.));
#2499=CARTESIAN_POINT('',(39.349999999989,78.3196123298956,4.));
#2500=CARTESIAN_POINT('Origin',(45.499999999999,64.8962185712437,3.2));
#2501=CARTESIAN_POINT('',(48.499999999999,64.8962185712437,3.2));
#2502=CARTESIAN_POINT('Origin',(45.499999999999,64.8962185712437,3.2));
#2503=CARTESIAN_POINT('',(47.099999999999,64.8962185712437,3.2));
#2504=CARTESIAN_POINT('Origin',(45.499999999999,64.8962185712437,3.2));
#2505=CARTESIAN_POINT('Origin',(45.499999999999,64.8962185712437,1.6));
#2506=CARTESIAN_POINT('',(48.499999999999,64.8962185712437,1.6));
#2507=CARTESIAN_POINT('Origin',(45.499999999999,64.8962185712437,4.));
#2508=CARTESIAN_POINT('',(47.099999999999,64.8962185712437,4.));
#2509=CARTESIAN_POINT('Origin',(22.24999999999,78.3196123298836,3.2));
#2510=CARTESIAN_POINT('',(25.24999999999,78.3196123298836,3.2));
#2511=CARTESIAN_POINT('Origin',(22.24999999999,78.3196123298836,3.2));
#2512=CARTESIAN_POINT('',(23.84999999999,78.3196123298836,3.2));
#2513=CARTESIAN_POINT('Origin',(22.24999999999,78.3196123298836,3.2));
#2514=CARTESIAN_POINT('Origin',(22.24999999999,78.3196123298836,1.6));
#2515=CARTESIAN_POINT('',(25.24999999999,78.3196123298836,1.6));
#2516=CARTESIAN_POINT('Origin',(22.24999999999,78.3196123298836,4.));
#2517=CARTESIAN_POINT('',(23.84999999999,78.3196123298836,4.));
#2518=CARTESIAN_POINT('Origin',(22.2500000000108,51.4728248125677,3.2));
#2519=CARTESIAN_POINT('',(25.2500000000108,51.4728248125677,3.2));
#2520=CARTESIAN_POINT('Origin',(22.2500000000108,51.4728248125677,3.2));
#2521=CARTESIAN_POINT('',(23.8500000000108,51.4728248125677,3.2));
#2522=CARTESIAN_POINT('Origin',(22.2500000000108,51.4728248125677,3.2));
#2523=CARTESIAN_POINT('Origin',(22.2500000000108,51.4728248125677,1.6));
#2524=CARTESIAN_POINT('',(25.2500000000108,51.4728248125677,1.6));
#2525=CARTESIAN_POINT('Origin',(22.2500000000108,51.4728248125677,4.));
#2526=CARTESIAN_POINT('',(23.8500000000108,51.4728248125677,4.));
#2527=CARTESIAN_POINT('Origin',(30.,128.,-3.75));
#2528=CARTESIAN_POINT('',(33.75,128.,-7.5));
#2529=CARTESIAN_POINT('',(26.25,128.,-7.5));
#2530=CARTESIAN_POINT('',(31.875,128.,-7.5));
#2531=CARTESIAN_POINT('',(33.75,128.,-1.875));
#2532=CARTESIAN_POINT('',(26.25,128.,-5.625));
#2533=CARTESIAN_POINT('Origin',(33.75,130.,0.));
#2534=CARTESIAN_POINT('',(33.75,105.,-7.5));
#2535=CARTESIAN_POINT('',(33.75,130.,-7.5));
#2536=CARTESIAN_POINT('',(33.75,105.,-7.5));
#2537=CARTESIAN_POINT('Origin',(36.75,130.,-10.5));
#2538=CARTESIAN_POINT('',(36.75,105.,-10.5));
#2539=CARTESIAN_POINT('',(36.75,105.,-10.5));
#2540=CARTESIAN_POINT('',(36.75,130.,-10.5));
#2541=CARTESIAN_POINT('Origin',(23.25,130.,-10.5));
#2542=CARTESIAN_POINT('',(23.25,105.,-10.5));
#2543=CARTESIAN_POINT('',(23.25,105.,-10.5));
#2544=CARTESIAN_POINT('',(23.25,130.,-10.5));
#2545=CARTESIAN_POINT('Origin',(23.25,130.,0.));
#2546=CARTESIAN_POINT('',(23.25,105.,6.));
#2547=CARTESIAN_POINT('Origin',(26.25,130.,-7.5));
#2548=CARTESIAN_POINT('',(26.25,105.,-7.5));
#2549=CARTESIAN_POINT('',(26.25,105.,-7.5));
#2550=CARTESIAN_POINT('',(26.25,130.,-7.5));
#2551=CARTESIAN_POINT('Origin',(33.75,130.,-7.5));
#2552=CARTESIAN_POINT('',(26.25,105.,-7.5));
#2553=CARTESIAN_POINT('Origin',(30.,105.,-5.25));
#2554=CARTESIAN_POINT('Origin',(28.4,112.,0.));
#2555=CARTESIAN_POINT('',(28.3999999999999,122.,0.));
#2556=CARTESIAN_POINT('',(28.4,112.,0.));
#2557=CARTESIAN_POINT('Origin',(31.6,112.,0.));
#2558=CARTESIAN_POINT('',(31.6,112.,0.));
#2559=CARTESIAN_POINT('Origin',(31.6,122.,0.));
#2560=CARTESIAN_POINT('',(31.6,122.,0.));
#2561=CARTESIAN_POINT('Origin',(28.3999999999999,122.,0.));
#2562=CARTESIAN_POINT('Origin',(29.9999999999999,72.,0.));
#2563=CARTESIAN_POINT('',(23.9499999999999,72.,0.));
#2564=CARTESIAN_POINT('Origin',(0.,4.93038065763132E-31,0.));
#2565=CARTESIAN_POINT('',(60.,4.44089209850063E-15,0.));
#2566=CARTESIAN_POINT('Origin',(60.,0.,0.));
#2567=UNCERTAINTY_MEASURE_WITH_UNIT(LENGTH_MEASURE(0.01),#2571,
'DISTANCE_ACCURACY_VALUE',
'Maximum model space distance between geometric entities at asserted c
onnectivities');
#2568=UNCERTAINTY_MEASURE_WITH_UNIT(LENGTH_MEASURE(0.01),#2571,
'DISTANCE_ACCURACY_VALUE',
'Maximum model space distance between geometric entities at asserted c
onnectivities');
#2569=(
GEOMETRIC_REPRESENTATION_CONTEXT(3)
GLOBAL_UNCERTAINTY_ASSIGNED_CONTEXT((#2567))
GLOBAL_UNIT_ASSIGNED_CONTEXT((#2571,#2573,#2574))
REPRESENTATION_CONTEXT('','3D')
);
#2570=(
GEOMETRIC_REPRESENTATION_CONTEXT(3)
GLOBAL_UNCERTAINTY_ASSIGNED_CONTEXT((#2568))
GLOBAL_UNIT_ASSIGNED_CONTEXT((#2571,#2573,#2574))
REPRESENTATION_CONTEXT('','3D')
);
#2571=(
LENGTH_UNIT()
NAMED_UNIT(*)
SI_UNIT(.MILLI.,.METRE.)
);
#2572=(
LENGTH_UNIT()
NAMED_UNIT(*)
SI_UNIT($,.METRE.)
);
#2573=(
NAMED_UNIT(*)
PLANE_ANGLE_UNIT()
SI_UNIT($,.RADIAN.)
);
#2574=(
NAMED_UNIT(*)
SI_UNIT($,.STERADIAN.)
SOLID_ANGLE_UNIT()
);
#2575=SHAPE_DEFINITION_REPRESENTATION(#2576,#2577);
#2576=PRODUCT_DEFINITION_SHAPE('',$,#2579);
#2577=SHAPE_REPRESENTATION('',(#1563),#2569);
#2578=PRODUCT_DEFINITION_CONTEXT('part definition',#2583,'design');
#2579=PRODUCT_DEFINITION('Halter_Motor','Halter_Motor v5',#2580,#2578);
#2580=PRODUCT_DEFINITION_FORMATION('',$,#2585);
#2581=PRODUCT_RELATED_PRODUCT_CATEGORY('Halter_Motor v5',
'Halter_Motor v5',(#2585));
#2582=APPLICATION_PROTOCOL_DEFINITION('international standard',
'automotive_design',2009,#2583);
#2583=APPLICATION_CONTEXT(
'Core Data for Automotive Mechanical Design Process');
#2584=PRODUCT_CONTEXT('part definition',#2583,'mechanical');
#2585=PRODUCT('Halter_Motor','Halter_Motor v5',$,(#2584));
#2586=PRESENTATION_STYLE_ASSIGNMENT((#2587));
#2587=SURFACE_STYLE_USAGE(.BOTH.,#2588);
#2588=SURFACE_SIDE_STYLE('',(#2589));
#2589=SURFACE_STYLE_FILL_AREA(#2590);
#2590=FILL_AREA_STYLE('Stahl - satiniert',(#2591));
#2591=FILL_AREA_STYLE_COLOUR('Stahl - satiniert',#2592);
#2592=COLOUR_RGB('Stahl - satiniert',0.627450980392157,0.627450980392157,
0.627450980392157);
ENDSEC;
END-ISO-10303-21;
