ISO-10303-21;
HEADER;
/* Generated by software containing ST-Developer
 * from STEP Tools, Inc. (www.steptools.com) 
 */

FILE_DESCRIPTION(
/* description */ (''),
/* implementation_level */ '2;1');

FILE_NAME(
/* name */ 'Kran_Halter_Board.step',
/* time_stamp */ '2026-06-28T17:03:39+02:00',
/* author */ (''),
/* organization */ (''),
/* preprocessor_version */ 'ST-DEVELOPER v20.1',
/* originating_system */ 'Autodesk Translation Framework v15.8.0.0',
/* authorisation */ '');

FILE_SCHEMA (('AUTOMOTIVE_DESIGN { 1 0 10303 214 3 1 1 }'));
ENDSEC;

DATA;
#10=MECHANICAL_DESIGN_GEOMETRIC_PRESENTATION_REPRESENTATION('',(#13),#3078);
#11=SHAPE_REPRESENTATION_RELATIONSHIP('SRR','None',#3085,#12);
#12=ADVANCED_BREP_SHAPE_REPRESENTATION('',(#14),#3077);
#13=STYLED_ITEM('',(#3094),#14);
#14=MANIFOLD_SOLID_BREP('K\X\F6rper1',#1900);
#15=FACE_BOUND('',#189,.T.);
#16=FACE_BOUND('',#190,.T.);
#17=FACE_BOUND('',#191,.T.);
#18=FACE_BOUND('',#192,.T.);
#19=FACE_BOUND('',#193,.T.);
#20=FACE_BOUND('',#198,.T.);
#21=FACE_BOUND('',#199,.T.);
#22=FACE_BOUND('',#200,.T.);
#23=FACE_BOUND('',#201,.T.);
#24=FACE_BOUND('',#202,.T.);
#25=FACE_BOUND('',#226,.T.);
#26=FACE_BOUND('',#234,.T.);
#27=FACE_BOUND('',#242,.T.);
#28=FACE_BOUND('',#250,.T.);
#29=CIRCLE('',#1927,4.);
#30=CIRCLE('',#1928,4.);
#31=CIRCLE('',#1930,4.);
#32=CIRCLE('',#1931,4.);
#33=CIRCLE('',#1932,4.);
#34=CIRCLE('',#1933,4.);
#35=CIRCLE('',#1934,4.);
#36=CIRCLE('',#1935,4.);
#37=CIRCLE('',#1936,4.);
#38=CIRCLE('',#1937,4.);
#39=CIRCLE('',#1938,4.);
#40=CIRCLE('',#1939,4.);
#41=CIRCLE('',#1940,4.);
#42=CIRCLE('',#1941,1.4);
#43=CIRCLE('',#1942,1.6);
#44=CIRCLE('',#1943,1.6);
#45=CIRCLE('',#1944,1.6);
#46=CIRCLE('',#1945,1.6);
#47=CIRCLE('',#1948,4.);
#48=CIRCLE('',#1950,4.);
#49=CIRCLE('',#1952,4.);
#50=CIRCLE('',#1953,4.);
#51=CIRCLE('',#1954,4.);
#52=CIRCLE('',#1955,4.);
#53=CIRCLE('',#1956,4.);
#54=CIRCLE('',#1957,4.);
#55=CIRCLE('',#1958,4.);
#56=CIRCLE('',#1959,4.);
#57=CIRCLE('',#1960,4.);
#58=CIRCLE('',#1961,1.4);
#59=CIRCLE('',#1985,1.6);
#60=CIRCLE('',#1993,1.6);
#61=CIRCLE('',#2001,1.6);
#62=CIRCLE('',#2009,1.6);
#63=CYLINDRICAL_SURFACE('',#1926,4.);
#64=CYLINDRICAL_SURFACE('',#1947,4.);
#65=CYLINDRICAL_SURFACE('',#1949,4.);
#66=CYLINDRICAL_SURFACE('',#1963,4.);
#67=CYLINDRICAL_SURFACE('',#1964,4.);
#68=CYLINDRICAL_SURFACE('',#1966,4.);
#69=CYLINDRICAL_SURFACE('',#1968,4.);
#70=CYLINDRICAL_SURFACE('',#1970,4.);
#71=CYLINDRICAL_SURFACE('',#1971,4.);
#72=CYLINDRICAL_SURFACE('',#1973,4.);
#73=CYLINDRICAL_SURFACE('',#1974,4.);
#74=CYLINDRICAL_SURFACE('',#1976,4.);
#75=CYLINDRICAL_SURFACE('',#2017,1.4);
#76=CYLINDRICAL_SURFACE('',#2018,1.6);
#77=CYLINDRICAL_SURFACE('',#2019,1.6);
#78=CYLINDRICAL_SURFACE('',#2020,1.6);
#79=CYLINDRICAL_SURFACE('',#2030,1.6);
#80=FACE_OUTER_BOUND('',#175,.T.);
#81=FACE_OUTER_BOUND('',#176,.T.);
#82=FACE_OUTER_BOUND('',#177,.T.);
#83=FACE_OUTER_BOUND('',#178,.T.);
#84=FACE_OUTER_BOUND('',#179,.T.);
#85=FACE_OUTER_BOUND('',#180,.T.);
#86=FACE_OUTER_BOUND('',#181,.T.);
#87=FACE_OUTER_BOUND('',#182,.T.);
#88=FACE_OUTER_BOUND('',#183,.T.);
#89=FACE_OUTER_BOUND('',#184,.T.);
#90=FACE_OUTER_BOUND('',#185,.T.);
#91=FACE_OUTER_BOUND('',#186,.T.);
#92=FACE_OUTER_BOUND('',#187,.T.);
#93=FACE_OUTER_BOUND('',#188,.T.);
#94=FACE_OUTER_BOUND('',#194,.T.);
#95=FACE_OUTER_BOUND('',#195,.T.);
#96=FACE_OUTER_BOUND('',#196,.T.);
#97=FACE_OUTER_BOUND('',#197,.T.);
#98=FACE_OUTER_BOUND('',#203,.T.);
#99=FACE_OUTER_BOUND('',#204,.T.);
#100=FACE_OUTER_BOUND('',#205,.T.);
#101=FACE_OUTER_BOUND('',#206,.T.);
#102=FACE_OUTER_BOUND('',#207,.T.);
#103=FACE_OUTER_BOUND('',#208,.T.);
#104=FACE_OUTER_BOUND('',#209,.T.);
#105=FACE_OUTER_BOUND('',#210,.T.);
#106=FACE_OUTER_BOUND('',#211,.T.);
#107=FACE_OUTER_BOUND('',#212,.T.);
#108=FACE_OUTER_BOUND('',#213,.T.);
#109=FACE_OUTER_BOUND('',#214,.T.);
#110=FACE_OUTER_BOUND('',#215,.T.);
#111=FACE_OUTER_BOUND('',#216,.T.);
#112=FACE_OUTER_BOUND('',#217,.T.);
#113=FACE_OUTER_BOUND('',#218,.T.);
#114=FACE_OUTER_BOUND('',#219,.T.);
#115=FACE_OUTER_BOUND('',#220,.T.);
#116=FACE_OUTER_BOUND('',#221,.T.);
#117=FACE_OUTER_BOUND('',#222,.T.);
#118=FACE_OUTER_BOUND('',#223,.T.);
#119=FACE_OUTER_BOUND('',#224,.T.);
#120=FACE_OUTER_BOUND('',#225,.T.);
#121=FACE_OUTER_BOUND('',#227,.T.);
#122=FACE_OUTER_BOUND('',#228,.T.);
#123=FACE_OUTER_BOUND('',#229,.T.);
#124=FACE_OUTER_BOUND('',#230,.T.);
#125=FACE_OUTER_BOUND('',#231,.T.);
#126=FACE_OUTER_BOUND('',#232,.T.);
#127=FACE_OUTER_BOUND('',#233,.T.);
#128=FACE_OUTER_BOUND('',#235,.T.);
#129=FACE_OUTER_BOUND('',#236,.T.);
#130=FACE_OUTER_BOUND('',#237,.T.);
#131=FACE_OUTER_BOUND('',#238,.T.);
#132=FACE_OUTER_BOUND('',#239,.T.);
#133=FACE_OUTER_BOUND('',#240,.T.);
#134=FACE_OUTER_BOUND('',#241,.T.);
#135=FACE_OUTER_BOUND('',#243,.T.);
#136=FACE_OUTER_BOUND('',#244,.T.);
#137=FACE_OUTER_BOUND('',#245,.T.);
#138=FACE_OUTER_BOUND('',#246,.T.);
#139=FACE_OUTER_BOUND('',#247,.T.);
#140=FACE_OUTER_BOUND('',#248,.T.);
#141=FACE_OUTER_BOUND('',#249,.T.);
#142=FACE_OUTER_BOUND('',#251,.T.);
#143=FACE_OUTER_BOUND('',#252,.T.);
#144=FACE_OUTER_BOUND('',#253,.T.);
#145=FACE_OUTER_BOUND('',#254,.T.);
#146=FACE_OUTER_BOUND('',#255,.T.);
#147=FACE_OUTER_BOUND('',#256,.T.);
#148=FACE_OUTER_BOUND('',#257,.T.);
#149=FACE_OUTER_BOUND('',#258,.T.);
#150=FACE_OUTER_BOUND('',#259,.T.);
#151=FACE_OUTER_BOUND('',#260,.T.);
#152=FACE_OUTER_BOUND('',#261,.T.);
#153=FACE_OUTER_BOUND('',#262,.T.);
#154=FACE_OUTER_BOUND('',#263,.T.);
#155=FACE_OUTER_BOUND('',#264,.T.);
#156=FACE_OUTER_BOUND('',#265,.T.);
#157=FACE_OUTER_BOUND('',#266,.T.);
#158=FACE_OUTER_BOUND('',#267,.T.);
#159=FACE_OUTER_BOUND('',#268,.T.);
#160=FACE_OUTER_BOUND('',#269,.T.);
#161=FACE_OUTER_BOUND('',#270,.T.);
#162=FACE_OUTER_BOUND('',#271,.T.);
#163=FACE_OUTER_BOUND('',#272,.T.);
#164=FACE_OUTER_BOUND('',#273,.T.);
#165=FACE_OUTER_BOUND('',#274,.T.);
#166=FACE_OUTER_BOUND('',#275,.T.);
#167=FACE_OUTER_BOUND('',#276,.T.);
#168=FACE_OUTER_BOUND('',#277,.T.);
#169=FACE_OUTER_BOUND('',#278,.T.);
#170=FACE_OUTER_BOUND('',#279,.T.);
#171=FACE_OUTER_BOUND('',#280,.T.);
#172=FACE_OUTER_BOUND('',#281,.T.);
#173=FACE_OUTER_BOUND('',#282,.T.);
#174=FACE_OUTER_BOUND('',#283,.T.);
#175=EDGE_LOOP('',(#1193,#1194,#1195,#1196,#1197,#1198));
#176=EDGE_LOOP('',(#1199,#1200,#1201));
#177=EDGE_LOOP('',(#1202,#1203,#1204));
#178=EDGE_LOOP('',(#1205,#1206,#1207,#1208));
#179=EDGE_LOOP('',(#1209,#1210,#1211,#1212));
#180=EDGE_LOOP('',(#1213,#1214,#1215,#1216,#1217,#1218));
#181=EDGE_LOOP('',(#1219,#1220,#1221));
#182=EDGE_LOOP('',(#1222,#1223,#1224));
#183=EDGE_LOOP('',(#1225,#1226,#1227,#1228));
#184=EDGE_LOOP('',(#1229,#1230,#1231,#1232));
#185=EDGE_LOOP('',(#1233,#1234,#1235,#1236));
#186=EDGE_LOOP('',(#1237,#1238,#1239,#1240));
#187=EDGE_LOOP('',(#1241,#1242,#1243,#1244));
#188=EDGE_LOOP('',(#1245,#1246,#1247,#1248,#1249,#1250,#1251,#1252,#1253,
#1254,#1255,#1256,#1257,#1258,#1259,#1260,#1261,#1262,#1263,#1264,#1265,
#1266,#1267,#1268,#1269,#1270,#1271,#1272,#1273,#1274,#1275,#1276,#1277,
#1278,#1279,#1280,#1281,#1282,#1283,#1284,#1285,#1286,#1287,#1288));
#189=EDGE_LOOP('',(#1289));
#190=EDGE_LOOP('',(#1290));
#191=EDGE_LOOP('',(#1291));
#192=EDGE_LOOP('',(#1292));
#193=EDGE_LOOP('',(#1293));
#194=EDGE_LOOP('',(#1294,#1295,#1296,#1297,#1298,#1299,#1300,#1301,#1302,
#1303,#1304,#1305,#1306,#1307,#1308,#1309));
#195=EDGE_LOOP('',(#1310,#1311,#1312,#1313));
#196=EDGE_LOOP('',(#1314,#1315,#1316,#1317));
#197=EDGE_LOOP('',(#1318,#1319,#1320,#1321,#1322,#1323,#1324,#1325,#1326,
#1327,#1328,#1329,#1330,#1331,#1332,#1333,#1334,#1335,#1336,#1337,#1338,
#1339,#1340,#1341,#1342,#1343,#1344,#1345,#1346,#1347,#1348,#1349,#1350,
#1351,#1352,#1353,#1354,#1355,#1356,#1357,#1358,#1359,#1360,#1361));
#198=EDGE_LOOP('',(#1362,#1363,#1364,#1365,#1366,#1367));
#199=EDGE_LOOP('',(#1368,#1369,#1370,#1371,#1372,#1373));
#200=EDGE_LOOP('',(#1374,#1375,#1376,#1377,#1378,#1379));
#201=EDGE_LOOP('',(#1380,#1381,#1382,#1383,#1384,#1385));
#202=EDGE_LOOP('',(#1386));
#203=EDGE_LOOP('',(#1387,#1388,#1389,#1390));
#204=EDGE_LOOP('',(#1391,#1392,#1393,#1394));
#205=EDGE_LOOP('',(#1395,#1396,#1397,#1398));
#206=EDGE_LOOP('',(#1399,#1400,#1401,#1402));
#207=EDGE_LOOP('',(#1403,#1404,#1405,#1406));
#208=EDGE_LOOP('',(#1407,#1408,#1409,#1410));
#209=EDGE_LOOP('',(#1411,#1412,#1413,#1414));
#210=EDGE_LOOP('',(#1415,#1416,#1417,#1418));
#211=EDGE_LOOP('',(#1419,#1420,#1421,#1422));
#212=EDGE_LOOP('',(#1423,#1424,#1425,#1426));
#213=EDGE_LOOP('',(#1427,#1428,#1429,#1430));
#214=EDGE_LOOP('',(#1431,#1432,#1433,#1434));
#215=EDGE_LOOP('',(#1435,#1436,#1437,#1438));
#216=EDGE_LOOP('',(#1439,#1440,#1441,#1442));
#217=EDGE_LOOP('',(#1443,#1444,#1445,#1446));
#218=EDGE_LOOP('',(#1447,#1448,#1449,#1450));
#219=EDGE_LOOP('',(#1451,#1452,#1453,#1454));
#220=EDGE_LOOP('',(#1455,#1456,#1457,#1458));
#221=EDGE_LOOP('',(#1459,#1460,#1461,#1462));
#222=EDGE_LOOP('',(#1463,#1464,#1465,#1466));
#223=EDGE_LOOP('',(#1467,#1468,#1469,#1470));
#224=EDGE_LOOP('',(#1471,#1472,#1473,#1474));
#225=EDGE_LOOP('',(#1475,#1476,#1477,#1478,#1479,#1480));
#226=EDGE_LOOP('',(#1481));
#227=EDGE_LOOP('',(#1482,#1483,#1484,#1485));
#228=EDGE_LOOP('',(#1486,#1487,#1488,#1489));
#229=EDGE_LOOP('',(#1490,#1491,#1492,#1493));
#230=EDGE_LOOP('',(#1494,#1495,#1496,#1497));
#231=EDGE_LOOP('',(#1498,#1499,#1500,#1501));
#232=EDGE_LOOP('',(#1502,#1503,#1504,#1505));
#233=EDGE_LOOP('',(#1506,#1507,#1508,#1509,#1510,#1511));
#234=EDGE_LOOP('',(#1512));
#235=EDGE_LOOP('',(#1513,#1514,#1515,#1516));
#236=EDGE_LOOP('',(#1517,#1518,#1519,#1520));
#237=EDGE_LOOP('',(#1521,#1522,#1523,#1524));
#238=EDGE_LOOP('',(#1525,#1526,#1527,#1528));
#239=EDGE_LOOP('',(#1529,#1530,#1531,#1532));
#240=EDGE_LOOP('',(#1533,#1534,#1535,#1536));
#241=EDGE_LOOP('',(#1537,#1538,#1539,#1540,#1541,#1542));
#242=EDGE_LOOP('',(#1543));
#243=EDGE_LOOP('',(#1544,#1545,#1546,#1547));
#244=EDGE_LOOP('',(#1548,#1549,#1550,#1551));
#245=EDGE_LOOP('',(#1552,#1553,#1554,#1555));
#246=EDGE_LOOP('',(#1556,#1557,#1558,#1559));
#247=EDGE_LOOP('',(#1560,#1561,#1562,#1563));
#248=EDGE_LOOP('',(#1564,#1565,#1566,#1567));
#249=EDGE_LOOP('',(#1568,#1569,#1570,#1571,#1572,#1573));
#250=EDGE_LOOP('',(#1574));
#251=EDGE_LOOP('',(#1575,#1576,#1577,#1578));
#252=EDGE_LOOP('',(#1579,#1580,#1581,#1582));
#253=EDGE_LOOP('',(#1583,#1584,#1585,#1586,#1587,#1588));
#254=EDGE_LOOP('',(#1589,#1590,#1591,#1592,#1593,#1594));
#255=EDGE_LOOP('',(#1595,#1596,#1597,#1598));
#256=EDGE_LOOP('',(#1599,#1600,#1601,#1602));
#257=EDGE_LOOP('',(#1603,#1604,#1605,#1606));
#258=EDGE_LOOP('',(#1607,#1608,#1609,#1610));
#259=EDGE_LOOP('',(#1611,#1612,#1613,#1614));
#260=EDGE_LOOP('',(#1615,#1616,#1617,#1618));
#261=EDGE_LOOP('',(#1619,#1620,#1621,#1622));
#262=EDGE_LOOP('',(#1623,#1624,#1625,#1626,#1627));
#263=EDGE_LOOP('',(#1628,#1629,#1630,#1631));
#264=EDGE_LOOP('',(#1632,#1633,#1634,#1635,#1636,#1637,#1638,#1639,#1640));
#265=EDGE_LOOP('',(#1641,#1642,#1643,#1644));
#266=EDGE_LOOP('',(#1645,#1646,#1647,#1648));
#267=EDGE_LOOP('',(#1649,#1650,#1651,#1652,#1653,#1654,#1655,#1656,#1657));
#268=EDGE_LOOP('',(#1658,#1659,#1660,#1661));
#269=EDGE_LOOP('',(#1662,#1663,#1664,#1665,#1666));
#270=EDGE_LOOP('',(#1667,#1668,#1669,#1670,#1671,#1672,#1673,#1674));
#271=EDGE_LOOP('',(#1675,#1676,#1677,#1678));
#272=EDGE_LOOP('',(#1679,#1680,#1681,#1682));
#273=EDGE_LOOP('',(#1683,#1684,#1685,#1686));
#274=EDGE_LOOP('',(#1687,#1688,#1689,#1690));
#275=EDGE_LOOP('',(#1691,#1692,#1693,#1694));
#276=EDGE_LOOP('',(#1695,#1696,#1697,#1698));
#277=EDGE_LOOP('',(#1699,#1700,#1701,#1702));
#278=EDGE_LOOP('',(#1703,#1704,#1705,#1706));
#279=EDGE_LOOP('',(#1707,#1708,#1709,#1710));
#280=EDGE_LOOP('',(#1711,#1712,#1713,#1714));
#281=EDGE_LOOP('',(#1715,#1716,#1717,#1718));
#282=EDGE_LOOP('',(#1719,#1720,#1721,#1722));
#283=EDGE_LOOP('',(#1723,#1724,#1725,#1726));
#284=LINE('',#2540,#517);
#285=LINE('',#2542,#518);
#286=LINE('',#2544,#519);
#287=LINE('',#2546,#520);
#288=LINE('',#2548,#521);
#289=LINE('',#2549,#522);
#290=LINE('',#2552,#523);
#291=LINE('',#2553,#524);
#292=LINE('',#2556,#525);
#293=LINE('',#2557,#526);
#294=LINE('',#2560,#527);
#295=LINE('',#2562,#528);
#296=LINE('',#2563,#529);
#297=LINE('',#2566,#530);
#298=LINE('',#2568,#531);
#299=LINE('',#2569,#532);
#300=LINE('',#2572,#533);
#301=LINE('',#2574,#534);
#302=LINE('',#2576,#535);
#303=LINE('',#2578,#536);
#304=LINE('',#2579,#537);
#305=LINE('',#2582,#538);
#306=LINE('',#2583,#539);
#307=LINE('',#2586,#540);
#308=LINE('',#2587,#541);
#309=LINE('',#2590,#542);
#310=LINE('',#2592,#543);
#311=LINE('',#2593,#544);
#312=LINE('',#2597,#545);
#313=LINE('',#2599,#546);
#314=LINE('',#2601,#547);
#315=LINE('',#2602,#548);
#316=LINE('',#2605,#549);
#317=LINE('',#2607,#550);
#318=LINE('',#2608,#551);
#319=LINE('',#2611,#552);
#320=LINE('',#2613,#553);
#321=LINE('',#2614,#554);
#322=LINE('',#2620,#555);
#323=LINE('',#2623,#556);
#324=LINE('',#2626,#557);
#325=LINE('',#2628,#558);
#326=LINE('',#2630,#559);
#327=LINE('',#2632,#560);
#328=LINE('',#2633,#561);
#329=LINE('',#2635,#562);
#330=LINE('',#2637,#563);
#331=LINE('',#2639,#564);
#332=LINE('',#2641,#565);
#333=LINE('',#2643,#566);
#334=LINE('',#2647,#567);
#335=LINE('',#2649,#568);
#336=LINE('',#2653,#569);
#337=LINE('',#2657,#570);
#338=LINE('',#2659,#571);
#339=LINE('',#2661,#572);
#340=LINE('',#2665,#573);
#341=LINE('',#2669,#574);
#342=LINE('',#2671,#575);
#343=LINE('',#2675,#576);
#344=LINE('',#2679,#577);
#345=LINE('',#2681,#578);
#346=LINE('',#2685,#579);
#347=LINE('',#2689,#580);
#348=LINE('',#2691,#581);
#349=LINE('',#2693,#582);
#350=LINE('',#2697,#583);
#351=LINE('',#2701,#584);
#352=LINE('',#2702,#585);
#353=LINE('',#2715,#586);
#354=LINE('',#2716,#587);
#355=LINE('',#2718,#588);
#356=LINE('',#2720,#589);
#357=LINE('',#2721,#590);
#358=LINE('',#2723,#591);
#359=LINE('',#2725,#592);
#360=LINE('',#2726,#593);
#361=LINE('',#2730,#594);
#362=LINE('',#2735,#595);
#363=LINE('',#2736,#596);
#364=LINE('',#2739,#597);
#365=LINE('',#2741,#598);
#366=LINE('',#2745,#599);
#367=LINE('',#2749,#600);
#368=LINE('',#2751,#601);
#369=LINE('',#2753,#602);
#370=LINE('',#2757,#603);
#371=LINE('',#2761,#604);
#372=LINE('',#2763,#605);
#373=LINE('',#2767,#606);
#374=LINE('',#2771,#607);
#375=LINE('',#2773,#608);
#376=LINE('',#2777,#609);
#377=LINE('',#2781,#610);
#378=LINE('',#2783,#611);
#379=LINE('',#2784,#612);
#380=LINE('',#2786,#613);
#381=LINE('',#2790,#614);
#382=LINE('',#2791,#615);
#383=LINE('',#2793,#616);
#384=LINE('',#2795,#617);
#385=LINE('',#2797,#618);
#386=LINE('',#2798,#619);
#387=LINE('',#2800,#620);
#388=LINE('',#2802,#621);
#389=LINE('',#2804,#622);
#390=LINE('',#2805,#623);
#391=LINE('',#2808,#624);
#392=LINE('',#2810,#625);
#393=LINE('',#2812,#626);
#394=LINE('',#2814,#627);
#395=LINE('',#2816,#628);
#396=LINE('',#2817,#629);
#397=LINE('',#2820,#630);
#398=LINE('',#2822,#631);
#399=LINE('',#2824,#632);
#400=LINE('',#2826,#633);
#401=LINE('',#2828,#634);
#402=LINE('',#2829,#635);
#403=LINE('',#2832,#636);
#404=LINE('',#2834,#637);
#405=LINE('',#2836,#638);
#406=LINE('',#2838,#639);
#407=LINE('',#2840,#640);
#408=LINE('',#2841,#641);
#409=LINE('',#2844,#642);
#410=LINE('',#2846,#643);
#411=LINE('',#2848,#644);
#412=LINE('',#2850,#645);
#413=LINE('',#2852,#646);
#414=LINE('',#2853,#647);
#415=LINE('',#2857,#648);
#416=LINE('',#2859,#649);
#417=LINE('',#2861,#650);
#418=LINE('',#2862,#651);
#419=LINE('',#2864,#652);
#420=LINE('',#2866,#653);
#421=LINE('',#2867,#654);
#422=LINE('',#2869,#655);
#423=LINE('',#2871,#656);
#424=LINE('',#2872,#657);
#425=LINE('',#2874,#658);
#426=LINE('',#2876,#659);
#427=LINE('',#2878,#660);
#428=LINE('',#2879,#661);
#429=LINE('',#2881,#662);
#430=LINE('',#2883,#663);
#431=LINE('',#2885,#664);
#432=LINE('',#2886,#665);
#433=LINE('',#2888,#666);
#434=LINE('',#2890,#667);
#435=LINE('',#2891,#668);
#436=LINE('',#2893,#669);
#437=LINE('',#2896,#670);
#438=LINE('',#2898,#671);
#439=LINE('',#2899,#672);
#440=LINE('',#2902,#673);
#441=LINE('',#2903,#674);
#442=LINE('',#2906,#675);
#443=LINE('',#2907,#676);
#444=LINE('',#2910,#677);
#445=LINE('',#2911,#678);
#446=LINE('',#2914,#679);
#447=LINE('',#2915,#680);
#448=LINE('',#2917,#681);
#449=LINE('',#2923,#682);
#450=LINE('',#2925,#683);
#451=LINE('',#2926,#684);
#452=LINE('',#2929,#685);
#453=LINE('',#2930,#686);
#454=LINE('',#2933,#687);
#455=LINE('',#2934,#688);
#456=LINE('',#2937,#689);
#457=LINE('',#2938,#690);
#458=LINE('',#2941,#691);
#459=LINE('',#2942,#692);
#460=LINE('',#2944,#693);
#461=LINE('',#2950,#694);
#462=LINE('',#2952,#695);
#463=LINE('',#2953,#696);
#464=LINE('',#2956,#697);
#465=LINE('',#2957,#698);
#466=LINE('',#2960,#699);
#467=LINE('',#2961,#700);
#468=LINE('',#2964,#701);
#469=LINE('',#2965,#702);
#470=LINE('',#2968,#703);
#471=LINE('',#2969,#704);
#472=LINE('',#2971,#705);
#473=LINE('',#2977,#706);
#474=LINE('',#2979,#707);
#475=LINE('',#2980,#708);
#476=LINE('',#2983,#709);
#477=LINE('',#2984,#710);
#478=LINE('',#2987,#711);
#479=LINE('',#2988,#712);
#480=LINE('',#2991,#713);
#481=LINE('',#2992,#714);
#482=LINE('',#2995,#715);
#483=LINE('',#2996,#716);
#484=LINE('',#2998,#717);
#485=LINE('',#3004,#718);
#486=LINE('',#3006,#719);
#487=LINE('',#3007,#720);
#488=LINE('',#3009,#721);
#489=LINE('',#3010,#722);
#490=LINE('',#3013,#723);
#491=LINE('',#3015,#724);
#492=LINE('',#3018,#725);
#493=LINE('',#3020,#726);
#494=LINE('',#3022,#727);
#495=LINE('',#3023,#728);
#496=LINE('',#3027,#729);
#497=LINE('',#3028,#730);
#498=LINE('',#3030,#731);
#499=LINE('',#3031,#732);
#500=LINE('',#3033,#733);
#501=LINE('',#3035,#734);
#502=LINE('',#3037,#735);
#503=LINE('',#3039,#736);
#504=LINE('',#3041,#737);
#505=LINE('',#3043,#738);
#506=LINE('',#3045,#739);
#507=LINE('',#3046,#740);
#508=LINE('',#3049,#741);
#509=LINE('',#3051,#742);
#510=LINE('',#3052,#743);
#511=LINE('',#3054,#744);
#512=LINE('',#3058,#745);
#513=LINE('',#3060,#746);
#514=LINE('',#3064,#747);
#515=LINE('',#3067,#748);
#516=LINE('',#3069,#749);
#517=VECTOR('',#2047,10.);
#518=VECTOR('',#2048,10.);
#519=VECTOR('',#2049,10.);
#520=VECTOR('',#2050,10.);
#521=VECTOR('',#2051,10.);
#522=VECTOR('',#2052,10.);
#523=VECTOR('',#2055,10.);
#524=VECTOR('',#2056,10.);
#525=VECTOR('',#2059,10.);
#526=VECTOR('',#2060,10.);
#527=VECTOR('',#2063,10.);
#528=VECTOR('',#2064,10.);
#529=VECTOR('',#2065,10.);
#530=VECTOR('',#2068,10.);
#531=VECTOR('',#2069,10.);
#532=VECTOR('',#2070,10.);
#533=VECTOR('',#2073,10.);
#534=VECTOR('',#2074,10.);
#535=VECTOR('',#2075,10.);
#536=VECTOR('',#2076,10.);
#537=VECTOR('',#2077,10.);
#538=VECTOR('',#2080,10.);
#539=VECTOR('',#2081,10.);
#540=VECTOR('',#2084,10.);
#541=VECTOR('',#2085,10.);
#542=VECTOR('',#2088,10.);
#543=VECTOR('',#2089,10.);
#544=VECTOR('',#2090,10.);
#545=VECTOR('',#2093,10.);
#546=VECTOR('',#2094,10.);
#547=VECTOR('',#2095,10.);
#548=VECTOR('',#2096,10.);
#549=VECTOR('',#2099,10.);
#550=VECTOR('',#2100,10.);
#551=VECTOR('',#2101,10.);
#552=VECTOR('',#2104,10.);
#553=VECTOR('',#2105,10.);
#554=VECTOR('',#2106,10.);
#555=VECTOR('',#2111,10.);
#556=VECTOR('',#2114,10.);
#557=VECTOR('',#2117,10.);
#558=VECTOR('',#2118,10.);
#559=VECTOR('',#2119,10.);
#560=VECTOR('',#2120,10.);
#561=VECTOR('',#2121,10.);
#562=VECTOR('',#2122,10.);
#563=VECTOR('',#2123,10.);
#564=VECTOR('',#2124,10.);
#565=VECTOR('',#2125,10.);
#566=VECTOR('',#2126,10.);
#567=VECTOR('',#2129,10.);
#568=VECTOR('',#2130,10.);
#569=VECTOR('',#2133,10.);
#570=VECTOR('',#2136,10.);
#571=VECTOR('',#2137,10.);
#572=VECTOR('',#2138,10.);
#573=VECTOR('',#2141,10.);
#574=VECTOR('',#2144,10.);
#575=VECTOR('',#2145,10.);
#576=VECTOR('',#2148,10.);
#577=VECTOR('',#2151,10.);
#578=VECTOR('',#2152,10.);
#579=VECTOR('',#2155,10.);
#580=VECTOR('',#2158,10.);
#581=VECTOR('',#2159,10.);
#582=VECTOR('',#2160,10.);
#583=VECTOR('',#2163,10.);
#584=VECTOR('',#2166,10.);
#585=VECTOR('',#2167,10.);
#586=VECTOR('',#2180,10.);
#587=VECTOR('',#2181,10.);
#588=VECTOR('',#2182,10.);
#589=VECTOR('',#2183,10.);
#590=VECTOR('',#2184,10.);
#591=VECTOR('',#2185,10.);
#592=VECTOR('',#2186,10.);
#593=VECTOR('',#2187,10.);
#594=VECTOR('',#2192,10.);
#595=VECTOR('',#2197,10.);
#596=VECTOR('',#2198,10.);
#597=VECTOR('',#2201,10.);
#598=VECTOR('',#2202,10.);
#599=VECTOR('',#2205,10.);
#600=VECTOR('',#2208,10.);
#601=VECTOR('',#2209,10.);
#602=VECTOR('',#2210,10.);
#603=VECTOR('',#2213,10.);
#604=VECTOR('',#2216,10.);
#605=VECTOR('',#2217,10.);
#606=VECTOR('',#2220,10.);
#607=VECTOR('',#2223,10.);
#608=VECTOR('',#2224,10.);
#609=VECTOR('',#2227,10.);
#610=VECTOR('',#2230,10.);
#611=VECTOR('',#2231,10.);
#612=VECTOR('',#2232,10.);
#613=VECTOR('',#2233,10.);
#614=VECTOR('',#2236,10.);
#615=VECTOR('',#2237,10.);
#616=VECTOR('',#2238,10.);
#617=VECTOR('',#2239,10.);
#618=VECTOR('',#2240,10.);
#619=VECTOR('',#2241,10.);
#620=VECTOR('',#2242,10.);
#621=VECTOR('',#2243,10.);
#622=VECTOR('',#2244,10.);
#623=VECTOR('',#2245,10.);
#624=VECTOR('',#2246,10.);
#625=VECTOR('',#2247,10.);
#626=VECTOR('',#2248,10.);
#627=VECTOR('',#2249,10.);
#628=VECTOR('',#2250,10.);
#629=VECTOR('',#2251,10.);
#630=VECTOR('',#2252,10.);
#631=VECTOR('',#2253,10.);
#632=VECTOR('',#2254,10.);
#633=VECTOR('',#2255,10.);
#634=VECTOR('',#2256,10.);
#635=VECTOR('',#2257,10.);
#636=VECTOR('',#2258,10.);
#637=VECTOR('',#2259,10.);
#638=VECTOR('',#2260,10.);
#639=VECTOR('',#2261,10.);
#640=VECTOR('',#2262,10.);
#641=VECTOR('',#2263,10.);
#642=VECTOR('',#2264,10.);
#643=VECTOR('',#2265,10.);
#644=VECTOR('',#2266,10.);
#645=VECTOR('',#2267,10.);
#646=VECTOR('',#2268,10.);
#647=VECTOR('',#2269,10.);
#648=VECTOR('',#2274,10.);
#649=VECTOR('',#2277,10.);
#650=VECTOR('',#2280,10.);
#651=VECTOR('',#2281,10.);
#652=VECTOR('',#2284,10.);
#653=VECTOR('',#2287,10.);
#654=VECTOR('',#2288,10.);
#655=VECTOR('',#2291,10.);
#656=VECTOR('',#2294,10.);
#657=VECTOR('',#2295,10.);
#658=VECTOR('',#2298,10.);
#659=VECTOR('',#2301,10.);
#660=VECTOR('',#2304,10.);
#661=VECTOR('',#2305,10.);
#662=VECTOR('',#2308,10.);
#663=VECTOR('',#2311,10.);
#664=VECTOR('',#2314,10.);
#665=VECTOR('',#2315,10.);
#666=VECTOR('',#2318,10.);
#667=VECTOR('',#2321,10.);
#668=VECTOR('',#2322,10.);
#669=VECTOR('',#2325,10.);
#670=VECTOR('',#2328,10.);
#671=VECTOR('',#2329,10.);
#672=VECTOR('',#2330,10.);
#673=VECTOR('',#2333,10.);
#674=VECTOR('',#2334,10.);
#675=VECTOR('',#2337,10.);
#676=VECTOR('',#2338,10.);
#677=VECTOR('',#2341,10.);
#678=VECTOR('',#2342,10.);
#679=VECTOR('',#2345,10.);
#680=VECTOR('',#2346,10.);
#681=VECTOR('',#2349,10.);
#682=VECTOR('',#2356,10.);
#683=VECTOR('',#2357,10.);
#684=VECTOR('',#2358,10.);
#685=VECTOR('',#2361,10.);
#686=VECTOR('',#2362,10.);
#687=VECTOR('',#2365,10.);
#688=VECTOR('',#2366,10.);
#689=VECTOR('',#2369,10.);
#690=VECTOR('',#2370,10.);
#691=VECTOR('',#2373,10.);
#692=VECTOR('',#2374,10.);
#693=VECTOR('',#2377,10.);
#694=VECTOR('',#2384,10.);
#695=VECTOR('',#2385,10.);
#696=VECTOR('',#2386,10.);
#697=VECTOR('',#2389,10.);
#698=VECTOR('',#2390,10.);
#699=VECTOR('',#2393,10.);
#700=VECTOR('',#2394,10.);
#701=VECTOR('',#2397,10.);
#702=VECTOR('',#2398,10.);
#703=VECTOR('',#2401,10.);
#704=VECTOR('',#2402,10.);
#705=VECTOR('',#2405,10.);
#706=VECTOR('',#2412,10.);
#707=VECTOR('',#2413,10.);
#708=VECTOR('',#2414,10.);
#709=VECTOR('',#2417,10.);
#710=VECTOR('',#2418,10.);
#711=VECTOR('',#2421,10.);
#712=VECTOR('',#2422,10.);
#713=VECTOR('',#2425,10.);
#714=VECTOR('',#2426,10.);
#715=VECTOR('',#2429,10.);
#716=VECTOR('',#2430,10.);
#717=VECTOR('',#2433,10.);
#718=VECTOR('',#2440,10.);
#719=VECTOR('',#2441,10.);
#720=VECTOR('',#2442,10.);
#721=VECTOR('',#2445,10.);
#722=VECTOR('',#2446,10.);
#723=VECTOR('',#2451,10.);
#724=VECTOR('',#2454,10.);
#725=VECTOR('',#2457,10.);
#726=VECTOR('',#2458,10.);
#727=VECTOR('',#2459,10.);
#728=VECTOR('',#2460,10.);
#729=VECTOR('',#2463,10.);
#730=VECTOR('',#2464,10.);
#731=VECTOR('',#2465,10.);
#732=VECTOR('',#2466,10.);
#733=VECTOR('',#2469,1.4);
#734=VECTOR('',#2472,1.6);
#735=VECTOR('',#2475,1.6);
#736=VECTOR('',#2478,1.6);
#737=VECTOR('',#2481,10.);
#738=VECTOR('',#2484,10.);
#739=VECTOR('',#2487,10.);
#740=VECTOR('',#2488,10.);
#741=VECTOR('',#2493,10.);
#742=VECTOR('',#2496,10.);
#743=VECTOR('',#2497,10.);
#744=VECTOR('',#2500,10.);
#745=VECTOR('',#2507,1.6);
#746=VECTOR('',#2510,10.);
#747=VECTOR('',#2517,10.);
#748=VECTOR('',#2522,10.);
#749=VECTOR('',#2525,10.);
#750=VERTEX_POINT('',#2538);
#751=VERTEX_POINT('',#2539);
#752=VERTEX_POINT('',#2541);
#753=VERTEX_POINT('',#2543);
#754=VERTEX_POINT('',#2545);
#755=VERTEX_POINT('',#2547);
#756=VERTEX_POINT('',#2551);
#757=VERTEX_POINT('',#2555);
#758=VERTEX_POINT('',#2559);
#759=VERTEX_POINT('',#2561);
#760=VERTEX_POINT('',#2565);
#761=VERTEX_POINT('',#2567);
#762=VERTEX_POINT('',#2571);
#763=VERTEX_POINT('',#2573);
#764=VERTEX_POINT('',#2575);
#765=VERTEX_POINT('',#2577);
#766=VERTEX_POINT('',#2581);
#767=VERTEX_POINT('',#2585);
#768=VERTEX_POINT('',#2589);
#769=VERTEX_POINT('',#2591);
#770=VERTEX_POINT('',#2595);
#771=VERTEX_POINT('',#2596);
#772=VERTEX_POINT('',#2598);
#773=VERTEX_POINT('',#2600);
#774=VERTEX_POINT('',#2604);
#775=VERTEX_POINT('',#2606);
#776=VERTEX_POINT('',#2610);
#777=VERTEX_POINT('',#2612);
#778=VERTEX_POINT('',#2616);
#779=VERTEX_POINT('',#2617);
#780=VERTEX_POINT('',#2619);
#781=VERTEX_POINT('',#2621);
#782=VERTEX_POINT('',#2625);
#783=VERTEX_POINT('',#2627);
#784=VERTEX_POINT('',#2629);
#785=VERTEX_POINT('',#2631);
#786=VERTEX_POINT('',#2634);
#787=VERTEX_POINT('',#2636);
#788=VERTEX_POINT('',#2638);
#789=VERTEX_POINT('',#2640);
#790=VERTEX_POINT('',#2642);
#791=VERTEX_POINT('',#2644);
#792=VERTEX_POINT('',#2646);
#793=VERTEX_POINT('',#2648);
#794=VERTEX_POINT('',#2650);
#795=VERTEX_POINT('',#2652);
#796=VERTEX_POINT('',#2654);
#797=VERTEX_POINT('',#2656);
#798=VERTEX_POINT('',#2658);
#799=VERTEX_POINT('',#2660);
#800=VERTEX_POINT('',#2662);
#801=VERTEX_POINT('',#2664);
#802=VERTEX_POINT('',#2666);
#803=VERTEX_POINT('',#2668);
#804=VERTEX_POINT('',#2670);
#805=VERTEX_POINT('',#2672);
#806=VERTEX_POINT('',#2674);
#807=VERTEX_POINT('',#2676);
#808=VERTEX_POINT('',#2678);
#809=VERTEX_POINT('',#2680);
#810=VERTEX_POINT('',#2682);
#811=VERTEX_POINT('',#2684);
#812=VERTEX_POINT('',#2686);
#813=VERTEX_POINT('',#2688);
#814=VERTEX_POINT('',#2690);
#815=VERTEX_POINT('',#2692);
#816=VERTEX_POINT('',#2694);
#817=VERTEX_POINT('',#2696);
#818=VERTEX_POINT('',#2698);
#819=VERTEX_POINT('',#2700);
#820=VERTEX_POINT('',#2703);
#821=VERTEX_POINT('',#2705);
#822=VERTEX_POINT('',#2707);
#823=VERTEX_POINT('',#2709);
#824=VERTEX_POINT('',#2711);
#825=VERTEX_POINT('',#2714);
#826=VERTEX_POINT('',#2717);
#827=VERTEX_POINT('',#2719);
#828=VERTEX_POINT('',#2722);
#829=VERTEX_POINT('',#2724);
#830=VERTEX_POINT('',#2728);
#831=VERTEX_POINT('',#2732);
#832=VERTEX_POINT('',#2733);
#833=VERTEX_POINT('',#2738);
#834=VERTEX_POINT('',#2740);
#835=VERTEX_POINT('',#2742);
#836=VERTEX_POINT('',#2744);
#837=VERTEX_POINT('',#2746);
#838=VERTEX_POINT('',#2748);
#839=VERTEX_POINT('',#2750);
#840=VERTEX_POINT('',#2752);
#841=VERTEX_POINT('',#2754);
#842=VERTEX_POINT('',#2756);
#843=VERTEX_POINT('',#2758);
#844=VERTEX_POINT('',#2760);
#845=VERTEX_POINT('',#2762);
#846=VERTEX_POINT('',#2764);
#847=VERTEX_POINT('',#2766);
#848=VERTEX_POINT('',#2768);
#849=VERTEX_POINT('',#2770);
#850=VERTEX_POINT('',#2772);
#851=VERTEX_POINT('',#2774);
#852=VERTEX_POINT('',#2776);
#853=VERTEX_POINT('',#2778);
#854=VERTEX_POINT('',#2780);
#855=VERTEX_POINT('',#2782);
#856=VERTEX_POINT('',#2785);
#857=VERTEX_POINT('',#2787);
#858=VERTEX_POINT('',#2789);
#859=VERTEX_POINT('',#2792);
#860=VERTEX_POINT('',#2794);
#861=VERTEX_POINT('',#2796);
#862=VERTEX_POINT('',#2799);
#863=VERTEX_POINT('',#2801);
#864=VERTEX_POINT('',#2803);
#865=VERTEX_POINT('',#2806);
#866=VERTEX_POINT('',#2807);
#867=VERTEX_POINT('',#2809);
#868=VERTEX_POINT('',#2811);
#869=VERTEX_POINT('',#2813);
#870=VERTEX_POINT('',#2815);
#871=VERTEX_POINT('',#2818);
#872=VERTEX_POINT('',#2819);
#873=VERTEX_POINT('',#2821);
#874=VERTEX_POINT('',#2823);
#875=VERTEX_POINT('',#2825);
#876=VERTEX_POINT('',#2827);
#877=VERTEX_POINT('',#2830);
#878=VERTEX_POINT('',#2831);
#879=VERTEX_POINT('',#2833);
#880=VERTEX_POINT('',#2835);
#881=VERTEX_POINT('',#2837);
#882=VERTEX_POINT('',#2839);
#883=VERTEX_POINT('',#2842);
#884=VERTEX_POINT('',#2843);
#885=VERTEX_POINT('',#2845);
#886=VERTEX_POINT('',#2847);
#887=VERTEX_POINT('',#2849);
#888=VERTEX_POINT('',#2851);
#889=VERTEX_POINT('',#2854);
#890=VERTEX_POINT('',#2895);
#891=VERTEX_POINT('',#2897);
#892=VERTEX_POINT('',#2901);
#893=VERTEX_POINT('',#2905);
#894=VERTEX_POINT('',#2909);
#895=VERTEX_POINT('',#2913);
#896=VERTEX_POINT('',#2919);
#897=VERTEX_POINT('',#2922);
#898=VERTEX_POINT('',#2924);
#899=VERTEX_POINT('',#2928);
#900=VERTEX_POINT('',#2932);
#901=VERTEX_POINT('',#2936);
#902=VERTEX_POINT('',#2940);
#903=VERTEX_POINT('',#2946);
#904=VERTEX_POINT('',#2949);
#905=VERTEX_POINT('',#2951);
#906=VERTEX_POINT('',#2955);
#907=VERTEX_POINT('',#2959);
#908=VERTEX_POINT('',#2963);
#909=VERTEX_POINT('',#2967);
#910=VERTEX_POINT('',#2973);
#911=VERTEX_POINT('',#2976);
#912=VERTEX_POINT('',#2978);
#913=VERTEX_POINT('',#2982);
#914=VERTEX_POINT('',#2986);
#915=VERTEX_POINT('',#2990);
#916=VERTEX_POINT('',#2994);
#917=VERTEX_POINT('',#3000);
#918=VERTEX_POINT('',#3003);
#919=VERTEX_POINT('',#3005);
#920=VERTEX_POINT('',#3017);
#921=VERTEX_POINT('',#3019);
#922=VERTEX_POINT('',#3021);
#923=VERTEX_POINT('',#3025);
#924=VERTEX_POINT('',#3026);
#925=VERTEX_POINT('',#3029);
#926=EDGE_CURVE('',#750,#751,#284,.T.);
#927=EDGE_CURVE('',#750,#752,#285,.T.);
#928=EDGE_CURVE('',#753,#752,#286,.T.);
#929=EDGE_CURVE('',#754,#753,#287,.T.);
#930=EDGE_CURVE('',#755,#754,#288,.T.);
#931=EDGE_CURVE('',#751,#755,#289,.T.);
#932=EDGE_CURVE('',#756,#753,#290,.T.);
#933=EDGE_CURVE('',#752,#756,#291,.T.);
#934=EDGE_CURVE('',#757,#751,#292,.T.);
#935=EDGE_CURVE('',#755,#757,#293,.T.);
#936=EDGE_CURVE('',#754,#758,#294,.T.);
#937=EDGE_CURVE('',#758,#759,#295,.T.);
#938=EDGE_CURVE('',#759,#755,#296,.T.);
#939=EDGE_CURVE('',#751,#760,#297,.T.);
#940=EDGE_CURVE('',#760,#761,#298,.T.);
#941=EDGE_CURVE('',#761,#750,#299,.T.);
#942=EDGE_CURVE('',#758,#762,#300,.T.);
#943=EDGE_CURVE('',#763,#762,#301,.T.);
#944=EDGE_CURVE('',#764,#763,#302,.T.);
#945=EDGE_CURVE('',#765,#764,#303,.T.);
#946=EDGE_CURVE('',#759,#765,#304,.T.);
#947=EDGE_CURVE('',#766,#763,#305,.T.);
#948=EDGE_CURVE('',#762,#766,#306,.T.);
#949=EDGE_CURVE('',#767,#759,#307,.T.);
#950=EDGE_CURVE('',#765,#767,#308,.T.);
#951=EDGE_CURVE('',#764,#768,#309,.T.);
#952=EDGE_CURVE('',#768,#769,#310,.T.);
#953=EDGE_CURVE('',#769,#765,#311,.T.);
#954=EDGE_CURVE('',#770,#771,#312,.T.);
#955=EDGE_CURVE('',#771,#772,#313,.T.);
#956=EDGE_CURVE('',#772,#773,#314,.T.);
#957=EDGE_CURVE('',#770,#773,#315,.T.);
#958=EDGE_CURVE('',#771,#774,#316,.T.);
#959=EDGE_CURVE('',#775,#774,#317,.T.);
#960=EDGE_CURVE('',#772,#775,#318,.T.);
#961=EDGE_CURVE('',#774,#776,#319,.T.);
#962=EDGE_CURVE('',#776,#777,#320,.T.);
#963=EDGE_CURVE('',#777,#775,#321,.T.);
#964=EDGE_CURVE('',#778,#779,#29,.T.);
#965=EDGE_CURVE('',#779,#780,#322,.T.);
#966=EDGE_CURVE('',#780,#781,#30,.T.);
#967=EDGE_CURVE('',#781,#778,#323,.T.);
#968=EDGE_CURVE('',#780,#782,#324,.T.);
#969=EDGE_CURVE('',#782,#783,#325,.T.);
#970=EDGE_CURVE('',#784,#783,#326,.T.);
#971=EDGE_CURVE('',#785,#784,#327,.T.);
#972=EDGE_CURVE('',#776,#785,#328,.T.);
#973=EDGE_CURVE('',#786,#770,#329,.T.);
#974=EDGE_CURVE('',#787,#786,#330,.T.);
#975=EDGE_CURVE('',#788,#787,#331,.T.);
#976=EDGE_CURVE('',#788,#789,#332,.T.);
#977=EDGE_CURVE('',#789,#790,#333,.T.);
#978=EDGE_CURVE('',#791,#790,#31,.T.);
#979=EDGE_CURVE('',#792,#791,#334,.T.);
#980=EDGE_CURVE('',#793,#792,#335,.T.);
#981=EDGE_CURVE('',#794,#793,#32,.T.);
#982=EDGE_CURVE('',#795,#794,#336,.T.);
#983=EDGE_CURVE('',#796,#795,#33,.T.);
#984=EDGE_CURVE('',#797,#796,#337,.T.);
#985=EDGE_CURVE('',#798,#797,#338,.T.);
#986=EDGE_CURVE('',#798,#799,#339,.T.);
#987=EDGE_CURVE('',#800,#799,#34,.T.);
#988=EDGE_CURVE('',#800,#801,#340,.T.);
#989=EDGE_CURVE('',#802,#801,#35,.T.);
#990=EDGE_CURVE('',#802,#803,#341,.T.);
#991=EDGE_CURVE('',#803,#804,#342,.T.);
#992=EDGE_CURVE('',#805,#804,#36,.T.);
#993=EDGE_CURVE('',#806,#805,#343,.T.);
#994=EDGE_CURVE('',#807,#806,#37,.T.);
#995=EDGE_CURVE('',#808,#807,#344,.T.);
#996=EDGE_CURVE('',#809,#808,#345,.T.);
#997=EDGE_CURVE('',#810,#809,#38,.T.);
#998=EDGE_CURVE('',#811,#810,#346,.T.);
#999=EDGE_CURVE('',#812,#811,#39,.T.);
#1000=EDGE_CURVE('',#813,#812,#347,.T.);
#1001=EDGE_CURVE('',#813,#814,#348,.T.);
#1002=EDGE_CURVE('',#814,#815,#349,.T.);
#1003=EDGE_CURVE('',#816,#815,#40,.T.);
#1004=EDGE_CURVE('',#816,#817,#350,.T.);
#1005=EDGE_CURVE('',#818,#817,#41,.T.);
#1006=EDGE_CURVE('',#818,#819,#351,.T.);
#1007=EDGE_CURVE('',#819,#781,#352,.T.);
#1008=EDGE_CURVE('',#820,#820,#42,.T.);
#1009=EDGE_CURVE('',#821,#821,#43,.T.);
#1010=EDGE_CURVE('',#822,#822,#44,.T.);
#1011=EDGE_CURVE('',#823,#823,#45,.T.);
#1012=EDGE_CURVE('',#824,#824,#46,.T.);
#1013=EDGE_CURVE('',#825,#779,#353,.T.);
#1014=EDGE_CURVE('',#825,#766,#354,.T.);
#1015=EDGE_CURVE('',#826,#756,#355,.T.);
#1016=EDGE_CURVE('',#827,#826,#356,.T.);
#1017=EDGE_CURVE('',#790,#827,#357,.T.);
#1018=EDGE_CURVE('',#789,#828,#358,.T.);
#1019=EDGE_CURVE('',#828,#829,#359,.T.);
#1020=EDGE_CURVE('',#829,#782,#360,.T.);
#1021=EDGE_CURVE('',#827,#830,#47,.T.);
#1022=EDGE_CURVE('',#830,#791,#361,.T.);
#1023=EDGE_CURVE('',#831,#832,#48,.T.);
#1024=EDGE_CURVE('',#832,#796,#362,.T.);
#1025=EDGE_CURVE('',#795,#831,#363,.T.);
#1026=EDGE_CURVE('',#778,#833,#364,.T.);
#1027=EDGE_CURVE('',#833,#834,#365,.T.);
#1028=EDGE_CURVE('',#835,#834,#49,.T.);
#1029=EDGE_CURVE('',#835,#836,#366,.T.);
#1030=EDGE_CURVE('',#837,#836,#50,.T.);
#1031=EDGE_CURVE('',#837,#838,#367,.T.);
#1032=EDGE_CURVE('',#838,#839,#368,.T.);
#1033=EDGE_CURVE('',#839,#840,#369,.T.);
#1034=EDGE_CURVE('',#841,#840,#51,.T.);
#1035=EDGE_CURVE('',#841,#842,#370,.T.);
#1036=EDGE_CURVE('',#843,#842,#52,.T.);
#1037=EDGE_CURVE('',#843,#844,#371,.T.);
#1038=EDGE_CURVE('',#844,#845,#372,.T.);
#1039=EDGE_CURVE('',#846,#845,#53,.T.);
#1040=EDGE_CURVE('',#846,#847,#373,.T.);
#1041=EDGE_CURVE('',#848,#847,#54,.T.);
#1042=EDGE_CURVE('',#848,#849,#374,.T.);
#1043=EDGE_CURVE('',#849,#850,#375,.T.);
#1044=EDGE_CURVE('',#851,#850,#55,.T.);
#1045=EDGE_CURVE('',#851,#852,#376,.T.);
#1046=EDGE_CURVE('',#853,#852,#56,.T.);
#1047=EDGE_CURVE('',#853,#854,#377,.T.);
#1048=EDGE_CURVE('',#854,#855,#378,.T.);
#1049=EDGE_CURVE('',#855,#832,#379,.T.);
#1050=EDGE_CURVE('',#831,#856,#380,.T.);
#1051=EDGE_CURVE('',#857,#856,#57,.T.);
#1052=EDGE_CURVE('',#857,#858,#381,.T.);
#1053=EDGE_CURVE('',#858,#830,#382,.T.);
#1054=EDGE_CURVE('',#826,#859,#383,.T.);
#1055=EDGE_CURVE('',#859,#860,#384,.T.);
#1056=EDGE_CURVE('',#860,#861,#385,.T.);
#1057=EDGE_CURVE('',#861,#773,#386,.T.);
#1058=EDGE_CURVE('',#777,#862,#387,.T.);
#1059=EDGE_CURVE('',#862,#863,#388,.T.);
#1060=EDGE_CURVE('',#863,#864,#389,.T.);
#1061=EDGE_CURVE('',#864,#825,#390,.T.);
#1062=EDGE_CURVE('',#865,#866,#391,.T.);
#1063=EDGE_CURVE('',#866,#867,#392,.T.);
#1064=EDGE_CURVE('',#867,#868,#393,.T.);
#1065=EDGE_CURVE('',#868,#869,#394,.T.);
#1066=EDGE_CURVE('',#869,#870,#395,.T.);
#1067=EDGE_CURVE('',#870,#865,#396,.T.);
#1068=EDGE_CURVE('',#871,#872,#397,.T.);
#1069=EDGE_CURVE('',#872,#873,#398,.T.);
#1070=EDGE_CURVE('',#873,#874,#399,.T.);
#1071=EDGE_CURVE('',#874,#875,#400,.T.);
#1072=EDGE_CURVE('',#875,#876,#401,.T.);
#1073=EDGE_CURVE('',#876,#871,#402,.T.);
#1074=EDGE_CURVE('',#877,#878,#403,.T.);
#1075=EDGE_CURVE('',#878,#879,#404,.T.);
#1076=EDGE_CURVE('',#879,#880,#405,.T.);
#1077=EDGE_CURVE('',#880,#881,#406,.T.);
#1078=EDGE_CURVE('',#881,#882,#407,.T.);
#1079=EDGE_CURVE('',#882,#877,#408,.T.);
#1080=EDGE_CURVE('',#883,#884,#409,.T.);
#1081=EDGE_CURVE('',#884,#885,#410,.T.);
#1082=EDGE_CURVE('',#885,#886,#411,.T.);
#1083=EDGE_CURVE('',#886,#887,#412,.T.);
#1084=EDGE_CURVE('',#887,#888,#413,.T.);
#1085=EDGE_CURVE('',#888,#883,#414,.T.);
#1086=EDGE_CURVE('',#889,#889,#58,.T.);
#1087=EDGE_CURVE('',#856,#794,#415,.T.);
#1088=EDGE_CURVE('',#793,#857,#416,.T.);
#1089=EDGE_CURVE('',#836,#816,#417,.T.);
#1090=EDGE_CURVE('',#815,#837,#418,.T.);
#1091=EDGE_CURVE('',#814,#838,#419,.T.);
#1092=EDGE_CURVE('',#834,#818,#420,.T.);
#1093=EDGE_CURVE('',#817,#835,#421,.T.);
#1094=EDGE_CURVE('',#819,#833,#422,.T.);
#1095=EDGE_CURVE('',#852,#800,#423,.T.);
#1096=EDGE_CURVE('',#799,#853,#424,.T.);
#1097=EDGE_CURVE('',#801,#851,#425,.T.);
#1098=EDGE_CURVE('',#850,#802,#426,.T.);
#1099=EDGE_CURVE('',#840,#812,#427,.T.);
#1100=EDGE_CURVE('',#811,#841,#428,.T.);
#1101=EDGE_CURVE('',#842,#810,#429,.T.);
#1102=EDGE_CURVE('',#809,#843,#430,.T.);
#1103=EDGE_CURVE('',#847,#805,#431,.T.);
#1104=EDGE_CURVE('',#804,#848,#432,.T.);
#1105=EDGE_CURVE('',#803,#849,#433,.T.);
#1106=EDGE_CURVE('',#845,#807,#434,.T.);
#1107=EDGE_CURVE('',#806,#846,#435,.T.);
#1108=EDGE_CURVE('',#808,#844,#436,.T.);
#1109=EDGE_CURVE('',#865,#890,#437,.T.);
#1110=EDGE_CURVE('',#890,#891,#438,.T.);
#1111=EDGE_CURVE('',#866,#891,#439,.T.);
#1112=EDGE_CURVE('',#870,#892,#440,.T.);
#1113=EDGE_CURVE('',#892,#890,#441,.T.);
#1114=EDGE_CURVE('',#869,#893,#442,.T.);
#1115=EDGE_CURVE('',#893,#892,#443,.T.);
#1116=EDGE_CURVE('',#868,#894,#444,.T.);
#1117=EDGE_CURVE('',#894,#893,#445,.T.);
#1118=EDGE_CURVE('',#867,#895,#446,.T.);
#1119=EDGE_CURVE('',#895,#894,#447,.T.);
#1120=EDGE_CURVE('',#891,#895,#448,.T.);
#1121=EDGE_CURVE('',#896,#896,#59,.T.);
#1122=EDGE_CURVE('',#871,#897,#449,.T.);
#1123=EDGE_CURVE('',#897,#898,#450,.T.);
#1124=EDGE_CURVE('',#872,#898,#451,.T.);
#1125=EDGE_CURVE('',#876,#899,#452,.T.);
#1126=EDGE_CURVE('',#899,#897,#453,.T.);
#1127=EDGE_CURVE('',#875,#900,#454,.T.);
#1128=EDGE_CURVE('',#900,#899,#455,.T.);
#1129=EDGE_CURVE('',#874,#901,#456,.T.);
#1130=EDGE_CURVE('',#901,#900,#457,.T.);
#1131=EDGE_CURVE('',#873,#902,#458,.T.);
#1132=EDGE_CURVE('',#902,#901,#459,.T.);
#1133=EDGE_CURVE('',#898,#902,#460,.T.);
#1134=EDGE_CURVE('',#903,#903,#60,.T.);
#1135=EDGE_CURVE('',#877,#904,#461,.T.);
#1136=EDGE_CURVE('',#904,#905,#462,.T.);
#1137=EDGE_CURVE('',#878,#905,#463,.T.);
#1138=EDGE_CURVE('',#882,#906,#464,.T.);
#1139=EDGE_CURVE('',#906,#904,#465,.T.);
#1140=EDGE_CURVE('',#881,#907,#466,.T.);
#1141=EDGE_CURVE('',#907,#906,#467,.T.);
#1142=EDGE_CURVE('',#880,#908,#468,.T.);
#1143=EDGE_CURVE('',#908,#907,#469,.T.);
#1144=EDGE_CURVE('',#879,#909,#470,.T.);
#1145=EDGE_CURVE('',#909,#908,#471,.T.);
#1146=EDGE_CURVE('',#905,#909,#472,.T.);
#1147=EDGE_CURVE('',#910,#910,#61,.T.);
#1148=EDGE_CURVE('',#883,#911,#473,.T.);
#1149=EDGE_CURVE('',#911,#912,#474,.T.);
#1150=EDGE_CURVE('',#884,#912,#475,.T.);
#1151=EDGE_CURVE('',#888,#913,#476,.T.);
#1152=EDGE_CURVE('',#913,#911,#477,.T.);
#1153=EDGE_CURVE('',#887,#914,#478,.T.);
#1154=EDGE_CURVE('',#914,#913,#479,.T.);
#1155=EDGE_CURVE('',#886,#915,#480,.T.);
#1156=EDGE_CURVE('',#915,#914,#481,.T.);
#1157=EDGE_CURVE('',#885,#916,#482,.T.);
#1158=EDGE_CURVE('',#916,#915,#483,.T.);
#1159=EDGE_CURVE('',#912,#916,#484,.T.);
#1160=EDGE_CURVE('',#917,#917,#62,.T.);
#1161=EDGE_CURVE('',#918,#828,#485,.T.);
#1162=EDGE_CURVE('',#919,#918,#486,.T.);
#1163=EDGE_CURVE('',#919,#829,#487,.T.);
#1164=EDGE_CURVE('',#863,#769,#488,.T.);
#1165=EDGE_CURVE('',#864,#768,#489,.T.);
#1166=EDGE_CURVE('',#859,#761,#490,.T.);
#1167=EDGE_CURVE('',#860,#760,#491,.T.);
#1168=EDGE_CURVE('',#919,#920,#492,.T.);
#1169=EDGE_CURVE('',#920,#921,#493,.T.);
#1170=EDGE_CURVE('',#921,#922,#494,.T.);
#1171=EDGE_CURVE('',#922,#919,#495,.T.);
#1172=EDGE_CURVE('',#923,#924,#496,.T.);
#1173=EDGE_CURVE('',#924,#918,#497,.T.);
#1174=EDGE_CURVE('',#918,#925,#498,.T.);
#1175=EDGE_CURVE('',#925,#923,#499,.T.);
#1176=EDGE_CURVE('',#889,#820,#500,.T.);
#1177=EDGE_CURVE('',#917,#821,#501,.T.);
#1178=EDGE_CURVE('',#910,#822,#502,.T.);
#1179=EDGE_CURVE('',#896,#823,#503,.T.);
#1180=EDGE_CURVE('',#783,#922,#504,.T.);
#1181=EDGE_CURVE('',#784,#921,#505,.T.);
#1182=EDGE_CURVE('',#920,#767,#506,.T.);
#1183=EDGE_CURVE('',#785,#862,#507,.T.);
#1184=EDGE_CURVE('',#786,#861,#508,.T.);
#1185=EDGE_CURVE('',#924,#757,#509,.T.);
#1186=EDGE_CURVE('',#787,#923,#510,.T.);
#1187=EDGE_CURVE('',#788,#925,#511,.T.);
#1188=EDGE_CURVE('',#903,#824,#512,.T.);
#1189=EDGE_CURVE('',#813,#839,#513,.T.);
#1190=EDGE_CURVE('',#792,#858,#514,.T.);
#1191=EDGE_CURVE('',#797,#855,#515,.T.);
#1192=EDGE_CURVE('',#798,#854,#516,.T.);
#1193=ORIENTED_EDGE('',*,*,#926,.F.);
#1194=ORIENTED_EDGE('',*,*,#927,.T.);
#1195=ORIENTED_EDGE('',*,*,#928,.F.);
#1196=ORIENTED_EDGE('',*,*,#929,.F.);
#1197=ORIENTED_EDGE('',*,*,#930,.F.);
#1198=ORIENTED_EDGE('',*,*,#931,.F.);
#1199=ORIENTED_EDGE('',*,*,#932,.T.);
#1200=ORIENTED_EDGE('',*,*,#928,.T.);
#1201=ORIENTED_EDGE('',*,*,#933,.T.);
#1202=ORIENTED_EDGE('',*,*,#934,.T.);
#1203=ORIENTED_EDGE('',*,*,#931,.T.);
#1204=ORIENTED_EDGE('',*,*,#935,.T.);
#1205=ORIENTED_EDGE('',*,*,#930,.T.);
#1206=ORIENTED_EDGE('',*,*,#936,.T.);
#1207=ORIENTED_EDGE('',*,*,#937,.T.);
#1208=ORIENTED_EDGE('',*,*,#938,.T.);
#1209=ORIENTED_EDGE('',*,*,#926,.T.);
#1210=ORIENTED_EDGE('',*,*,#939,.T.);
#1211=ORIENTED_EDGE('',*,*,#940,.T.);
#1212=ORIENTED_EDGE('',*,*,#941,.T.);
#1213=ORIENTED_EDGE('',*,*,#937,.F.);
#1214=ORIENTED_EDGE('',*,*,#942,.T.);
#1215=ORIENTED_EDGE('',*,*,#943,.F.);
#1216=ORIENTED_EDGE('',*,*,#944,.F.);
#1217=ORIENTED_EDGE('',*,*,#945,.F.);
#1218=ORIENTED_EDGE('',*,*,#946,.F.);
#1219=ORIENTED_EDGE('',*,*,#947,.T.);
#1220=ORIENTED_EDGE('',*,*,#943,.T.);
#1221=ORIENTED_EDGE('',*,*,#948,.T.);
#1222=ORIENTED_EDGE('',*,*,#949,.T.);
#1223=ORIENTED_EDGE('',*,*,#946,.T.);
#1224=ORIENTED_EDGE('',*,*,#950,.T.);
#1225=ORIENTED_EDGE('',*,*,#945,.T.);
#1226=ORIENTED_EDGE('',*,*,#951,.T.);
#1227=ORIENTED_EDGE('',*,*,#952,.T.);
#1228=ORIENTED_EDGE('',*,*,#953,.T.);
#1229=ORIENTED_EDGE('',*,*,#954,.T.);
#1230=ORIENTED_EDGE('',*,*,#955,.T.);
#1231=ORIENTED_EDGE('',*,*,#956,.T.);
#1232=ORIENTED_EDGE('',*,*,#957,.F.);
#1233=ORIENTED_EDGE('',*,*,#955,.F.);
#1234=ORIENTED_EDGE('',*,*,#958,.T.);
#1235=ORIENTED_EDGE('',*,*,#959,.F.);
#1236=ORIENTED_EDGE('',*,*,#960,.F.);
#1237=ORIENTED_EDGE('',*,*,#961,.T.);
#1238=ORIENTED_EDGE('',*,*,#962,.T.);
#1239=ORIENTED_EDGE('',*,*,#963,.T.);
#1240=ORIENTED_EDGE('',*,*,#959,.T.);
#1241=ORIENTED_EDGE('',*,*,#964,.T.);
#1242=ORIENTED_EDGE('',*,*,#965,.T.);
#1243=ORIENTED_EDGE('',*,*,#966,.T.);
#1244=ORIENTED_EDGE('',*,*,#967,.T.);
#1245=ORIENTED_EDGE('',*,*,#966,.F.);
#1246=ORIENTED_EDGE('',*,*,#968,.T.);
#1247=ORIENTED_EDGE('',*,*,#969,.T.);
#1248=ORIENTED_EDGE('',*,*,#970,.F.);
#1249=ORIENTED_EDGE('',*,*,#971,.F.);
#1250=ORIENTED_EDGE('',*,*,#972,.F.);
#1251=ORIENTED_EDGE('',*,*,#961,.F.);
#1252=ORIENTED_EDGE('',*,*,#958,.F.);
#1253=ORIENTED_EDGE('',*,*,#954,.F.);
#1254=ORIENTED_EDGE('',*,*,#973,.F.);
#1255=ORIENTED_EDGE('',*,*,#974,.F.);
#1256=ORIENTED_EDGE('',*,*,#975,.F.);
#1257=ORIENTED_EDGE('',*,*,#976,.T.);
#1258=ORIENTED_EDGE('',*,*,#977,.T.);
#1259=ORIENTED_EDGE('',*,*,#978,.F.);
#1260=ORIENTED_EDGE('',*,*,#979,.F.);
#1261=ORIENTED_EDGE('',*,*,#980,.F.);
#1262=ORIENTED_EDGE('',*,*,#981,.F.);
#1263=ORIENTED_EDGE('',*,*,#982,.F.);
#1264=ORIENTED_EDGE('',*,*,#983,.F.);
#1265=ORIENTED_EDGE('',*,*,#984,.F.);
#1266=ORIENTED_EDGE('',*,*,#985,.F.);
#1267=ORIENTED_EDGE('',*,*,#986,.T.);
#1268=ORIENTED_EDGE('',*,*,#987,.F.);
#1269=ORIENTED_EDGE('',*,*,#988,.T.);
#1270=ORIENTED_EDGE('',*,*,#989,.F.);
#1271=ORIENTED_EDGE('',*,*,#990,.T.);
#1272=ORIENTED_EDGE('',*,*,#991,.T.);
#1273=ORIENTED_EDGE('',*,*,#992,.F.);
#1274=ORIENTED_EDGE('',*,*,#993,.F.);
#1275=ORIENTED_EDGE('',*,*,#994,.F.);
#1276=ORIENTED_EDGE('',*,*,#995,.F.);
#1277=ORIENTED_EDGE('',*,*,#996,.F.);
#1278=ORIENTED_EDGE('',*,*,#997,.F.);
#1279=ORIENTED_EDGE('',*,*,#998,.F.);
#1280=ORIENTED_EDGE('',*,*,#999,.F.);
#1281=ORIENTED_EDGE('',*,*,#1000,.F.);
#1282=ORIENTED_EDGE('',*,*,#1001,.T.);
#1283=ORIENTED_EDGE('',*,*,#1002,.T.);
#1284=ORIENTED_EDGE('',*,*,#1003,.F.);
#1285=ORIENTED_EDGE('',*,*,#1004,.T.);
#1286=ORIENTED_EDGE('',*,*,#1005,.F.);
#1287=ORIENTED_EDGE('',*,*,#1006,.T.);
#1288=ORIENTED_EDGE('',*,*,#1007,.T.);
#1289=ORIENTED_EDGE('',*,*,#1008,.F.);
#1290=ORIENTED_EDGE('',*,*,#1009,.F.);
#1291=ORIENTED_EDGE('',*,*,#1010,.F.);
#1292=ORIENTED_EDGE('',*,*,#1011,.F.);
#1293=ORIENTED_EDGE('',*,*,#1012,.F.);
#1294=ORIENTED_EDGE('',*,*,#965,.F.);
#1295=ORIENTED_EDGE('',*,*,#1013,.F.);
#1296=ORIENTED_EDGE('',*,*,#1014,.T.);
#1297=ORIENTED_EDGE('',*,*,#948,.F.);
#1298=ORIENTED_EDGE('',*,*,#942,.F.);
#1299=ORIENTED_EDGE('',*,*,#936,.F.);
#1300=ORIENTED_EDGE('',*,*,#929,.T.);
#1301=ORIENTED_EDGE('',*,*,#932,.F.);
#1302=ORIENTED_EDGE('',*,*,#1015,.F.);
#1303=ORIENTED_EDGE('',*,*,#1016,.F.);
#1304=ORIENTED_EDGE('',*,*,#1017,.F.);
#1305=ORIENTED_EDGE('',*,*,#977,.F.);
#1306=ORIENTED_EDGE('',*,*,#1018,.T.);
#1307=ORIENTED_EDGE('',*,*,#1019,.T.);
#1308=ORIENTED_EDGE('',*,*,#1020,.T.);
#1309=ORIENTED_EDGE('',*,*,#968,.F.);
#1310=ORIENTED_EDGE('',*,*,#1021,.T.);
#1311=ORIENTED_EDGE('',*,*,#1022,.T.);
#1312=ORIENTED_EDGE('',*,*,#978,.T.);
#1313=ORIENTED_EDGE('',*,*,#1017,.T.);
#1314=ORIENTED_EDGE('',*,*,#1023,.T.);
#1315=ORIENTED_EDGE('',*,*,#1024,.T.);
#1316=ORIENTED_EDGE('',*,*,#983,.T.);
#1317=ORIENTED_EDGE('',*,*,#1025,.T.);
#1318=ORIENTED_EDGE('',*,*,#964,.F.);
#1319=ORIENTED_EDGE('',*,*,#1026,.T.);
#1320=ORIENTED_EDGE('',*,*,#1027,.T.);
#1321=ORIENTED_EDGE('',*,*,#1028,.F.);
#1322=ORIENTED_EDGE('',*,*,#1029,.T.);
#1323=ORIENTED_EDGE('',*,*,#1030,.F.);
#1324=ORIENTED_EDGE('',*,*,#1031,.T.);
#1325=ORIENTED_EDGE('',*,*,#1032,.T.);
#1326=ORIENTED_EDGE('',*,*,#1033,.T.);
#1327=ORIENTED_EDGE('',*,*,#1034,.F.);
#1328=ORIENTED_EDGE('',*,*,#1035,.T.);
#1329=ORIENTED_EDGE('',*,*,#1036,.F.);
#1330=ORIENTED_EDGE('',*,*,#1037,.T.);
#1331=ORIENTED_EDGE('',*,*,#1038,.T.);
#1332=ORIENTED_EDGE('',*,*,#1039,.F.);
#1333=ORIENTED_EDGE('',*,*,#1040,.T.);
#1334=ORIENTED_EDGE('',*,*,#1041,.F.);
#1335=ORIENTED_EDGE('',*,*,#1042,.T.);
#1336=ORIENTED_EDGE('',*,*,#1043,.T.);
#1337=ORIENTED_EDGE('',*,*,#1044,.F.);
#1338=ORIENTED_EDGE('',*,*,#1045,.T.);
#1339=ORIENTED_EDGE('',*,*,#1046,.F.);
#1340=ORIENTED_EDGE('',*,*,#1047,.T.);
#1341=ORIENTED_EDGE('',*,*,#1048,.T.);
#1342=ORIENTED_EDGE('',*,*,#1049,.T.);
#1343=ORIENTED_EDGE('',*,*,#1023,.F.);
#1344=ORIENTED_EDGE('',*,*,#1050,.T.);
#1345=ORIENTED_EDGE('',*,*,#1051,.F.);
#1346=ORIENTED_EDGE('',*,*,#1052,.T.);
#1347=ORIENTED_EDGE('',*,*,#1053,.T.);
#1348=ORIENTED_EDGE('',*,*,#1021,.F.);
#1349=ORIENTED_EDGE('',*,*,#1016,.T.);
#1350=ORIENTED_EDGE('',*,*,#1054,.T.);
#1351=ORIENTED_EDGE('',*,*,#1055,.T.);
#1352=ORIENTED_EDGE('',*,*,#1056,.T.);
#1353=ORIENTED_EDGE('',*,*,#1057,.T.);
#1354=ORIENTED_EDGE('',*,*,#956,.F.);
#1355=ORIENTED_EDGE('',*,*,#960,.T.);
#1356=ORIENTED_EDGE('',*,*,#963,.F.);
#1357=ORIENTED_EDGE('',*,*,#1058,.T.);
#1358=ORIENTED_EDGE('',*,*,#1059,.T.);
#1359=ORIENTED_EDGE('',*,*,#1060,.T.);
#1360=ORIENTED_EDGE('',*,*,#1061,.T.);
#1361=ORIENTED_EDGE('',*,*,#1013,.T.);
#1362=ORIENTED_EDGE('',*,*,#1062,.T.);
#1363=ORIENTED_EDGE('',*,*,#1063,.T.);
#1364=ORIENTED_EDGE('',*,*,#1064,.T.);
#1365=ORIENTED_EDGE('',*,*,#1065,.T.);
#1366=ORIENTED_EDGE('',*,*,#1066,.T.);
#1367=ORIENTED_EDGE('',*,*,#1067,.T.);
#1368=ORIENTED_EDGE('',*,*,#1068,.T.);
#1369=ORIENTED_EDGE('',*,*,#1069,.T.);
#1370=ORIENTED_EDGE('',*,*,#1070,.T.);
#1371=ORIENTED_EDGE('',*,*,#1071,.T.);
#1372=ORIENTED_EDGE('',*,*,#1072,.T.);
#1373=ORIENTED_EDGE('',*,*,#1073,.T.);
#1374=ORIENTED_EDGE('',*,*,#1074,.T.);
#1375=ORIENTED_EDGE('',*,*,#1075,.T.);
#1376=ORIENTED_EDGE('',*,*,#1076,.T.);
#1377=ORIENTED_EDGE('',*,*,#1077,.T.);
#1378=ORIENTED_EDGE('',*,*,#1078,.T.);
#1379=ORIENTED_EDGE('',*,*,#1079,.T.);
#1380=ORIENTED_EDGE('',*,*,#1080,.T.);
#1381=ORIENTED_EDGE('',*,*,#1081,.T.);
#1382=ORIENTED_EDGE('',*,*,#1082,.T.);
#1383=ORIENTED_EDGE('',*,*,#1083,.T.);
#1384=ORIENTED_EDGE('',*,*,#1084,.T.);
#1385=ORIENTED_EDGE('',*,*,#1085,.T.);
#1386=ORIENTED_EDGE('',*,*,#1086,.T.);
#1387=ORIENTED_EDGE('',*,*,#1025,.F.);
#1388=ORIENTED_EDGE('',*,*,#982,.T.);
#1389=ORIENTED_EDGE('',*,*,#1087,.F.);
#1390=ORIENTED_EDGE('',*,*,#1050,.F.);
#1391=ORIENTED_EDGE('',*,*,#1051,.T.);
#1392=ORIENTED_EDGE('',*,*,#1087,.T.);
#1393=ORIENTED_EDGE('',*,*,#981,.T.);
#1394=ORIENTED_EDGE('',*,*,#1088,.T.);
#1395=ORIENTED_EDGE('',*,*,#1030,.T.);
#1396=ORIENTED_EDGE('',*,*,#1089,.T.);
#1397=ORIENTED_EDGE('',*,*,#1003,.T.);
#1398=ORIENTED_EDGE('',*,*,#1090,.T.);
#1399=ORIENTED_EDGE('',*,*,#1090,.F.);
#1400=ORIENTED_EDGE('',*,*,#1002,.F.);
#1401=ORIENTED_EDGE('',*,*,#1091,.T.);
#1402=ORIENTED_EDGE('',*,*,#1031,.F.);
#1403=ORIENTED_EDGE('',*,*,#1028,.T.);
#1404=ORIENTED_EDGE('',*,*,#1092,.T.);
#1405=ORIENTED_EDGE('',*,*,#1005,.T.);
#1406=ORIENTED_EDGE('',*,*,#1093,.T.);
#1407=ORIENTED_EDGE('',*,*,#1092,.F.);
#1408=ORIENTED_EDGE('',*,*,#1027,.F.);
#1409=ORIENTED_EDGE('',*,*,#1094,.F.);
#1410=ORIENTED_EDGE('',*,*,#1006,.F.);
#1411=ORIENTED_EDGE('',*,*,#1046,.T.);
#1412=ORIENTED_EDGE('',*,*,#1095,.T.);
#1413=ORIENTED_EDGE('',*,*,#987,.T.);
#1414=ORIENTED_EDGE('',*,*,#1096,.T.);
#1415=ORIENTED_EDGE('',*,*,#1095,.F.);
#1416=ORIENTED_EDGE('',*,*,#1045,.F.);
#1417=ORIENTED_EDGE('',*,*,#1097,.F.);
#1418=ORIENTED_EDGE('',*,*,#988,.F.);
#1419=ORIENTED_EDGE('',*,*,#1044,.T.);
#1420=ORIENTED_EDGE('',*,*,#1098,.T.);
#1421=ORIENTED_EDGE('',*,*,#989,.T.);
#1422=ORIENTED_EDGE('',*,*,#1097,.T.);
#1423=ORIENTED_EDGE('',*,*,#1034,.T.);
#1424=ORIENTED_EDGE('',*,*,#1099,.T.);
#1425=ORIENTED_EDGE('',*,*,#999,.T.);
#1426=ORIENTED_EDGE('',*,*,#1100,.T.);
#1427=ORIENTED_EDGE('',*,*,#1100,.F.);
#1428=ORIENTED_EDGE('',*,*,#998,.T.);
#1429=ORIENTED_EDGE('',*,*,#1101,.F.);
#1430=ORIENTED_EDGE('',*,*,#1035,.F.);
#1431=ORIENTED_EDGE('',*,*,#1036,.T.);
#1432=ORIENTED_EDGE('',*,*,#1101,.T.);
#1433=ORIENTED_EDGE('',*,*,#997,.T.);
#1434=ORIENTED_EDGE('',*,*,#1102,.T.);
#1435=ORIENTED_EDGE('',*,*,#1041,.T.);
#1436=ORIENTED_EDGE('',*,*,#1103,.T.);
#1437=ORIENTED_EDGE('',*,*,#992,.T.);
#1438=ORIENTED_EDGE('',*,*,#1104,.T.);
#1439=ORIENTED_EDGE('',*,*,#1104,.F.);
#1440=ORIENTED_EDGE('',*,*,#991,.F.);
#1441=ORIENTED_EDGE('',*,*,#1105,.T.);
#1442=ORIENTED_EDGE('',*,*,#1042,.F.);
#1443=ORIENTED_EDGE('',*,*,#1039,.T.);
#1444=ORIENTED_EDGE('',*,*,#1106,.T.);
#1445=ORIENTED_EDGE('',*,*,#994,.T.);
#1446=ORIENTED_EDGE('',*,*,#1107,.T.);
#1447=ORIENTED_EDGE('',*,*,#1106,.F.);
#1448=ORIENTED_EDGE('',*,*,#1038,.F.);
#1449=ORIENTED_EDGE('',*,*,#1108,.F.);
#1450=ORIENTED_EDGE('',*,*,#995,.T.);
#1451=ORIENTED_EDGE('',*,*,#1062,.F.);
#1452=ORIENTED_EDGE('',*,*,#1109,.T.);
#1453=ORIENTED_EDGE('',*,*,#1110,.T.);
#1454=ORIENTED_EDGE('',*,*,#1111,.F.);
#1455=ORIENTED_EDGE('',*,*,#1067,.F.);
#1456=ORIENTED_EDGE('',*,*,#1112,.T.);
#1457=ORIENTED_EDGE('',*,*,#1113,.T.);
#1458=ORIENTED_EDGE('',*,*,#1109,.F.);
#1459=ORIENTED_EDGE('',*,*,#1066,.F.);
#1460=ORIENTED_EDGE('',*,*,#1114,.T.);
#1461=ORIENTED_EDGE('',*,*,#1115,.T.);
#1462=ORIENTED_EDGE('',*,*,#1112,.F.);
#1463=ORIENTED_EDGE('',*,*,#1065,.F.);
#1464=ORIENTED_EDGE('',*,*,#1116,.T.);
#1465=ORIENTED_EDGE('',*,*,#1117,.T.);
#1466=ORIENTED_EDGE('',*,*,#1114,.F.);
#1467=ORIENTED_EDGE('',*,*,#1064,.F.);
#1468=ORIENTED_EDGE('',*,*,#1118,.T.);
#1469=ORIENTED_EDGE('',*,*,#1119,.T.);
#1470=ORIENTED_EDGE('',*,*,#1116,.F.);
#1471=ORIENTED_EDGE('',*,*,#1063,.F.);
#1472=ORIENTED_EDGE('',*,*,#1111,.T.);
#1473=ORIENTED_EDGE('',*,*,#1120,.T.);
#1474=ORIENTED_EDGE('',*,*,#1118,.F.);
#1475=ORIENTED_EDGE('',*,*,#1120,.F.);
#1476=ORIENTED_EDGE('',*,*,#1110,.F.);
#1477=ORIENTED_EDGE('',*,*,#1113,.F.);
#1478=ORIENTED_EDGE('',*,*,#1115,.F.);
#1479=ORIENTED_EDGE('',*,*,#1117,.F.);
#1480=ORIENTED_EDGE('',*,*,#1119,.F.);
#1481=ORIENTED_EDGE('',*,*,#1121,.F.);
#1482=ORIENTED_EDGE('',*,*,#1068,.F.);
#1483=ORIENTED_EDGE('',*,*,#1122,.T.);
#1484=ORIENTED_EDGE('',*,*,#1123,.T.);
#1485=ORIENTED_EDGE('',*,*,#1124,.F.);
#1486=ORIENTED_EDGE('',*,*,#1073,.F.);
#1487=ORIENTED_EDGE('',*,*,#1125,.T.);
#1488=ORIENTED_EDGE('',*,*,#1126,.T.);
#1489=ORIENTED_EDGE('',*,*,#1122,.F.);
#1490=ORIENTED_EDGE('',*,*,#1072,.F.);
#1491=ORIENTED_EDGE('',*,*,#1127,.T.);
#1492=ORIENTED_EDGE('',*,*,#1128,.T.);
#1493=ORIENTED_EDGE('',*,*,#1125,.F.);
#1494=ORIENTED_EDGE('',*,*,#1071,.F.);
#1495=ORIENTED_EDGE('',*,*,#1129,.T.);
#1496=ORIENTED_EDGE('',*,*,#1130,.T.);
#1497=ORIENTED_EDGE('',*,*,#1127,.F.);
#1498=ORIENTED_EDGE('',*,*,#1070,.F.);
#1499=ORIENTED_EDGE('',*,*,#1131,.T.);
#1500=ORIENTED_EDGE('',*,*,#1132,.T.);
#1501=ORIENTED_EDGE('',*,*,#1129,.F.);
#1502=ORIENTED_EDGE('',*,*,#1069,.F.);
#1503=ORIENTED_EDGE('',*,*,#1124,.T.);
#1504=ORIENTED_EDGE('',*,*,#1133,.T.);
#1505=ORIENTED_EDGE('',*,*,#1131,.F.);
#1506=ORIENTED_EDGE('',*,*,#1133,.F.);
#1507=ORIENTED_EDGE('',*,*,#1123,.F.);
#1508=ORIENTED_EDGE('',*,*,#1126,.F.);
#1509=ORIENTED_EDGE('',*,*,#1128,.F.);
#1510=ORIENTED_EDGE('',*,*,#1130,.F.);
#1511=ORIENTED_EDGE('',*,*,#1132,.F.);
#1512=ORIENTED_EDGE('',*,*,#1134,.F.);
#1513=ORIENTED_EDGE('',*,*,#1074,.F.);
#1514=ORIENTED_EDGE('',*,*,#1135,.T.);
#1515=ORIENTED_EDGE('',*,*,#1136,.T.);
#1516=ORIENTED_EDGE('',*,*,#1137,.F.);
#1517=ORIENTED_EDGE('',*,*,#1079,.F.);
#1518=ORIENTED_EDGE('',*,*,#1138,.T.);
#1519=ORIENTED_EDGE('',*,*,#1139,.T.);
#1520=ORIENTED_EDGE('',*,*,#1135,.F.);
#1521=ORIENTED_EDGE('',*,*,#1078,.F.);
#1522=ORIENTED_EDGE('',*,*,#1140,.T.);
#1523=ORIENTED_EDGE('',*,*,#1141,.T.);
#1524=ORIENTED_EDGE('',*,*,#1138,.F.);
#1525=ORIENTED_EDGE('',*,*,#1077,.F.);
#1526=ORIENTED_EDGE('',*,*,#1142,.T.);
#1527=ORIENTED_EDGE('',*,*,#1143,.T.);
#1528=ORIENTED_EDGE('',*,*,#1140,.F.);
#1529=ORIENTED_EDGE('',*,*,#1076,.F.);
#1530=ORIENTED_EDGE('',*,*,#1144,.T.);
#1531=ORIENTED_EDGE('',*,*,#1145,.T.);
#1532=ORIENTED_EDGE('',*,*,#1142,.F.);
#1533=ORIENTED_EDGE('',*,*,#1075,.F.);
#1534=ORIENTED_EDGE('',*,*,#1137,.T.);
#1535=ORIENTED_EDGE('',*,*,#1146,.T.);
#1536=ORIENTED_EDGE('',*,*,#1144,.F.);
#1537=ORIENTED_EDGE('',*,*,#1146,.F.);
#1538=ORIENTED_EDGE('',*,*,#1136,.F.);
#1539=ORIENTED_EDGE('',*,*,#1139,.F.);
#1540=ORIENTED_EDGE('',*,*,#1141,.F.);
#1541=ORIENTED_EDGE('',*,*,#1143,.F.);
#1542=ORIENTED_EDGE('',*,*,#1145,.F.);
#1543=ORIENTED_EDGE('',*,*,#1147,.F.);
#1544=ORIENTED_EDGE('',*,*,#1080,.F.);
#1545=ORIENTED_EDGE('',*,*,#1148,.T.);
#1546=ORIENTED_EDGE('',*,*,#1149,.T.);
#1547=ORIENTED_EDGE('',*,*,#1150,.F.);
#1548=ORIENTED_EDGE('',*,*,#1085,.F.);
#1549=ORIENTED_EDGE('',*,*,#1151,.T.);
#1550=ORIENTED_EDGE('',*,*,#1152,.T.);
#1551=ORIENTED_EDGE('',*,*,#1148,.F.);
#1552=ORIENTED_EDGE('',*,*,#1084,.F.);
#1553=ORIENTED_EDGE('',*,*,#1153,.T.);
#1554=ORIENTED_EDGE('',*,*,#1154,.T.);
#1555=ORIENTED_EDGE('',*,*,#1151,.F.);
#1556=ORIENTED_EDGE('',*,*,#1083,.F.);
#1557=ORIENTED_EDGE('',*,*,#1155,.T.);
#1558=ORIENTED_EDGE('',*,*,#1156,.T.);
#1559=ORIENTED_EDGE('',*,*,#1153,.F.);
#1560=ORIENTED_EDGE('',*,*,#1082,.F.);
#1561=ORIENTED_EDGE('',*,*,#1157,.T.);
#1562=ORIENTED_EDGE('',*,*,#1158,.T.);
#1563=ORIENTED_EDGE('',*,*,#1155,.F.);
#1564=ORIENTED_EDGE('',*,*,#1081,.F.);
#1565=ORIENTED_EDGE('',*,*,#1150,.T.);
#1566=ORIENTED_EDGE('',*,*,#1159,.T.);
#1567=ORIENTED_EDGE('',*,*,#1157,.F.);
#1568=ORIENTED_EDGE('',*,*,#1159,.F.);
#1569=ORIENTED_EDGE('',*,*,#1149,.F.);
#1570=ORIENTED_EDGE('',*,*,#1152,.F.);
#1571=ORIENTED_EDGE('',*,*,#1154,.F.);
#1572=ORIENTED_EDGE('',*,*,#1156,.F.);
#1573=ORIENTED_EDGE('',*,*,#1158,.F.);
#1574=ORIENTED_EDGE('',*,*,#1160,.F.);
#1575=ORIENTED_EDGE('',*,*,#1019,.F.);
#1576=ORIENTED_EDGE('',*,*,#1161,.F.);
#1577=ORIENTED_EDGE('',*,*,#1162,.F.);
#1578=ORIENTED_EDGE('',*,*,#1163,.T.);
#1579=ORIENTED_EDGE('',*,*,#1060,.F.);
#1580=ORIENTED_EDGE('',*,*,#1164,.T.);
#1581=ORIENTED_EDGE('',*,*,#952,.F.);
#1582=ORIENTED_EDGE('',*,*,#1165,.F.);
#1583=ORIENTED_EDGE('',*,*,#1061,.F.);
#1584=ORIENTED_EDGE('',*,*,#1165,.T.);
#1585=ORIENTED_EDGE('',*,*,#951,.F.);
#1586=ORIENTED_EDGE('',*,*,#944,.T.);
#1587=ORIENTED_EDGE('',*,*,#947,.F.);
#1588=ORIENTED_EDGE('',*,*,#1014,.F.);
#1589=ORIENTED_EDGE('',*,*,#1054,.F.);
#1590=ORIENTED_EDGE('',*,*,#1015,.T.);
#1591=ORIENTED_EDGE('',*,*,#933,.F.);
#1592=ORIENTED_EDGE('',*,*,#927,.F.);
#1593=ORIENTED_EDGE('',*,*,#941,.F.);
#1594=ORIENTED_EDGE('',*,*,#1166,.F.);
#1595=ORIENTED_EDGE('',*,*,#1055,.F.);
#1596=ORIENTED_EDGE('',*,*,#1166,.T.);
#1597=ORIENTED_EDGE('',*,*,#940,.F.);
#1598=ORIENTED_EDGE('',*,*,#1167,.F.);
#1599=ORIENTED_EDGE('',*,*,#1168,.T.);
#1600=ORIENTED_EDGE('',*,*,#1169,.T.);
#1601=ORIENTED_EDGE('',*,*,#1170,.T.);
#1602=ORIENTED_EDGE('',*,*,#1171,.T.);
#1603=ORIENTED_EDGE('',*,*,#1172,.T.);
#1604=ORIENTED_EDGE('',*,*,#1173,.T.);
#1605=ORIENTED_EDGE('',*,*,#1174,.T.);
#1606=ORIENTED_EDGE('',*,*,#1175,.T.);
#1607=ORIENTED_EDGE('',*,*,#1086,.F.);
#1608=ORIENTED_EDGE('',*,*,#1176,.T.);
#1609=ORIENTED_EDGE('',*,*,#1008,.T.);
#1610=ORIENTED_EDGE('',*,*,#1176,.F.);
#1611=ORIENTED_EDGE('',*,*,#1160,.T.);
#1612=ORIENTED_EDGE('',*,*,#1177,.T.);
#1613=ORIENTED_EDGE('',*,*,#1009,.T.);
#1614=ORIENTED_EDGE('',*,*,#1177,.F.);
#1615=ORIENTED_EDGE('',*,*,#1147,.T.);
#1616=ORIENTED_EDGE('',*,*,#1178,.T.);
#1617=ORIENTED_EDGE('',*,*,#1010,.T.);
#1618=ORIENTED_EDGE('',*,*,#1178,.F.);
#1619=ORIENTED_EDGE('',*,*,#1121,.T.);
#1620=ORIENTED_EDGE('',*,*,#1179,.T.);
#1621=ORIENTED_EDGE('',*,*,#1011,.T.);
#1622=ORIENTED_EDGE('',*,*,#1179,.F.);
#1623=ORIENTED_EDGE('',*,*,#969,.F.);
#1624=ORIENTED_EDGE('',*,*,#1020,.F.);
#1625=ORIENTED_EDGE('',*,*,#1163,.F.);
#1626=ORIENTED_EDGE('',*,*,#1171,.F.);
#1627=ORIENTED_EDGE('',*,*,#1180,.F.);
#1628=ORIENTED_EDGE('',*,*,#970,.T.);
#1629=ORIENTED_EDGE('',*,*,#1180,.T.);
#1630=ORIENTED_EDGE('',*,*,#1170,.F.);
#1631=ORIENTED_EDGE('',*,*,#1181,.F.);
#1632=ORIENTED_EDGE('',*,*,#971,.T.);
#1633=ORIENTED_EDGE('',*,*,#1181,.T.);
#1634=ORIENTED_EDGE('',*,*,#1169,.F.);
#1635=ORIENTED_EDGE('',*,*,#1182,.T.);
#1636=ORIENTED_EDGE('',*,*,#950,.F.);
#1637=ORIENTED_EDGE('',*,*,#953,.F.);
#1638=ORIENTED_EDGE('',*,*,#1164,.F.);
#1639=ORIENTED_EDGE('',*,*,#1059,.F.);
#1640=ORIENTED_EDGE('',*,*,#1183,.F.);
#1641=ORIENTED_EDGE('',*,*,#972,.T.);
#1642=ORIENTED_EDGE('',*,*,#1183,.T.);
#1643=ORIENTED_EDGE('',*,*,#1058,.F.);
#1644=ORIENTED_EDGE('',*,*,#962,.F.);
#1645=ORIENTED_EDGE('',*,*,#973,.T.);
#1646=ORIENTED_EDGE('',*,*,#957,.T.);
#1647=ORIENTED_EDGE('',*,*,#1057,.F.);
#1648=ORIENTED_EDGE('',*,*,#1184,.F.);
#1649=ORIENTED_EDGE('',*,*,#974,.T.);
#1650=ORIENTED_EDGE('',*,*,#1184,.T.);
#1651=ORIENTED_EDGE('',*,*,#1056,.F.);
#1652=ORIENTED_EDGE('',*,*,#1167,.T.);
#1653=ORIENTED_EDGE('',*,*,#939,.F.);
#1654=ORIENTED_EDGE('',*,*,#934,.F.);
#1655=ORIENTED_EDGE('',*,*,#1185,.F.);
#1656=ORIENTED_EDGE('',*,*,#1172,.F.);
#1657=ORIENTED_EDGE('',*,*,#1186,.F.);
#1658=ORIENTED_EDGE('',*,*,#975,.T.);
#1659=ORIENTED_EDGE('',*,*,#1186,.T.);
#1660=ORIENTED_EDGE('',*,*,#1175,.F.);
#1661=ORIENTED_EDGE('',*,*,#1187,.F.);
#1662=ORIENTED_EDGE('',*,*,#976,.F.);
#1663=ORIENTED_EDGE('',*,*,#1187,.T.);
#1664=ORIENTED_EDGE('',*,*,#1174,.F.);
#1665=ORIENTED_EDGE('',*,*,#1161,.T.);
#1666=ORIENTED_EDGE('',*,*,#1018,.F.);
#1667=ORIENTED_EDGE('',*,*,#1162,.T.);
#1668=ORIENTED_EDGE('',*,*,#1173,.F.);
#1669=ORIENTED_EDGE('',*,*,#1185,.T.);
#1670=ORIENTED_EDGE('',*,*,#935,.F.);
#1671=ORIENTED_EDGE('',*,*,#938,.F.);
#1672=ORIENTED_EDGE('',*,*,#949,.F.);
#1673=ORIENTED_EDGE('',*,*,#1182,.F.);
#1674=ORIENTED_EDGE('',*,*,#1168,.F.);
#1675=ORIENTED_EDGE('',*,*,#1134,.T.);
#1676=ORIENTED_EDGE('',*,*,#1188,.T.);
#1677=ORIENTED_EDGE('',*,*,#1012,.T.);
#1678=ORIENTED_EDGE('',*,*,#1188,.F.);
#1679=ORIENTED_EDGE('',*,*,#1001,.F.);
#1680=ORIENTED_EDGE('',*,*,#1189,.T.);
#1681=ORIENTED_EDGE('',*,*,#1032,.F.);
#1682=ORIENTED_EDGE('',*,*,#1091,.F.);
#1683=ORIENTED_EDGE('',*,*,#1089,.F.);
#1684=ORIENTED_EDGE('',*,*,#1029,.F.);
#1685=ORIENTED_EDGE('',*,*,#1093,.F.);
#1686=ORIENTED_EDGE('',*,*,#1004,.F.);
#1687=ORIENTED_EDGE('',*,*,#967,.F.);
#1688=ORIENTED_EDGE('',*,*,#1007,.F.);
#1689=ORIENTED_EDGE('',*,*,#1094,.T.);
#1690=ORIENTED_EDGE('',*,*,#1026,.F.);
#1691=ORIENTED_EDGE('',*,*,#1022,.F.);
#1692=ORIENTED_EDGE('',*,*,#1053,.F.);
#1693=ORIENTED_EDGE('',*,*,#1190,.F.);
#1694=ORIENTED_EDGE('',*,*,#979,.T.);
#1695=ORIENTED_EDGE('',*,*,#1088,.F.);
#1696=ORIENTED_EDGE('',*,*,#980,.T.);
#1697=ORIENTED_EDGE('',*,*,#1190,.T.);
#1698=ORIENTED_EDGE('',*,*,#1052,.F.);
#1699=ORIENTED_EDGE('',*,*,#1024,.F.);
#1700=ORIENTED_EDGE('',*,*,#1049,.F.);
#1701=ORIENTED_EDGE('',*,*,#1191,.F.);
#1702=ORIENTED_EDGE('',*,*,#984,.T.);
#1703=ORIENTED_EDGE('',*,*,#985,.T.);
#1704=ORIENTED_EDGE('',*,*,#1191,.T.);
#1705=ORIENTED_EDGE('',*,*,#1048,.F.);
#1706=ORIENTED_EDGE('',*,*,#1192,.F.);
#1707=ORIENTED_EDGE('',*,*,#1096,.F.);
#1708=ORIENTED_EDGE('',*,*,#986,.F.);
#1709=ORIENTED_EDGE('',*,*,#1192,.T.);
#1710=ORIENTED_EDGE('',*,*,#1047,.F.);
#1711=ORIENTED_EDGE('',*,*,#1098,.F.);
#1712=ORIENTED_EDGE('',*,*,#1043,.F.);
#1713=ORIENTED_EDGE('',*,*,#1105,.F.);
#1714=ORIENTED_EDGE('',*,*,#990,.F.);
#1715=ORIENTED_EDGE('',*,*,#1103,.F.);
#1716=ORIENTED_EDGE('',*,*,#1040,.F.);
#1717=ORIENTED_EDGE('',*,*,#1107,.F.);
#1718=ORIENTED_EDGE('',*,*,#993,.T.);
#1719=ORIENTED_EDGE('',*,*,#1102,.F.);
#1720=ORIENTED_EDGE('',*,*,#996,.T.);
#1721=ORIENTED_EDGE('',*,*,#1108,.T.);
#1722=ORIENTED_EDGE('',*,*,#1037,.F.);
#1723=ORIENTED_EDGE('',*,*,#1099,.F.);
#1724=ORIENTED_EDGE('',*,*,#1033,.F.);
#1725=ORIENTED_EDGE('',*,*,#1189,.F.);
#1726=ORIENTED_EDGE('',*,*,#1000,.T.);
#1727=PLANE('',#1914);
#1728=PLANE('',#1915);
#1729=PLANE('',#1916);
#1730=PLANE('',#1917);
#1731=PLANE('',#1918);
#1732=PLANE('',#1919);
#1733=PLANE('',#1920);
#1734=PLANE('',#1921);
#1735=PLANE('',#1922);
#1736=PLANE('',#1923);
#1737=PLANE('',#1924);
#1738=PLANE('',#1925);
#1739=PLANE('',#1929);
#1740=PLANE('',#1946);
#1741=PLANE('',#1951);
#1742=PLANE('',#1962);
#1743=PLANE('',#1965);
#1744=PLANE('',#1967);
#1745=PLANE('',#1969);
#1746=PLANE('',#1972);
#1747=PLANE('',#1975);
#1748=PLANE('',#1977);
#1749=PLANE('',#1978);
#1750=PLANE('',#1979);
#1751=PLANE('',#1980);
#1752=PLANE('',#1981);
#1753=PLANE('',#1982);
#1754=PLANE('',#1983);
#1755=PLANE('',#1984);
#1756=PLANE('',#1986);
#1757=PLANE('',#1987);
#1758=PLANE('',#1988);
#1759=PLANE('',#1989);
#1760=PLANE('',#1990);
#1761=PLANE('',#1991);
#1762=PLANE('',#1992);
#1763=PLANE('',#1994);
#1764=PLANE('',#1995);
#1765=PLANE('',#1996);
#1766=PLANE('',#1997);
#1767=PLANE('',#1998);
#1768=PLANE('',#1999);
#1769=PLANE('',#2000);
#1770=PLANE('',#2002);
#1771=PLANE('',#2003);
#1772=PLANE('',#2004);
#1773=PLANE('',#2005);
#1774=PLANE('',#2006);
#1775=PLANE('',#2007);
#1776=PLANE('',#2008);
#1777=PLANE('',#2010);
#1778=PLANE('',#2011);
#1779=PLANE('',#2012);
#1780=PLANE('',#2013);
#1781=PLANE('',#2014);
#1782=PLANE('',#2015);
#1783=PLANE('',#2016);
#1784=PLANE('',#2021);
#1785=PLANE('',#2022);
#1786=PLANE('',#2023);
#1787=PLANE('',#2024);
#1788=PLANE('',#2025);
#1789=PLANE('',#2026);
#1790=PLANE('',#2027);
#1791=PLANE('',#2028);
#1792=PLANE('',#2029);
#1793=PLANE('',#2031);
#1794=PLANE('',#2032);
#1795=PLANE('',#2033);
#1796=PLANE('',#2034);
#1797=PLANE('',#2035);
#1798=PLANE('',#2036);
#1799=PLANE('',#2037);
#1800=PLANE('',#2038);
#1801=PLANE('',#2039);
#1802=PLANE('',#2040);
#1803=PLANE('',#2041);
#1804=PLANE('',#2042);
#1805=ADVANCED_FACE('',(#80),#1727,.T.);
#1806=ADVANCED_FACE('',(#81),#1728,.T.);
#1807=ADVANCED_FACE('',(#82),#1729,.F.);
#1808=ADVANCED_FACE('',(#83),#1730,.T.);
#1809=ADVANCED_FACE('',(#84),#1731,.T.);
#1810=ADVANCED_FACE('',(#85),#1732,.T.);
#1811=ADVANCED_FACE('',(#86),#1733,.T.);
#1812=ADVANCED_FACE('',(#87),#1734,.F.);
#1813=ADVANCED_FACE('',(#88),#1735,.T.);
#1814=ADVANCED_FACE('',(#89),#1736,.T.);
#1815=ADVANCED_FACE('',(#90),#1737,.T.);
#1816=ADVANCED_FACE('',(#91),#1738,.T.);
#1817=ADVANCED_FACE('',(#92),#63,.T.);
#1818=ADVANCED_FACE('',(#93,#15,#16,#17,#18,#19),#1739,.F.);
#1819=ADVANCED_FACE('',(#94),#1740,.T.);
#1820=ADVANCED_FACE('',(#95),#64,.T.);
#1821=ADVANCED_FACE('',(#96),#65,.T.);
#1822=ADVANCED_FACE('',(#97,#20,#21,#22,#23,#24),#1741,.T.);
#1823=ADVANCED_FACE('',(#98),#1742,.T.);
#1824=ADVANCED_FACE('',(#99),#66,.T.);
#1825=ADVANCED_FACE('',(#100),#67,.T.);
#1826=ADVANCED_FACE('',(#101),#1743,.T.);
#1827=ADVANCED_FACE('',(#102),#68,.T.);
#1828=ADVANCED_FACE('',(#103),#1744,.T.);
#1829=ADVANCED_FACE('',(#104),#69,.T.);
#1830=ADVANCED_FACE('',(#105),#1745,.T.);
#1831=ADVANCED_FACE('',(#106),#70,.T.);
#1832=ADVANCED_FACE('',(#107),#71,.T.);
#1833=ADVANCED_FACE('',(#108),#1746,.T.);
#1834=ADVANCED_FACE('',(#109),#72,.T.);
#1835=ADVANCED_FACE('',(#110),#73,.T.);
#1836=ADVANCED_FACE('',(#111),#1747,.T.);
#1837=ADVANCED_FACE('',(#112),#74,.T.);
#1838=ADVANCED_FACE('',(#113),#1748,.T.);
#1839=ADVANCED_FACE('',(#114),#1749,.F.);
#1840=ADVANCED_FACE('',(#115),#1750,.F.);
#1841=ADVANCED_FACE('',(#116),#1751,.F.);
#1842=ADVANCED_FACE('',(#117),#1752,.F.);
#1843=ADVANCED_FACE('',(#118),#1753,.F.);
#1844=ADVANCED_FACE('',(#119),#1754,.F.);
#1845=ADVANCED_FACE('',(#120,#25),#1755,.F.);
#1846=ADVANCED_FACE('',(#121),#1756,.F.);
#1847=ADVANCED_FACE('',(#122),#1757,.F.);
#1848=ADVANCED_FACE('',(#123),#1758,.F.);
#1849=ADVANCED_FACE('',(#124),#1759,.F.);
#1850=ADVANCED_FACE('',(#125),#1760,.F.);
#1851=ADVANCED_FACE('',(#126),#1761,.F.);
#1852=ADVANCED_FACE('',(#127,#26),#1762,.F.);
#1853=ADVANCED_FACE('',(#128),#1763,.F.);
#1854=ADVANCED_FACE('',(#129),#1764,.F.);
#1855=ADVANCED_FACE('',(#130),#1765,.F.);
#1856=ADVANCED_FACE('',(#131),#1766,.F.);
#1857=ADVANCED_FACE('',(#132),#1767,.F.);
#1858=ADVANCED_FACE('',(#133),#1768,.F.);
#1859=ADVANCED_FACE('',(#134,#27),#1769,.F.);
#1860=ADVANCED_FACE('',(#135),#1770,.F.);
#1861=ADVANCED_FACE('',(#136),#1771,.F.);
#1862=ADVANCED_FACE('',(#137),#1772,.F.);
#1863=ADVANCED_FACE('',(#138),#1773,.F.);
#1864=ADVANCED_FACE('',(#139),#1774,.F.);
#1865=ADVANCED_FACE('',(#140),#1775,.F.);
#1866=ADVANCED_FACE('',(#141,#28),#1776,.F.);
#1867=ADVANCED_FACE('',(#142),#1777,.F.);
#1868=ADVANCED_FACE('',(#143),#1778,.T.);
#1869=ADVANCED_FACE('',(#144),#1779,.T.);
#1870=ADVANCED_FACE('',(#145),#1780,.T.);
#1871=ADVANCED_FACE('',(#146),#1781,.T.);
#1872=ADVANCED_FACE('',(#147),#1782,.T.);
#1873=ADVANCED_FACE('',(#148),#1783,.T.);
#1874=ADVANCED_FACE('',(#149),#75,.F.);
#1875=ADVANCED_FACE('',(#150),#76,.F.);
#1876=ADVANCED_FACE('',(#151),#77,.F.);
#1877=ADVANCED_FACE('',(#152),#78,.F.);
#1878=ADVANCED_FACE('',(#153),#1784,.T.);
#1879=ADVANCED_FACE('',(#154),#1785,.T.);
#1880=ADVANCED_FACE('',(#155),#1786,.T.);
#1881=ADVANCED_FACE('',(#156),#1787,.T.);
#1882=ADVANCED_FACE('',(#157),#1788,.T.);
#1883=ADVANCED_FACE('',(#158),#1789,.T.);
#1884=ADVANCED_FACE('',(#159),#1790,.T.);
#1885=ADVANCED_FACE('',(#160),#1791,.T.);
#1886=ADVANCED_FACE('',(#161),#1792,.T.);
#1887=ADVANCED_FACE('',(#162),#79,.F.);
#1888=ADVANCED_FACE('',(#163),#1793,.T.);
#1889=ADVANCED_FACE('',(#164),#1794,.T.);
#1890=ADVANCED_FACE('',(#165),#1795,.T.);
#1891=ADVANCED_FACE('',(#166),#1796,.T.);
#1892=ADVANCED_FACE('',(#167),#1797,.T.);
#1893=ADVANCED_FACE('',(#168),#1798,.T.);
#1894=ADVANCED_FACE('',(#169),#1799,.T.);
#1895=ADVANCED_FACE('',(#170),#1800,.T.);
#1896=ADVANCED_FACE('',(#171),#1801,.T.);
#1897=ADVANCED_FACE('',(#172),#1802,.T.);
#1898=ADVANCED_FACE('',(#173),#1803,.T.);
#1899=ADVANCED_FACE('',(#174),#1804,.T.);
#1900=CLOSED_SHELL('',(#1805,#1806,#1807,#1808,#1809,#1810,#1811,#1812,
#1813,#1814,#1815,#1816,#1817,#1818,#1819,#1820,#1821,#1822,#1823,#1824,
#1825,#1826,#1827,#1828,#1829,#1830,#1831,#1832,#1833,#1834,#1835,#1836,
#1837,#1838,#1839,#1840,#1841,#1842,#1843,#1844,#1845,#1846,#1847,#1848,
#1849,#1850,#1851,#1852,#1853,#1854,#1855,#1856,#1857,#1858,#1859,#1860,
#1861,#1862,#1863,#1864,#1865,#1866,#1867,#1868,#1869,#1870,#1871,#1872,
#1873,#1874,#1875,#1876,#1877,#1878,#1879,#1880,#1881,#1882,#1883,#1884,
#1885,#1886,#1887,#1888,#1889,#1890,#1891,#1892,#1893,#1894,#1895,#1896,
#1897,#1898,#1899));
#1901=DERIVED_UNIT_ELEMENT(#1903,1.);
#1902=DERIVED_UNIT_ELEMENT(#3080,-3.);
#1903=(
MASS_UNIT()
NAMED_UNIT(*)
SI_UNIT(.KILO.,.GRAM.)
);
#1904=DERIVED_UNIT((#1901,#1902));
#1905=MEASURE_REPRESENTATION_ITEM('density measure',
POSITIVE_RATIO_MEASURE(7850.),#1904);
#1906=PROPERTY_DEFINITION_REPRESENTATION(#1911,#1908);
#1907=PROPERTY_DEFINITION_REPRESENTATION(#1912,#1909);
#1908=REPRESENTATION('material name',(#1910),#3077);
#1909=REPRESENTATION('density',(#1905),#3077);
#1910=DESCRIPTIVE_REPRESENTATION_ITEM('Stahl','Stahl');
#1911=PROPERTY_DEFINITION('material property','material name',#3087);
#1912=PROPERTY_DEFINITION('material property','density of part',#3087);
#1913=AXIS2_PLACEMENT_3D('',#2536,#2043,#2044);
#1914=AXIS2_PLACEMENT_3D('',#2537,#2045,#2046);
#1915=AXIS2_PLACEMENT_3D('',#2550,#2053,#2054);
#1916=AXIS2_PLACEMENT_3D('',#2554,#2057,#2058);
#1917=AXIS2_PLACEMENT_3D('',#2558,#2061,#2062);
#1918=AXIS2_PLACEMENT_3D('',#2564,#2066,#2067);
#1919=AXIS2_PLACEMENT_3D('',#2570,#2071,#2072);
#1920=AXIS2_PLACEMENT_3D('',#2580,#2078,#2079);
#1921=AXIS2_PLACEMENT_3D('',#2584,#2082,#2083);
#1922=AXIS2_PLACEMENT_3D('',#2588,#2086,#2087);
#1923=AXIS2_PLACEMENT_3D('',#2594,#2091,#2092);
#1924=AXIS2_PLACEMENT_3D('',#2603,#2097,#2098);
#1925=AXIS2_PLACEMENT_3D('',#2609,#2102,#2103);
#1926=AXIS2_PLACEMENT_3D('',#2615,#2107,#2108);
#1927=AXIS2_PLACEMENT_3D('',#2618,#2109,#2110);
#1928=AXIS2_PLACEMENT_3D('',#2622,#2112,#2113);
#1929=AXIS2_PLACEMENT_3D('',#2624,#2115,#2116);
#1930=AXIS2_PLACEMENT_3D('',#2645,#2127,#2128);
#1931=AXIS2_PLACEMENT_3D('',#2651,#2131,#2132);
#1932=AXIS2_PLACEMENT_3D('',#2655,#2134,#2135);
#1933=AXIS2_PLACEMENT_3D('',#2663,#2139,#2140);
#1934=AXIS2_PLACEMENT_3D('',#2667,#2142,#2143);
#1935=AXIS2_PLACEMENT_3D('',#2673,#2146,#2147);
#1936=AXIS2_PLACEMENT_3D('',#2677,#2149,#2150);
#1937=AXIS2_PLACEMENT_3D('',#2683,#2153,#2154);
#1938=AXIS2_PLACEMENT_3D('',#2687,#2156,#2157);
#1939=AXIS2_PLACEMENT_3D('',#2695,#2161,#2162);
#1940=AXIS2_PLACEMENT_3D('',#2699,#2164,#2165);
#1941=AXIS2_PLACEMENT_3D('',#2704,#2168,#2169);
#1942=AXIS2_PLACEMENT_3D('',#2706,#2170,#2171);
#1943=AXIS2_PLACEMENT_3D('',#2708,#2172,#2173);
#1944=AXIS2_PLACEMENT_3D('',#2710,#2174,#2175);
#1945=AXIS2_PLACEMENT_3D('',#2712,#2176,#2177);
#1946=AXIS2_PLACEMENT_3D('',#2713,#2178,#2179);
#1947=AXIS2_PLACEMENT_3D('',#2727,#2188,#2189);
#1948=AXIS2_PLACEMENT_3D('',#2729,#2190,#2191);
#1949=AXIS2_PLACEMENT_3D('',#2731,#2193,#2194);
#1950=AXIS2_PLACEMENT_3D('',#2734,#2195,#2196);
#1951=AXIS2_PLACEMENT_3D('',#2737,#2199,#2200);
#1952=AXIS2_PLACEMENT_3D('',#2743,#2203,#2204);
#1953=AXIS2_PLACEMENT_3D('',#2747,#2206,#2207);
#1954=AXIS2_PLACEMENT_3D('',#2755,#2211,#2212);
#1955=AXIS2_PLACEMENT_3D('',#2759,#2214,#2215);
#1956=AXIS2_PLACEMENT_3D('',#2765,#2218,#2219);
#1957=AXIS2_PLACEMENT_3D('',#2769,#2221,#2222);
#1958=AXIS2_PLACEMENT_3D('',#2775,#2225,#2226);
#1959=AXIS2_PLACEMENT_3D('',#2779,#2228,#2229);
#1960=AXIS2_PLACEMENT_3D('',#2788,#2234,#2235);
#1961=AXIS2_PLACEMENT_3D('',#2855,#2270,#2271);
#1962=AXIS2_PLACEMENT_3D('',#2856,#2272,#2273);
#1963=AXIS2_PLACEMENT_3D('',#2858,#2275,#2276);
#1964=AXIS2_PLACEMENT_3D('',#2860,#2278,#2279);
#1965=AXIS2_PLACEMENT_3D('',#2863,#2282,#2283);
#1966=AXIS2_PLACEMENT_3D('',#2865,#2285,#2286);
#1967=AXIS2_PLACEMENT_3D('',#2868,#2289,#2290);
#1968=AXIS2_PLACEMENT_3D('',#2870,#2292,#2293);
#1969=AXIS2_PLACEMENT_3D('',#2873,#2296,#2297);
#1970=AXIS2_PLACEMENT_3D('',#2875,#2299,#2300);
#1971=AXIS2_PLACEMENT_3D('',#2877,#2302,#2303);
#1972=AXIS2_PLACEMENT_3D('',#2880,#2306,#2307);
#1973=AXIS2_PLACEMENT_3D('',#2882,#2309,#2310);
#1974=AXIS2_PLACEMENT_3D('',#2884,#2312,#2313);
#1975=AXIS2_PLACEMENT_3D('',#2887,#2316,#2317);
#1976=AXIS2_PLACEMENT_3D('',#2889,#2319,#2320);
#1977=AXIS2_PLACEMENT_3D('',#2892,#2323,#2324);
#1978=AXIS2_PLACEMENT_3D('',#2894,#2326,#2327);
#1979=AXIS2_PLACEMENT_3D('',#2900,#2331,#2332);
#1980=AXIS2_PLACEMENT_3D('',#2904,#2335,#2336);
#1981=AXIS2_PLACEMENT_3D('',#2908,#2339,#2340);
#1982=AXIS2_PLACEMENT_3D('',#2912,#2343,#2344);
#1983=AXIS2_PLACEMENT_3D('',#2916,#2347,#2348);
#1984=AXIS2_PLACEMENT_3D('',#2918,#2350,#2351);
#1985=AXIS2_PLACEMENT_3D('',#2920,#2352,#2353);
#1986=AXIS2_PLACEMENT_3D('',#2921,#2354,#2355);
#1987=AXIS2_PLACEMENT_3D('',#2927,#2359,#2360);
#1988=AXIS2_PLACEMENT_3D('',#2931,#2363,#2364);
#1989=AXIS2_PLACEMENT_3D('',#2935,#2367,#2368);
#1990=AXIS2_PLACEMENT_3D('',#2939,#2371,#2372);
#1991=AXIS2_PLACEMENT_3D('',#2943,#2375,#2376);
#1992=AXIS2_PLACEMENT_3D('',#2945,#2378,#2379);
#1993=AXIS2_PLACEMENT_3D('',#2947,#2380,#2381);
#1994=AXIS2_PLACEMENT_3D('',#2948,#2382,#2383);
#1995=AXIS2_PLACEMENT_3D('',#2954,#2387,#2388);
#1996=AXIS2_PLACEMENT_3D('',#2958,#2391,#2392);
#1997=AXIS2_PLACEMENT_3D('',#2962,#2395,#2396);
#1998=AXIS2_PLACEMENT_3D('',#2966,#2399,#2400);
#1999=AXIS2_PLACEMENT_3D('',#2970,#2403,#2404);
#2000=AXIS2_PLACEMENT_3D('',#2972,#2406,#2407);
#2001=AXIS2_PLACEMENT_3D('',#2974,#2408,#2409);
#2002=AXIS2_PLACEMENT_3D('',#2975,#2410,#2411);
#2003=AXIS2_PLACEMENT_3D('',#2981,#2415,#2416);
#2004=AXIS2_PLACEMENT_3D('',#2985,#2419,#2420);
#2005=AXIS2_PLACEMENT_3D('',#2989,#2423,#2424);
#2006=AXIS2_PLACEMENT_3D('',#2993,#2427,#2428);
#2007=AXIS2_PLACEMENT_3D('',#2997,#2431,#2432);
#2008=AXIS2_PLACEMENT_3D('',#2999,#2434,#2435);
#2009=AXIS2_PLACEMENT_3D('',#3001,#2436,#2437);
#2010=AXIS2_PLACEMENT_3D('',#3002,#2438,#2439);
#2011=AXIS2_PLACEMENT_3D('',#3008,#2443,#2444);
#2012=AXIS2_PLACEMENT_3D('',#3011,#2447,#2448);
#2013=AXIS2_PLACEMENT_3D('',#3012,#2449,#2450);
#2014=AXIS2_PLACEMENT_3D('',#3014,#2452,#2453);
#2015=AXIS2_PLACEMENT_3D('',#3016,#2455,#2456);
#2016=AXIS2_PLACEMENT_3D('',#3024,#2461,#2462);
#2017=AXIS2_PLACEMENT_3D('',#3032,#2467,#2468);
#2018=AXIS2_PLACEMENT_3D('',#3034,#2470,#2471);
#2019=AXIS2_PLACEMENT_3D('',#3036,#2473,#2474);
#2020=AXIS2_PLACEMENT_3D('',#3038,#2476,#2477);
#2021=AXIS2_PLACEMENT_3D('',#3040,#2479,#2480);
#2022=AXIS2_PLACEMENT_3D('',#3042,#2482,#2483);
#2023=AXIS2_PLACEMENT_3D('',#3044,#2485,#2486);
#2024=AXIS2_PLACEMENT_3D('',#3047,#2489,#2490);
#2025=AXIS2_PLACEMENT_3D('',#3048,#2491,#2492);
#2026=AXIS2_PLACEMENT_3D('',#3050,#2494,#2495);
#2027=AXIS2_PLACEMENT_3D('',#3053,#2498,#2499);
#2028=AXIS2_PLACEMENT_3D('',#3055,#2501,#2502);
#2029=AXIS2_PLACEMENT_3D('',#3056,#2503,#2504);
#2030=AXIS2_PLACEMENT_3D('',#3057,#2505,#2506);
#2031=AXIS2_PLACEMENT_3D('',#3059,#2508,#2509);
#2032=AXIS2_PLACEMENT_3D('',#3061,#2511,#2512);
#2033=AXIS2_PLACEMENT_3D('',#3062,#2513,#2514);
#2034=AXIS2_PLACEMENT_3D('',#3063,#2515,#2516);
#2035=AXIS2_PLACEMENT_3D('',#3065,#2518,#2519);
#2036=AXIS2_PLACEMENT_3D('',#3066,#2520,#2521);
#2037=AXIS2_PLACEMENT_3D('',#3068,#2523,#2524);
#2038=AXIS2_PLACEMENT_3D('',#3070,#2526,#2527);
#2039=AXIS2_PLACEMENT_3D('',#3071,#2528,#2529);
#2040=AXIS2_PLACEMENT_3D('',#3072,#2530,#2531);
#2041=AXIS2_PLACEMENT_3D('',#3073,#2532,#2533);
#2042=AXIS2_PLACEMENT_3D('',#3074,#2534,#2535);
#2043=DIRECTION('axis',(0.,0.,1.));
#2044=DIRECTION('refdir',(1.,0.,0.));
#2045=DIRECTION('center_axis',(-0.707106781186546,-0.707106781186549,0.));
#2046=DIRECTION('ref_axis',(0.707106781186549,-0.707106781186546,0.));
#2047=DIRECTION('',(-0.707106781186549,0.707106781186546,0.));
#2048=DIRECTION('',(0.,0.,1.));
#2049=DIRECTION('',(0.707106781186549,-0.707106781186546,0.));
#2050=DIRECTION('',(0.,0.,1.));
#2051=DIRECTION('',(-0.707106781186549,0.707106781186546,0.));
#2052=DIRECTION('',(-0.707106781186549,0.707106781186546,0.));
#2053=DIRECTION('center_axis',(0.,0.,1.));
#2054=DIRECTION('ref_axis',(1.,0.,0.));
#2055=DIRECTION('',(-1.,0.,0.));
#2056=DIRECTION('',(-4.44089209850063E-15,1.,0.));
#2057=DIRECTION('center_axis',(0.,0.,1.));
#2058=DIRECTION('ref_axis',(-1.,0.,0.));
#2059=DIRECTION('',(5.77315972805107E-14,-1.,0.));
#2060=DIRECTION('',(1.,-4.44089209850142E-15,0.));
#2061=DIRECTION('center_axis',(0.,0.,1.));
#2062=DIRECTION('ref_axis',(1.,0.,0.));
#2063=DIRECTION('',(-1.,0.,0.));
#2064=DIRECTION('',(-0.707106781186549,-0.707106781186546,0.));
#2065=DIRECTION('',(1.,-4.44089209850142E-15,0.));
#2066=DIRECTION('center_axis',(0.,0.,1.));
#2067=DIRECTION('ref_axis',(1.,0.,0.));
#2068=DIRECTION('',(5.77315972805107E-14,-1.,0.));
#2069=DIRECTION('',(1.,2.53765262771464E-16,0.));
#2070=DIRECTION('',(-4.44089209850063E-15,1.,0.));
#2071=DIRECTION('center_axis',(0.707106781186546,-0.707106781186549,0.));
#2072=DIRECTION('ref_axis',(0.707106781186549,0.707106781186546,0.));
#2073=DIRECTION('',(0.,0.,1.));
#2074=DIRECTION('',(0.707106781186549,0.707106781186546,0.));
#2075=DIRECTION('',(0.,0.,1.));
#2076=DIRECTION('',(-0.707106781186549,-0.707106781186546,0.));
#2077=DIRECTION('',(-0.707106781186549,-0.707106781186546,0.));
#2078=DIRECTION('center_axis',(0.,0.,1.));
#2079=DIRECTION('ref_axis',(1.,0.,0.));
#2080=DIRECTION('',(-1.28102656687518E-16,-1.,0.));
#2081=DIRECTION('',(-1.,0.,0.));
#2082=DIRECTION('center_axis',(0.,0.,1.));
#2083=DIRECTION('ref_axis',(-1.,0.,0.));
#2084=DIRECTION('',(1.,-4.44089209850142E-15,0.));
#2085=DIRECTION('',(6.20276776801447E-15,1.,0.));
#2086=DIRECTION('center_axis',(0.,0.,1.));
#2087=DIRECTION('ref_axis',(1.,0.,0.));
#2088=DIRECTION('',(-1.28102656687518E-16,-1.,0.));
#2089=DIRECTION('',(1.,2.53765262771464E-16,0.));
#2090=DIRECTION('',(6.20276776801447E-15,1.,0.));
#2091=DIRECTION('center_axis',(-0.707106781186473,0.707106781186622,0.));
#2092=DIRECTION('ref_axis',(0.,0.,1.));
#2093=DIRECTION('',(-0.707106781186622,-0.707106781186473,0.));
#2094=DIRECTION('',(0.,0.,1.));
#2095=DIRECTION('',(0.707106781186622,0.707106781186473,0.));
#2096=DIRECTION('',(0.,0.,1.));
#2097=DIRECTION('center_axis',(-1.29937213252427E-14,1.,0.));
#2098=DIRECTION('ref_axis',(-1.,-1.29937213252427E-14,0.));
#2099=DIRECTION('',(-1.,-1.29937213252427E-14,0.));
#2100=DIRECTION('',(0.,0.,-1.));
#2101=DIRECTION('',(-1.,-1.29937213252427E-14,0.));
#2102=DIRECTION('center_axis',(0.707106781186529,0.707106781186566,0.));
#2103=DIRECTION('ref_axis',(0.,0.,-1.));
#2104=DIRECTION('',(-0.707106781186566,0.707106781186529,0.));
#2105=DIRECTION('',(0.,0.,1.));
#2106=DIRECTION('',(0.707106781186566,-0.707106781186529,0.));
#2107=DIRECTION('center_axis',(0.,0.,1.));
#2108=DIRECTION('ref_axis',(-0.707106781186291,0.707106781186804,0.));
#2109=DIRECTION('center_axis',(0.,0.,-1.));
#2110=DIRECTION('ref_axis',(-0.707106781186291,0.707106781186804,0.));
#2111=DIRECTION('',(0.,0.,-1.));
#2112=DIRECTION('center_axis',(0.,0.,1.));
#2113=DIRECTION('ref_axis',(-0.707106781186291,0.707106781186804,0.));
#2114=DIRECTION('',(0.,0.,1.));
#2115=DIRECTION('center_axis',(0.,0.,1.));
#2116=DIRECTION('ref_axis',(1.,0.,0.));
#2117=DIRECTION('',(1.,-2.11086258569914E-15,0.));
#2118=DIRECTION('',(-2.96059473233375E-15,-1.,0.));
#2119=DIRECTION('',(1.,-3.99680288865056E-14,0.));
#2120=DIRECTION('',(6.20276776801447E-15,1.,0.));
#2121=DIRECTION('',(-1.,9.04831765069502E-14,0.));
#2122=DIRECTION('',(-1.,-7.77156117237609E-14,0.));
#2123=DIRECTION('',(4.24780983334843E-15,-1.,0.));
#2124=DIRECTION('',(1.,3.99680288865057E-14,0.));
#2125=DIRECTION('',(2.96059473233375E-15,1.,0.));
#2126=DIRECTION('',(1.,-2.11086258569914E-15,0.));
#2127=DIRECTION('center_axis',(0.,0.,1.));
#2128=DIRECTION('ref_axis',(0.707106781186293,0.707106781186802,0.));
#2129=DIRECTION('',(-7.23042780180304E-13,1.,0.));
#2130=DIRECTION('',(-1.,4.74535883211178E-12,0.));
#2131=DIRECTION('center_axis',(0.,0.,1.));
#2132=DIRECTION('ref_axis',(0.707106781187654,0.707106781185441,0.));
#2133=DIRECTION('',(-1.6173729022733E-12,1.,0.));
#2134=DIRECTION('center_axis',(0.,0.,1.));
#2135=DIRECTION('ref_axis',(0.707106781187186,-0.707106781185909,0.));
#2136=DIRECTION('',(1.,1.88693402378835E-13,0.));
#2137=DIRECTION('',(-6.08402772863447E-13,1.,0.));
#2138=DIRECTION('',(1.,1.34047045748811E-12,0.));
#2139=DIRECTION('center_axis',(0.,0.,1.));
#2140=DIRECTION('ref_axis',(0.707106781186071,0.707106781187024,0.));
#2141=DIRECTION('',(5.32907051820889E-15,-1.,0.));
#2142=DIRECTION('center_axis',(0.,0.,1.));
#2143=DIRECTION('ref_axis',(0.707106781186899,-0.707106781186197,0.));
#2144=DIRECTION('',(-1.,-9.85502670838759E-13,0.));
#2145=DIRECTION('',(7.8949166170653E-15,-1.,0.));
#2146=DIRECTION('center_axis',(0.,0.,1.));
#2147=DIRECTION('ref_axis',(0.707106781186549,-0.707106781186546,0.));
#2148=DIRECTION('',(1.,-1.40724172379752E-15,0.));
#2149=DIRECTION('center_axis',(0.,0.,1.));
#2150=DIRECTION('ref_axis',(-0.707106781186551,-0.707106781186544,0.));
#2151=DIRECTION('',(-9.08087218057418E-15,-1.,0.));
#2152=DIRECTION('',(1.,-2.42405633253704E-13,0.));
#2153=DIRECTION('center_axis',(0.,0.,1.));
#2154=DIRECTION('ref_axis',(-0.707106781186634,-0.707106781186462,0.));
#2155=DIRECTION('',(6.10622663544067E-16,-1.,0.));
#2156=DIRECTION('center_axis',(0.,0.,1.));
#2157=DIRECTION('ref_axis',(-0.707106781186123,0.707106781186972,0.));
#2158=DIRECTION('',(-1.,1.20128572009037E-12,0.));
#2159=DIRECTION('',(6.11067310555994E-13,1.,0.));
#2160=DIRECTION('',(-1.,1.18447145651665E-12,0.));
#2161=DIRECTION('center_axis',(0.,0.,1.));
#2162=DIRECTION('ref_axis',(-0.707106781187538,-0.707106781185557,0.));
#2163=DIRECTION('',(1.61842761414746E-12,1.,0.));
#2164=DIRECTION('center_axis',(0.,0.,1.));
#2165=DIRECTION('ref_axis',(-0.70710678118765,0.707106781185445,0.));
#2166=DIRECTION('',(1.,4.73414932305954E-12,0.));
#2167=DIRECTION('',(7.2499289796256E-13,1.,0.));
#2168=DIRECTION('center_axis',(0.,0.,-1.));
#2169=DIRECTION('ref_axis',(1.,0.,0.));
#2170=DIRECTION('center_axis',(0.,0.,-1.));
#2171=DIRECTION('ref_axis',(1.,0.,0.));
#2172=DIRECTION('center_axis',(0.,0.,-1.));
#2173=DIRECTION('ref_axis',(1.,0.,0.));
#2174=DIRECTION('center_axis',(0.,0.,-1.));
#2175=DIRECTION('ref_axis',(1.,0.,0.));
#2176=DIRECTION('center_axis',(0.,0.,-1.));
#2177=DIRECTION('ref_axis',(1.,0.,0.));
#2178=DIRECTION('center_axis',(2.11086258569914E-15,1.,0.));
#2179=DIRECTION('ref_axis',(-1.,2.11086258569914E-15,0.));
#2180=DIRECTION('',(-1.,2.11086258569914E-15,0.));
#2181=DIRECTION('',(0.,0.,1.));
#2182=DIRECTION('',(0.,0.,1.));
#2183=DIRECTION('',(-1.,2.11086258569914E-15,0.));
#2184=DIRECTION('',(0.,0.,1.));
#2185=DIRECTION('',(0.,0.,1.));
#2186=DIRECTION('',(-1.,2.11086258569914E-15,0.));
#2187=DIRECTION('',(0.,0.,-1.));
#2188=DIRECTION('center_axis',(0.,0.,1.));
#2189=DIRECTION('ref_axis',(0.707106781186293,0.707106781186802,0.));
#2190=DIRECTION('center_axis',(0.,0.,-1.));
#2191=DIRECTION('ref_axis',(0.707106781186293,0.707106781186802,0.));
#2192=DIRECTION('',(0.,0.,-1.));
#2193=DIRECTION('center_axis',(0.,0.,1.));
#2194=DIRECTION('ref_axis',(0.707106781187186,-0.707106781185909,0.));
#2195=DIRECTION('center_axis',(0.,0.,-1.));
#2196=DIRECTION('ref_axis',(0.707106781187186,-0.707106781185909,0.));
#2197=DIRECTION('',(0.,0.,-1.));
#2198=DIRECTION('',(0.,0.,1.));
#2199=DIRECTION('center_axis',(0.,0.,1.));
#2200=DIRECTION('ref_axis',(1.,0.,0.));
#2201=DIRECTION('',(-7.2499289796256E-13,-1.,0.));
#2202=DIRECTION('',(-1.,-4.73414932305954E-12,0.));
#2203=DIRECTION('center_axis',(0.,0.,-1.));
#2204=DIRECTION('ref_axis',(-0.70710678118765,0.707106781185445,0.));
#2205=DIRECTION('',(-1.61842761414746E-12,-1.,0.));
#2206=DIRECTION('center_axis',(0.,0.,-1.));
#2207=DIRECTION('ref_axis',(-0.707106781187538,-0.707106781185557,0.));
#2208=DIRECTION('',(1.,-1.18447145651665E-12,0.));
#2209=DIRECTION('',(-6.11067310555994E-13,-1.,0.));
#2210=DIRECTION('',(-1.,1.20128572009037E-12,0.));
#2211=DIRECTION('center_axis',(0.,0.,-1.));
#2212=DIRECTION('ref_axis',(-0.707106781186123,0.707106781186972,0.));
#2213=DIRECTION('',(6.10622663544067E-16,-1.,0.));
#2214=DIRECTION('center_axis',(0.,0.,-1.));
#2215=DIRECTION('ref_axis',(-0.707106781186634,-0.707106781186462,0.));
#2216=DIRECTION('',(1.,-2.42405633253704E-13,0.));
#2217=DIRECTION('',(-9.08087218057418E-15,-1.,0.));
#2218=DIRECTION('center_axis',(0.,0.,-1.));
#2219=DIRECTION('ref_axis',(-0.707106781186551,-0.707106781186544,0.));
#2220=DIRECTION('',(1.,-1.40724172379752E-15,0.));
#2221=DIRECTION('center_axis',(0.,0.,-1.));
#2222=DIRECTION('ref_axis',(0.707106781186549,-0.707106781186546,0.));
#2223=DIRECTION('',(-7.8949166170653E-15,1.,0.));
#2224=DIRECTION('',(1.,9.85502670838759E-13,0.));
#2225=DIRECTION('center_axis',(0.,0.,-1.));
#2226=DIRECTION('ref_axis',(0.707106781186899,-0.707106781186197,0.));
#2227=DIRECTION('',(-5.32907051820889E-15,1.,0.));
#2228=DIRECTION('center_axis',(0.,0.,-1.));
#2229=DIRECTION('ref_axis',(0.707106781186071,0.707106781187024,0.));
#2230=DIRECTION('',(-1.,-1.34047045748811E-12,0.));
#2231=DIRECTION('',(-6.08402772863447E-13,1.,0.));
#2232=DIRECTION('',(1.,1.88693402378835E-13,0.));
#2233=DIRECTION('',(-1.6173729022733E-12,1.,0.));
#2234=DIRECTION('center_axis',(0.,0.,-1.));
#2235=DIRECTION('ref_axis',(0.707106781187654,0.707106781185441,0.));
#2236=DIRECTION('',(-1.,4.74535883211178E-12,0.));
#2237=DIRECTION('',(-7.23042780180304E-13,1.,0.));
#2238=DIRECTION('',(4.44089209850063E-15,-1.,0.));
#2239=DIRECTION('',(-1.,-2.53765262771464E-16,0.));
#2240=DIRECTION('',(-5.77315972805107E-14,1.,0.));
#2241=DIRECTION('',(-1.,-7.77156117237609E-14,0.));
#2242=DIRECTION('',(-1.,9.04831765069502E-14,0.));
#2243=DIRECTION('',(-6.20276776801447E-15,-1.,0.));
#2244=DIRECTION('',(-1.,-2.53765262771464E-16,0.));
#2245=DIRECTION('',(1.28102656687518E-16,1.,0.));
#2246=DIRECTION('',(0.866025403784443,-0.499999999999992,0.));
#2247=DIRECTION('',(1.07955799937324E-14,-1.,0.));
#2248=DIRECTION('',(-0.866025403784434,-0.500000000000008,0.));
#2249=DIRECTION('',(-0.866025403784444,0.499999999999991,0.));
#2250=DIRECTION('',(-1.07955799937323E-14,1.,0.));
#2251=DIRECTION('',(0.866025403784434,0.500000000000008,0.));
#2252=DIRECTION('',(0.866025403784439,-0.5,0.));
#2253=DIRECTION('',(0.,-1.,0.));
#2254=DIRECTION('',(-0.866025403784439,-0.5,0.));
#2255=DIRECTION('',(-0.86602540378444,0.499999999999997,0.));
#2256=DIRECTION('',(0.,1.,0.));
#2257=DIRECTION('',(0.866025403784439,0.5,0.));
#2258=DIRECTION('',(0.866025403784439,-0.499999999999999,0.));
#2259=DIRECTION('',(3.37361874804134E-16,-1.,0.));
#2260=DIRECTION('',(-0.866025403784439,-0.5,0.));
#2261=DIRECTION('',(-0.866025403784439,0.499999999999999,0.));
#2262=DIRECTION('',(-5.06042812206201E-16,1.,0.));
#2263=DIRECTION('',(0.866025403784438,0.500000000000001,0.));
#2264=DIRECTION('',(0.866025403784438,-0.500000000000001,0.));
#2265=DIRECTION('',(1.68680937402067E-16,-1.,0.));
#2266=DIRECTION('',(-0.866025403784439,-0.5,0.));
#2267=DIRECTION('',(-0.866025403784439,0.5,0.));
#2268=DIRECTION('',(-1.68680937402067E-16,1.,0.));
#2269=DIRECTION('',(0.866025403784438,0.500000000000001,0.));
#2270=DIRECTION('center_axis',(0.,0.,-1.));
#2271=DIRECTION('ref_axis',(1.,0.,0.));
#2272=DIRECTION('center_axis',(1.,1.6173729022733E-12,0.));
#2273=DIRECTION('ref_axis',(-1.6173729022733E-12,1.,0.));
#2274=DIRECTION('',(0.,0.,-1.));
#2275=DIRECTION('center_axis',(0.,0.,1.));
#2276=DIRECTION('ref_axis',(0.707106781187654,0.707106781185441,0.));
#2277=DIRECTION('',(0.,0.,1.));
#2278=DIRECTION('center_axis',(0.,0.,1.));
#2279=DIRECTION('ref_axis',(-0.707106781187538,-0.707106781185557,0.));
#2280=DIRECTION('',(0.,0.,-1.));
#2281=DIRECTION('',(0.,0.,1.));
#2282=DIRECTION('center_axis',(-1.18447145651665E-12,-1.,0.));
#2283=DIRECTION('ref_axis',(1.,-1.18447145651665E-12,0.));
#2284=DIRECTION('',(0.,0.,1.));
#2285=DIRECTION('center_axis',(0.,0.,1.));
#2286=DIRECTION('ref_axis',(-0.70710678118765,0.707106781185445,0.));
#2287=DIRECTION('',(0.,0.,-1.));
#2288=DIRECTION('',(0.,0.,1.));
#2289=DIRECTION('center_axis',(-4.73414932305954E-12,1.,0.));
#2290=DIRECTION('ref_axis',(-1.,-4.73414932305954E-12,0.));
#2291=DIRECTION('',(0.,0.,1.));
#2292=DIRECTION('center_axis',(0.,0.,1.));
#2293=DIRECTION('ref_axis',(0.707106781186071,0.707106781187024,0.));
#2294=DIRECTION('',(0.,0.,-1.));
#2295=DIRECTION('',(0.,0.,1.));
#2296=DIRECTION('center_axis',(1.,5.32907051820889E-15,0.));
#2297=DIRECTION('ref_axis',(-5.32907051820889E-15,1.,0.));
#2298=DIRECTION('',(0.,0.,1.));
#2299=DIRECTION('center_axis',(0.,0.,1.));
#2300=DIRECTION('ref_axis',(0.707106781186899,-0.707106781186197,0.));
#2301=DIRECTION('',(0.,0.,-1.));
#2302=DIRECTION('center_axis',(0.,0.,1.));
#2303=DIRECTION('ref_axis',(-0.707106781186123,0.707106781186972,0.));
#2304=DIRECTION('',(0.,0.,-1.));
#2305=DIRECTION('',(0.,0.,1.));
#2306=DIRECTION('center_axis',(-1.,-6.10622663544067E-16,0.));
#2307=DIRECTION('ref_axis',(6.10622663544067E-16,-1.,0.));
#2308=DIRECTION('',(0.,0.,-1.));
#2309=DIRECTION('center_axis',(0.,0.,1.));
#2310=DIRECTION('ref_axis',(-0.707106781186634,-0.707106781186462,0.));
#2311=DIRECTION('',(0.,0.,1.));
#2312=DIRECTION('center_axis',(0.,0.,1.));
#2313=DIRECTION('ref_axis',(0.707106781186549,-0.707106781186546,0.));
#2314=DIRECTION('',(0.,0.,-1.));
#2315=DIRECTION('',(0.,0.,1.));
#2316=DIRECTION('center_axis',(1.,7.8949166170653E-15,0.));
#2317=DIRECTION('ref_axis',(-7.8949166170653E-15,1.,0.));
#2318=DIRECTION('',(0.,0.,1.));
#2319=DIRECTION('center_axis',(0.,0.,1.));
#2320=DIRECTION('ref_axis',(-0.707106781186551,-0.707106781186544,0.));
#2321=DIRECTION('',(0.,0.,-1.));
#2322=DIRECTION('',(0.,0.,1.));
#2323=DIRECTION('center_axis',(-1.,9.08087218057418E-15,0.));
#2324=DIRECTION('ref_axis',(-9.08087218057418E-15,-1.,0.));
#2325=DIRECTION('',(0.,0.,1.));
#2326=DIRECTION('center_axis',(0.499999999999992,0.866025403784444,0.));
#2327=DIRECTION('ref_axis',(0.866025403784443,-0.499999999999992,0.));
#2328=DIRECTION('',(0.,0.,-1.));
#2329=DIRECTION('',(0.866025403784443,-0.499999999999991,0.));
#2330=DIRECTION('',(0.,0.,-1.));
#2331=DIRECTION('center_axis',(-0.500000000000008,0.866025403784434,0.));
#2332=DIRECTION('ref_axis',(0.866025403784434,0.500000000000008,0.));
#2333=DIRECTION('',(0.,0.,-1.));
#2334=DIRECTION('',(0.866025403784434,0.500000000000008,0.));
#2335=DIRECTION('center_axis',(-1.,-1.07955799937323E-14,0.));
#2336=DIRECTION('ref_axis',(-1.07955799937323E-14,1.,0.));
#2337=DIRECTION('',(0.,0.,-1.));
#2338=DIRECTION('',(-1.07955799937323E-14,1.,0.));
#2339=DIRECTION('center_axis',(-0.499999999999991,-0.866025403784444,0.));
#2340=DIRECTION('ref_axis',(-0.866025403784444,0.499999999999991,0.));
#2341=DIRECTION('',(0.,0.,-1.));
#2342=DIRECTION('',(-0.866025403784444,0.499999999999991,0.));
#2343=DIRECTION('center_axis',(0.500000000000008,-0.866025403784434,0.));
#2344=DIRECTION('ref_axis',(-0.866025403784434,-0.500000000000008,0.));
#2345=DIRECTION('',(0.,0.,-1.));
#2346=DIRECTION('',(-0.866025403784434,-0.500000000000008,0.));
#2347=DIRECTION('center_axis',(1.,1.07955799937324E-14,0.));
#2348=DIRECTION('ref_axis',(1.07955799937324E-14,-1.,0.));
#2349=DIRECTION('',(1.07955799937324E-14,-1.,0.));
#2350=DIRECTION('center_axis',(0.,0.,-1.));
#2351=DIRECTION('ref_axis',(-1.,0.,0.));
#2352=DIRECTION('center_axis',(0.,0.,1.));
#2353=DIRECTION('ref_axis',(1.,0.,0.));
#2354=DIRECTION('center_axis',(0.5,0.866025403784439,0.));
#2355=DIRECTION('ref_axis',(0.866025403784439,-0.5,0.));
#2356=DIRECTION('',(0.,0.,-1.));
#2357=DIRECTION('',(0.866025403784439,-0.5,0.));
#2358=DIRECTION('',(0.,0.,-1.));
#2359=DIRECTION('center_axis',(-0.5,0.866025403784439,0.));
#2360=DIRECTION('ref_axis',(0.866025403784439,0.5,0.));
#2361=DIRECTION('',(0.,0.,-1.));
#2362=DIRECTION('',(0.866025403784439,0.5,0.));
#2363=DIRECTION('center_axis',(-1.,0.,0.));
#2364=DIRECTION('ref_axis',(0.,1.,0.));
#2365=DIRECTION('',(0.,0.,-1.));
#2366=DIRECTION('',(0.,1.,0.));
#2367=DIRECTION('center_axis',(-0.499999999999997,-0.86602540378444,0.));
#2368=DIRECTION('ref_axis',(-0.86602540378444,0.499999999999997,0.));
#2369=DIRECTION('',(0.,0.,-1.));
#2370=DIRECTION('',(-0.86602540378444,0.499999999999997,0.));
#2371=DIRECTION('center_axis',(0.5,-0.866025403784439,0.));
#2372=DIRECTION('ref_axis',(-0.866025403784439,-0.5,0.));
#2373=DIRECTION('',(0.,0.,-1.));
#2374=DIRECTION('',(-0.866025403784439,-0.5,0.));
#2375=DIRECTION('center_axis',(1.,0.,0.));
#2376=DIRECTION('ref_axis',(0.,-1.,0.));
#2377=DIRECTION('',(0.,-1.,0.));
#2378=DIRECTION('center_axis',(0.,0.,-1.));
#2379=DIRECTION('ref_axis',(-1.,0.,0.));
#2380=DIRECTION('center_axis',(0.,0.,1.));
#2381=DIRECTION('ref_axis',(1.,0.,0.));
#2382=DIRECTION('center_axis',(0.499999999999999,0.866025403784439,0.));
#2383=DIRECTION('ref_axis',(0.866025403784439,-0.499999999999999,0.));
#2384=DIRECTION('',(0.,0.,-1.));
#2385=DIRECTION('',(0.866025403784439,-0.499999999999999,0.));
#2386=DIRECTION('',(0.,0.,-1.));
#2387=DIRECTION('center_axis',(-0.500000000000001,0.866025403784438,0.));
#2388=DIRECTION('ref_axis',(0.866025403784438,0.500000000000001,0.));
#2389=DIRECTION('',(0.,0.,-1.));
#2390=DIRECTION('',(0.866025403784438,0.500000000000001,0.));
#2391=DIRECTION('center_axis',(-1.,-5.06042812206201E-16,0.));
#2392=DIRECTION('ref_axis',(-5.06042812206201E-16,1.,0.));
#2393=DIRECTION('',(0.,0.,-1.));
#2394=DIRECTION('',(-5.06042812206201E-16,1.,0.));
#2395=DIRECTION('center_axis',(-0.499999999999999,-0.866025403784439,0.));
#2396=DIRECTION('ref_axis',(-0.866025403784439,0.499999999999999,0.));
#2397=DIRECTION('',(0.,0.,-1.));
#2398=DIRECTION('',(-0.866025403784439,0.499999999999999,0.));
#2399=DIRECTION('center_axis',(0.5,-0.866025403784439,0.));
#2400=DIRECTION('ref_axis',(-0.866025403784439,-0.5,0.));
#2401=DIRECTION('',(0.,0.,-1.));
#2402=DIRECTION('',(-0.866025403784439,-0.5,0.));
#2403=DIRECTION('center_axis',(1.,3.37361874804134E-16,0.));
#2404=DIRECTION('ref_axis',(3.37361874804134E-16,-1.,0.));
#2405=DIRECTION('',(3.37361874804134E-16,-1.,0.));
#2406=DIRECTION('center_axis',(0.,0.,-1.));
#2407=DIRECTION('ref_axis',(-1.,0.,0.));
#2408=DIRECTION('center_axis',(0.,0.,1.));
#2409=DIRECTION('ref_axis',(1.,0.,0.));
#2410=DIRECTION('center_axis',(0.500000000000001,0.866025403784438,0.));
#2411=DIRECTION('ref_axis',(0.866025403784438,-0.500000000000001,0.));
#2412=DIRECTION('',(0.,0.,-1.));
#2413=DIRECTION('',(0.866025403784438,-0.500000000000001,0.));
#2414=DIRECTION('',(0.,0.,-1.));
#2415=DIRECTION('center_axis',(-0.500000000000001,0.866025403784438,0.));
#2416=DIRECTION('ref_axis',(0.866025403784438,0.500000000000001,0.));
#2417=DIRECTION('',(0.,0.,-1.));
#2418=DIRECTION('',(0.866025403784438,0.500000000000001,0.));
#2419=DIRECTION('center_axis',(-1.,-1.68680937402067E-16,0.));
#2420=DIRECTION('ref_axis',(-1.68680937402067E-16,1.,0.));
#2421=DIRECTION('',(0.,0.,-1.));
#2422=DIRECTION('',(-1.68680937402067E-16,1.,0.));
#2423=DIRECTION('center_axis',(-0.5,-0.866025403784439,0.));
#2424=DIRECTION('ref_axis',(-0.866025403784439,0.5,0.));
#2425=DIRECTION('',(0.,0.,-1.));
#2426=DIRECTION('',(-0.866025403784439,0.5,0.));
#2427=DIRECTION('center_axis',(0.5,-0.866025403784439,0.));
#2428=DIRECTION('ref_axis',(-0.866025403784439,-0.5,0.));
#2429=DIRECTION('',(0.,0.,-1.));
#2430=DIRECTION('',(-0.866025403784439,-0.5,0.));
#2431=DIRECTION('center_axis',(1.,1.68680937402067E-16,0.));
#2432=DIRECTION('ref_axis',(1.68680937402067E-16,-1.,0.));
#2433=DIRECTION('',(1.68680937402067E-16,-1.,0.));
#2434=DIRECTION('center_axis',(0.,0.,-1.));
#2435=DIRECTION('ref_axis',(-1.,0.,0.));
#2436=DIRECTION('center_axis',(0.,0.,1.));
#2437=DIRECTION('ref_axis',(1.,0.,0.));
#2438=DIRECTION('center_axis',(0.,0.,1.));
#2439=DIRECTION('ref_axis',(1.,-2.63163976207444E-15,0.));
#2440=DIRECTION('',(2.96059473233375E-15,1.,0.));
#2441=DIRECTION('',(1.,-2.63163976207444E-15,0.));
#2442=DIRECTION('',(2.96059473233375E-15,1.,0.));
#2443=DIRECTION('center_axis',(2.53765262771464E-16,-1.,0.));
#2444=DIRECTION('ref_axis',(1.,2.53765262771464E-16,0.));
#2445=DIRECTION('',(0.,0.,1.));
#2446=DIRECTION('',(0.,0.,1.));
#2447=DIRECTION('center_axis',(-1.,1.28102656687518E-16,0.));
#2448=DIRECTION('ref_axis',(-1.28102656687518E-16,-1.,0.));
#2449=DIRECTION('center_axis',(1.,4.44089209850063E-15,0.));
#2450=DIRECTION('ref_axis',(-4.44089209850063E-15,1.,0.));
#2451=DIRECTION('',(0.,0.,1.));
#2452=DIRECTION('center_axis',(2.53765262771464E-16,-1.,0.));
#2453=DIRECTION('ref_axis',(1.,2.53765262771464E-16,0.));
#2454=DIRECTION('',(0.,0.,1.));
#2455=DIRECTION('center_axis',(0.,0.,1.));
#2456=DIRECTION('ref_axis',(1.,0.,0.));
#2457=DIRECTION('',(-1.,4.44089209850142E-15,0.));
#2458=DIRECTION('',(-6.20276776801447E-15,-1.,0.));
#2459=DIRECTION('',(1.,-3.99680288865056E-14,0.));
#2460=DIRECTION('',(-1.18793863634892E-13,1.,0.));
#2461=DIRECTION('center_axis',(0.,0.,1.));
#2462=DIRECTION('ref_axis',(1.,0.,0.));
#2463=DIRECTION('',(-5.77315972805107E-14,1.,0.));
#2464=DIRECTION('',(-1.,4.44089209850142E-15,0.));
#2465=DIRECTION('',(-1.22124532708767E-13,-1.,0.));
#2466=DIRECTION('',(1.,3.99680288865057E-14,0.));
#2467=DIRECTION('center_axis',(0.,0.,1.));
#2468=DIRECTION('ref_axis',(1.,0.,0.));
#2469=DIRECTION('',(0.,0.,-1.));
#2470=DIRECTION('center_axis',(0.,0.,1.));
#2471=DIRECTION('ref_axis',(1.,0.,0.));
#2472=DIRECTION('',(0.,0.,-1.));
#2473=DIRECTION('center_axis',(0.,0.,1.));
#2474=DIRECTION('ref_axis',(1.,0.,0.));
#2475=DIRECTION('',(0.,0.,-1.));
#2476=DIRECTION('center_axis',(0.,0.,1.));
#2477=DIRECTION('ref_axis',(1.,0.,0.));
#2478=DIRECTION('',(0.,0.,-1.));
#2479=DIRECTION('center_axis',(1.,1.18793863634892E-13,0.));
#2480=DIRECTION('ref_axis',(-1.18793863634892E-13,1.,0.));
#2481=DIRECTION('',(0.,0.,1.));
#2482=DIRECTION('center_axis',(-3.99680288865056E-14,-1.,0.));
#2483=DIRECTION('ref_axis',(1.,-3.99680288865056E-14,0.));
#2484=DIRECTION('',(0.,0.,1.));
#2485=DIRECTION('center_axis',(1.,-6.20276776801447E-15,0.));
#2486=DIRECTION('ref_axis',(6.20276776801447E-15,1.,0.));
#2487=DIRECTION('',(0.,0.,1.));
#2488=DIRECTION('',(0.,0.,1.));
#2489=DIRECTION('center_axis',(9.04831765069502E-14,1.,0.));
#2490=DIRECTION('ref_axis',(-1.,9.04831765069502E-14,0.));
#2491=DIRECTION('center_axis',(-7.77156117237609E-14,1.,0.));
#2492=DIRECTION('ref_axis',(-1.,-7.77156117237609E-14,0.));
#2493=DIRECTION('',(0.,0.,1.));
#2494=DIRECTION('center_axis',(-1.,-4.24780983334843E-15,0.));
#2495=DIRECTION('ref_axis',(4.24780983334843E-15,-1.,0.));
#2496=DIRECTION('',(0.,0.,1.));
#2497=DIRECTION('',(0.,0.,1.));
#2498=DIRECTION('center_axis',(3.99680288865057E-14,-1.,0.));
#2499=DIRECTION('ref_axis',(1.,3.99680288865057E-14,0.));
#2500=DIRECTION('',(0.,0.,1.));
#2501=DIRECTION('center_axis',(-1.,1.22124532708767E-13,0.));
#2502=DIRECTION('ref_axis',(-1.22124532708767E-13,-1.,0.));
#2503=DIRECTION('center_axis',(-2.63163976207444E-15,-1.,0.));
#2504=DIRECTION('ref_axis',(1.,-2.63163976207444E-15,0.));
#2505=DIRECTION('center_axis',(0.,0.,1.));
#2506=DIRECTION('ref_axis',(1.,0.,0.));
#2507=DIRECTION('',(0.,0.,-1.));
#2508=DIRECTION('center_axis',(-1.,6.11067310555994E-13,0.));
#2509=DIRECTION('ref_axis',(-6.11067310555994E-13,-1.,0.));
#2510=DIRECTION('',(0.,0.,1.));
#2511=DIRECTION('center_axis',(-1.,1.61842761414746E-12,0.));
#2512=DIRECTION('ref_axis',(-1.61842761414746E-12,-1.,0.));
#2513=DIRECTION('center_axis',(-1.,7.2499289796256E-13,0.));
#2514=DIRECTION('ref_axis',(-7.2499289796256E-13,-1.,0.));
#2515=DIRECTION('center_axis',(1.,7.23042780180304E-13,0.));
#2516=DIRECTION('ref_axis',(-7.23042780180304E-13,1.,0.));
#2517=DIRECTION('',(0.,0.,1.));
#2518=DIRECTION('center_axis',(4.74535883211178E-12,1.,0.));
#2519=DIRECTION('ref_axis',(-1.,4.74535883211178E-12,0.));
#2520=DIRECTION('center_axis',(1.88693402378835E-13,-1.,0.));
#2521=DIRECTION('ref_axis',(1.,1.88693402378835E-13,0.));
#2522=DIRECTION('',(0.,0.,1.));
#2523=DIRECTION('center_axis',(1.,6.08402772863447E-13,0.));
#2524=DIRECTION('ref_axis',(-6.08402772863447E-13,1.,0.));
#2525=DIRECTION('',(0.,0.,1.));
#2526=DIRECTION('center_axis',(-1.34047045748811E-12,1.,0.));
#2527=DIRECTION('ref_axis',(-1.,-1.34047045748811E-12,0.));
#2528=DIRECTION('center_axis',(9.85502670838759E-13,-1.,0.));
#2529=DIRECTION('ref_axis',(1.,9.85502670838759E-13,0.));
#2530=DIRECTION('center_axis',(-1.40724172379752E-15,-1.,0.));
#2531=DIRECTION('ref_axis',(1.,-1.40724172379752E-15,0.));
#2532=DIRECTION('center_axis',(-2.42405633253704E-13,-1.,0.));
#2533=DIRECTION('ref_axis',(1.,-2.42405633253704E-13,0.));
#2534=DIRECTION('center_axis',(1.20128572009037E-12,1.,0.));
#2535=DIRECTION('ref_axis',(-1.,1.20128572009037E-12,0.));
#2536=CARTESIAN_POINT('',(0.,0.,0.));
#2537=CARTESIAN_POINT('Origin',(35.7459376290611,56.9999999999999,10.));
#2538=CARTESIAN_POINT('',(42.7459376290611,49.9999999999999,10.));
#2539=CARTESIAN_POINT('',(40.7459376290612,51.9999999999998,10.));
#2540=CARTESIAN_POINT('',(39.6209376290612,53.1249999999999,10.));
#2541=CARTESIAN_POINT('',(42.7459376290611,49.9999999999999,12.));
#2542=CARTESIAN_POINT('',(42.7459376290611,49.9999999999999,10.));
#2543=CARTESIAN_POINT('',(35.7459376290611,56.9999999999999,12.));
#2544=CARTESIAN_POINT('',(42.7459376290611,49.9999999999999,12.));
#2545=CARTESIAN_POINT('',(35.7459376290611,56.9999999999999,10.));
#2546=CARTESIAN_POINT('',(35.7459376290611,56.9999999999999,10.));
#2547=CARTESIAN_POINT('',(37.7459376290612,54.9999999999999,10.));
#2548=CARTESIAN_POINT('',(39.6209376290612,53.1249999999999,10.));
#2549=CARTESIAN_POINT('',(42.7459376290611,49.9999999999999,10.));
#2550=CARTESIAN_POINT('Origin',(39.2459376290611,53.4999999999999,12.));
#2551=CARTESIAN_POINT('',(42.7459376290611,56.9999999999999,12.));
#2552=CARTESIAN_POINT('',(42.7459376290611,56.9999999999999,12.));
#2553=CARTESIAN_POINT('',(42.7459376290614,4.99999999999995,12.));
#2554=CARTESIAN_POINT('Origin',(39.2459376290611,53.4999999999999,10.));
#2555=CARTESIAN_POINT('',(40.745937629061,55.,10.));
#2556=CARTESIAN_POINT('',(40.745937629061,55.,10.));
#2557=CARTESIAN_POINT('',(9.74593762906175,55.,10.));
#2558=CARTESIAN_POINT('Origin',(25.2459376290614,30.9999999999999,10.));
#2559=CARTESIAN_POINT('',(14.7459376290617,56.9999999999999,10.));
#2560=CARTESIAN_POINT('',(7.74593762906137,56.9999999999999,10.));
#2561=CARTESIAN_POINT('',(12.7459376290617,55.,10.));
#2562=CARTESIAN_POINT('',(7.37093762906146,49.6249999999997,10.));
#2563=CARTESIAN_POINT('',(9.74593762906175,55.,10.));
#2564=CARTESIAN_POINT('Origin',(25.2459376290614,30.9999999999999,10.));
#2565=CARTESIAN_POINT('',(40.7459376290613,4.99999999999995,10.));
#2566=CARTESIAN_POINT('',(40.745937629061,55.,10.));
#2567=CARTESIAN_POINT('',(42.7459376290614,4.99999999999995,10.));
#2568=CARTESIAN_POINT('',(42.7459376290614,4.99999999999995,10.));
#2569=CARTESIAN_POINT('',(42.7459376290611,56.9999999999999,10.));
#2570=CARTESIAN_POINT('Origin',(7.74593762906137,49.9999999999996,10.));
#2571=CARTESIAN_POINT('',(14.7459376290617,56.9999999999999,12.));
#2572=CARTESIAN_POINT('',(14.7459376290617,56.9999999999999,10.));
#2573=CARTESIAN_POINT('',(7.74593762906137,49.9999999999996,12.));
#2574=CARTESIAN_POINT('',(14.7459376290617,56.9999999999999,12.));
#2575=CARTESIAN_POINT('',(7.74593762906137,49.9999999999996,10.));
#2576=CARTESIAN_POINT('',(7.74593762906137,49.9999999999996,10.));
#2577=CARTESIAN_POINT('',(9.74593762906163,51.9999999999999,10.));
#2578=CARTESIAN_POINT('',(7.37093762906146,49.6249999999997,10.));
#2579=CARTESIAN_POINT('',(14.7459376290617,56.9999999999999,10.));
#2580=CARTESIAN_POINT('Origin',(11.2459376290615,53.4999999999998,12.));
#2581=CARTESIAN_POINT('',(7.74593762906137,56.9999999999999,12.));
#2582=CARTESIAN_POINT('',(7.74593762906137,56.9999999999999,12.));
#2583=CARTESIAN_POINT('',(42.7459376290611,56.9999999999999,12.));
#2584=CARTESIAN_POINT('Origin',(11.2459376290615,53.4999999999998,10.));
#2585=CARTESIAN_POINT('',(9.74593762906175,55.,10.));
#2586=CARTESIAN_POINT('',(9.74593762906175,55.,10.));
#2587=CARTESIAN_POINT('',(9.74593762906135,7.00000000000015,10.));
#2588=CARTESIAN_POINT('Origin',(25.2459376290614,30.9999999999999,10.));
#2589=CARTESIAN_POINT('',(7.74593762906137,4.99999999999994,10.));
#2590=CARTESIAN_POINT('',(7.74593762906137,4.99999999999994,10.));
#2591=CARTESIAN_POINT('',(9.74593762906135,4.99999999999994,10.));
#2592=CARTESIAN_POINT('',(42.7459376290614,4.99999999999995,10.));
#2593=CARTESIAN_POINT('',(9.74593762906135,7.00000000000015,10.));
#2594=CARTESIAN_POINT('Origin',(37.7459376290613,6.00000000000012,0.));
#2595=CARTESIAN_POINT('',(38.7459376290613,6.99999999999996,0.));
#2596=CARTESIAN_POINT('',(36.7459376290613,5.00000000000029,0.));
#2597=CARTESIAN_POINT('',(40.2459376290606,8.49999999999891,0.));
#2598=CARTESIAN_POINT('',(36.7459376290613,5.00000000000029,8.));
#2599=CARTESIAN_POINT('',(36.7459376290613,5.00000000000029,0.));
#2600=CARTESIAN_POINT('',(38.7459376290613,6.99999999999996,8.));
#2601=CARTESIAN_POINT('',(40.2459376290606,8.49999999999891,8.));
#2602=CARTESIAN_POINT('',(38.7459376290613,6.99999999999996,0.));
#2603=CARTESIAN_POINT('Origin',(38.7459376290613,5.00000000000032,0.));
#2604=CARTESIAN_POINT('',(13.7459376290614,4.99999999999999,0.));
#2605=CARTESIAN_POINT('',(11.7459376290614,4.99999999999997,0.));
#2606=CARTESIAN_POINT('',(13.7459376290614,4.99999999999999,8.));
#2607=CARTESIAN_POINT('',(13.7459376290614,4.99999999999999,0.));
#2608=CARTESIAN_POINT('',(11.7459376290614,4.99999999999997,8.));
#2609=CARTESIAN_POINT('Origin',(12.7459376290614,5.99999999999998,0.));
#2610=CARTESIAN_POINT('',(11.7459376290613,6.99999999999997,0.));
#2611=CARTESIAN_POINT('',(10.2459376290615,8.49999999999969,0.));
#2612=CARTESIAN_POINT('',(11.7459376290613,6.99999999999997,8.));
#2613=CARTESIAN_POINT('',(11.7459376290613,6.99999999999997,0.));
#2614=CARTESIAN_POINT('',(10.2459376290615,8.49999999999969,8.));
#2615=CARTESIAN_POINT('Origin',(4.00000000003132,53.,0.));
#2616=CARTESIAN_POINT('',(3.13212241655678E-11,53.0000000000029,8.));
#2617=CARTESIAN_POINT('',(4.00000000003133,57.,8.));
#2618=CARTESIAN_POINT('Origin',(4.00000000003132,53.,8.));
#2619=CARTESIAN_POINT('',(4.00000000003133,57.,0.));
#2620=CARTESIAN_POINT('',(4.00000000003133,57.,0.));
#2621=CARTESIAN_POINT('',(3.13212241655678E-11,53.0000000000029,0.));
#2622=CARTESIAN_POINT('Origin',(4.00000000003132,53.,0.));
#2623=CARTESIAN_POINT('',(3.13210568592126E-11,53.0000000000029,0.));
#2624=CARTESIAN_POINT('Origin',(25.2459376290614,28.5,0.));
#2625=CARTESIAN_POINT('',(11.7459376290614,57.,0.));
#2626=CARTESIAN_POINT('',(25.2459376290614,57.,0.));
#2627=CARTESIAN_POINT('',(11.7459376290616,53.,0.));
#2628=CARTESIAN_POINT('',(11.7459376290614,41.75,0.));
#2629=CARTESIAN_POINT('',(9.74593762906163,53.0000000000001,0.));
#2630=CARTESIAN_POINT('',(11.7459376290616,53.,0.));
#2631=CARTESIAN_POINT('',(9.74593762906135,7.00000000000015,0.));
#2632=CARTESIAN_POINT('',(9.74593762906163,53.0000000000001,0.));
#2633=CARTESIAN_POINT('',(9.74593762906135,7.00000000000015,0.));
#2634=CARTESIAN_POINT('',(40.7459376290613,7.00000000000012,0.));
#2635=CARTESIAN_POINT('',(40.7459376290613,7.00000000000012,0.));
#2636=CARTESIAN_POINT('',(40.7459376290612,53.,0.));
#2637=CARTESIAN_POINT('',(40.7459376290612,53.,0.));
#2638=CARTESIAN_POINT('',(38.7459376290612,53.,0.));
#2639=CARTESIAN_POINT('',(38.7459376290612,53.,0.));
#2640=CARTESIAN_POINT('',(38.7459376290614,56.9999999999999,0.));
#2641=CARTESIAN_POINT('',(38.7459376290614,41.7499999999999,0.));
#2642=CARTESIAN_POINT('',(46.4918752580915,56.9999999999999,0.));
#2643=CARTESIAN_POINT('',(25.2459376290614,57.,0.));
#2644=CARTESIAN_POINT('',(50.4918752580915,53.0000000000028,0.));
#2645=CARTESIAN_POINT('Origin',(46.4918752580915,52.9999999999999,0.));
#2646=CARTESIAN_POINT('',(50.4918752580983,43.4999954358574,0.));
#2647=CARTESIAN_POINT('',(50.4918752580983,43.4999954358574,0.));
#2648=CARTESIAN_POINT('',(51.2459376290707,43.4999954358538,0.));
#2649=CARTESIAN_POINT('',(55.2459376290452,43.4999954358349,0.));
#2650=CARTESIAN_POINT('',(55.2459376290517,39.4999954358603,0.));
#2651=CARTESIAN_POINT('Origin',(51.2459376290517,39.4999954358538,0.));
#2652=CARTESIAN_POINT('',(55.245937629055,37.4999954358367,0.));
#2653=CARTESIAN_POINT('',(55.2459376290614,33.499995435831,0.));
#2654=CARTESIAN_POINT('',(51.2459376290557,33.4999954358302,0.));
#2655=CARTESIAN_POINT('Origin',(51.2459376290549,37.4999954358302,0.));
#2656=CARTESIAN_POINT('',(50.4918752581041,33.4999954358301,0.));
#2657=CARTESIAN_POINT('',(50.4918752581041,33.4999954358301,0.));
#2658=CARTESIAN_POINT('',(50.4918752581102,23.5000045641393,0.));
#2659=CARTESIAN_POINT('',(50.4918752581102,23.5000045641393,0.));
#2660=CARTESIAN_POINT('',(51.2459376290803,23.5000045641403,0.));
#2661=CARTESIAN_POINT('',(50.4918752581102,23.5000045641393,0.));
#2662=CARTESIAN_POINT('',(55.2459376290856,19.5000045641403,0.));
#2663=CARTESIAN_POINT('Origin',(51.2459376290856,19.5000045641403,0.));
#2664=CARTESIAN_POINT('',(55.2459376290856,17.500004564157,0.));
#2665=CARTESIAN_POINT('',(55.2459376290856,23.5000045641457,0.));
#2666=CARTESIAN_POINT('',(51.2459376290896,13.500004564157,0.));
#2667=CARTESIAN_POINT('Origin',(51.2459376290856,17.500004564157,0.));
#2668=CARTESIAN_POINT('',(50.4918752581226,13.5000045641562,0.));
#2669=CARTESIAN_POINT('',(55.2459376290857,13.5000045641609,0.));
#2670=CARTESIAN_POINT('',(50.4918752581226,3.99999999999997,0.));
#2671=CARTESIAN_POINT('',(50.4918752581226,13.5000045641562,0.));
#2672=CARTESIAN_POINT('',(46.4918752581226,-6.54253066808199E-14,0.));
#2673=CARTESIAN_POINT('Origin',(46.4918752581226,3.99999999999993,0.));
#2674=CARTESIAN_POINT('',(4.00000000000003,-5.62896689519013E-15,0.));
#2675=CARTESIAN_POINT('',(0.,0.,0.));
#2676=CARTESIAN_POINT('',(3.6323488722297E-14,4.00000000000003,0.));
#2677=CARTESIAN_POINT('Origin',(4.00000000000004,3.99999999999999,0.));
#2678=CARTESIAN_POINT('',(1.22591815884368E-13,13.5000045641669,0.));
#2679=CARTESIAN_POINT('',(1.22591815884368E-13,13.5000045641669,0.));
#2680=CARTESIAN_POINT('',(-0.754062370963928,13.5000045641671,0.));
#2681=CARTESIAN_POINT('',(-4.75406237096296,13.500004564168,0.));
#2682=CARTESIAN_POINT('',(-4.75406237096296,17.5000045641671,0.));
#2683=CARTESIAN_POINT('Origin',(-0.754062370962959,17.5000045641671,0.));
#2684=CARTESIAN_POINT('',(-4.75406237096296,19.5000045641594,0.));
#2685=CARTESIAN_POINT('',(-4.75406237096296,23.5000045641642,0.));
#2686=CARTESIAN_POINT('',(-0.754062370958155,23.5000045641594,0.));
#2687=CARTESIAN_POINT('Origin',(-0.75406237096296,19.5000045641594,0.));
#2688=CARTESIAN_POINT('',(1.25268826553679E-11,23.5000045641585,0.));
#2689=CARTESIAN_POINT('',(1.25268826553679E-11,23.5000045641585,0.));
#2690=CARTESIAN_POINT('',(1.86375501829048E-11,33.4999954358302,0.));
#2691=CARTESIAN_POINT('',(1.25268826553679E-11,23.5000045641585,0.));
#2692=CARTESIAN_POINT('',(-0.754062370936932,33.499995435831,0.));
#2693=CARTESIAN_POINT('',(1.86375501829048E-11,33.4999954358302,0.));
#2694=CARTESIAN_POINT('',(-4.75406237093219,37.4999954358375,0.));
#2695=CARTESIAN_POINT('Origin',(-0.754062370932194,37.499995435831,0.));
#2696=CARTESIAN_POINT('',(-4.75406237092896,39.4999954358603,0.));
#2697=CARTESIAN_POINT('',(-4.75406237093867,33.4999954358358,0.));
#2698=CARTESIAN_POINT('',(-0.754062370947894,43.4999954358539,0.));
#2699=CARTESIAN_POINT('Origin',(-0.754062370928957,39.4999954358539,0.));
#2700=CARTESIAN_POINT('',(2.44337883259504E-11,43.4999954358574,0.));
#2701=CARTESIAN_POINT('',(-4.75406237092248,43.4999954358349,0.));
#2702=CARTESIAN_POINT('',(2.44337883259504E-11,43.4999954358574,0.));
#2703=CARTESIAN_POINT('',(16.8459376290613,2.99999999999997,0.));
#2704=CARTESIAN_POINT('Origin',(18.2459376290613,2.99999999999997,0.));
#2705=CARTESIAN_POINT('',(-1.35406237093866,38.5000045641434,0.));
#2706=CARTESIAN_POINT('Origin',(0.245937629061341,38.5000045641434,0.));
#2707=CARTESIAN_POINT('',(-1.35406237096273,18.5000045641434,0.));
#2708=CARTESIAN_POINT('Origin',(0.245937629037273,18.5000045641434,0.));
#2709=CARTESIAN_POINT('',(48.6459376290854,18.5000045641433,0.));
#2710=CARTESIAN_POINT('Origin',(50.2459376290854,18.5000045641433,0.));
#2711=CARTESIAN_POINT('',(48.6459376290614,38.5000045641433,0.));
#2712=CARTESIAN_POINT('Origin',(50.2459376290614,38.5000045641433,0.));
#2713=CARTESIAN_POINT('Origin',(50.4918752580886,56.9999999999999,0.));
#2714=CARTESIAN_POINT('',(7.74593762906137,56.9999999999999,8.));
#2715=CARTESIAN_POINT('',(25.2459376290614,57.,8.));
#2716=CARTESIAN_POINT('',(7.74593762906137,56.9999999999999,8.));
#2717=CARTESIAN_POINT('',(42.7459376290611,56.9999999999999,8.));
#2718=CARTESIAN_POINT('',(42.7459376290611,56.9999999999999,8.));
#2719=CARTESIAN_POINT('',(46.4918752580915,56.9999999999999,8.));
#2720=CARTESIAN_POINT('',(25.2459376290614,57.,8.));
#2721=CARTESIAN_POINT('',(46.4918752580915,56.9999999999999,0.));
#2722=CARTESIAN_POINT('',(38.7459376290614,56.9999999999999,8.));
#2723=CARTESIAN_POINT('',(38.7459376290614,56.9999999999999,4.));
#2724=CARTESIAN_POINT('',(11.7459376290614,57.,8.));
#2725=CARTESIAN_POINT('',(31.118906443575,57.,8.));
#2726=CARTESIAN_POINT('',(11.7459376290614,57.,0.));
#2727=CARTESIAN_POINT('Origin',(46.4918752580915,52.9999999999999,0.));
#2728=CARTESIAN_POINT('',(50.4918752580915,53.0000000000028,8.));
#2729=CARTESIAN_POINT('Origin',(46.4918752580915,52.9999999999999,8.));
#2730=CARTESIAN_POINT('',(50.4918752580915,53.0000000000028,0.));
#2731=CARTESIAN_POINT('Origin',(51.2459376290549,37.4999954358302,0.));
#2732=CARTESIAN_POINT('',(55.245937629055,37.4999954358367,8.));
#2733=CARTESIAN_POINT('',(51.2459376290557,33.4999954358302,8.));
#2734=CARTESIAN_POINT('Origin',(51.2459376290549,37.4999954358302,8.));
#2735=CARTESIAN_POINT('',(51.2459376290557,33.4999954358302,0.));
#2736=CARTESIAN_POINT('',(55.245937629055,37.4999954358367,0.));
#2737=CARTESIAN_POINT('Origin',(25.2459376290614,28.5,8.));
#2738=CARTESIAN_POINT('',(2.44337883259504E-11,43.4999954358574,8.));
#2739=CARTESIAN_POINT('',(2.44337883259504E-11,43.4999954358574,8.));
#2740=CARTESIAN_POINT('',(-0.754062370947894,43.4999954358539,8.));
#2741=CARTESIAN_POINT('',(-4.75406237092248,43.4999954358349,8.));
#2742=CARTESIAN_POINT('',(-4.75406237092896,39.4999954358603,8.));
#2743=CARTESIAN_POINT('Origin',(-0.754062370928957,39.4999954358539,8.));
#2744=CARTESIAN_POINT('',(-4.75406237093219,37.4999954358375,8.));
#2745=CARTESIAN_POINT('',(-4.75406237093867,33.4999954358358,8.));
#2746=CARTESIAN_POINT('',(-0.754062370936932,33.499995435831,8.));
#2747=CARTESIAN_POINT('Origin',(-0.754062370932194,37.499995435831,8.));
#2748=CARTESIAN_POINT('',(1.86339832453086E-11,33.4999954358302,8.));
#2749=CARTESIAN_POINT('',(1.86375501829048E-11,33.4999954358302,8.));
#2750=CARTESIAN_POINT('',(1.25233157177718E-11,23.5000045641585,8.));
#2751=CARTESIAN_POINT('',(1.25268826553679E-11,23.5000045641585,8.));
#2752=CARTESIAN_POINT('',(-0.754062370958155,23.5000045641594,8.));
#2753=CARTESIAN_POINT('',(1.25268826553679E-11,23.5000045641585,8.));
#2754=CARTESIAN_POINT('',(-4.75406237096296,19.5000045641594,8.));
#2755=CARTESIAN_POINT('Origin',(-0.75406237096296,19.5000045641594,8.));
#2756=CARTESIAN_POINT('',(-4.75406237096296,17.5000045641671,8.));
#2757=CARTESIAN_POINT('',(-4.75406237096296,23.5000045641642,8.));
#2758=CARTESIAN_POINT('',(-0.754062370963928,13.5000045641671,8.));
#2759=CARTESIAN_POINT('Origin',(-0.754062370962959,17.5000045641671,8.));
#2760=CARTESIAN_POINT('',(1.24344978758018E-13,13.5000045641669,8.));
#2761=CARTESIAN_POINT('',(-4.75406237096296,13.500004564168,8.));
#2762=CARTESIAN_POINT('',(3.6323488722297E-14,4.00000000000003,8.));
#2763=CARTESIAN_POINT('',(1.22591815884368E-13,13.5000045641669,8.));
#2764=CARTESIAN_POINT('',(4.00000000000003,-5.62896689519013E-15,8.));
#2765=CARTESIAN_POINT('Origin',(4.00000000000004,3.99999999999999,8.));
#2766=CARTESIAN_POINT('',(46.4918752581226,-6.54253066808199E-14,8.));
#2767=CARTESIAN_POINT('',(0.,0.,8.));
#2768=CARTESIAN_POINT('',(50.4918752581226,3.99999999999997,8.));
#2769=CARTESIAN_POINT('Origin',(46.4918752581226,3.99999999999993,8.));
#2770=CARTESIAN_POINT('',(50.4918752581226,13.5000045641562,8.));
#2771=CARTESIAN_POINT('',(50.4918752581226,13.5000045641562,8.));
#2772=CARTESIAN_POINT('',(51.2459376290896,13.500004564157,8.));
#2773=CARTESIAN_POINT('',(55.2459376290857,13.5000045641609,8.));
#2774=CARTESIAN_POINT('',(55.2459376290856,17.500004564157,8.));
#2775=CARTESIAN_POINT('Origin',(51.2459376290856,17.500004564157,8.));
#2776=CARTESIAN_POINT('',(55.2459376290856,19.5000045641403,8.));
#2777=CARTESIAN_POINT('',(55.2459376290856,23.5000045641457,8.));
#2778=CARTESIAN_POINT('',(51.2459376290803,23.5000045641403,8.));
#2779=CARTESIAN_POINT('Origin',(51.2459376290856,19.5000045641403,8.));
#2780=CARTESIAN_POINT('',(50.4918752581102,23.5000045641393,8.));
#2781=CARTESIAN_POINT('',(50.4918752581102,23.5000045641393,8.));
#2782=CARTESIAN_POINT('',(50.4918752581041,33.4999954358301,8.));
#2783=CARTESIAN_POINT('',(50.4918752581102,23.5000045641393,8.));
#2784=CARTESIAN_POINT('',(50.4918752581041,33.4999954358301,8.));
#2785=CARTESIAN_POINT('',(55.2459376290517,39.4999954358603,8.));
#2786=CARTESIAN_POINT('',(55.2459376290614,33.499995435831,8.));
#2787=CARTESIAN_POINT('',(51.2459376290707,43.4999954358538,8.));
#2788=CARTESIAN_POINT('Origin',(51.2459376290517,39.4999954358538,8.));
#2789=CARTESIAN_POINT('',(50.4918752580983,43.4999954358574,8.));
#2790=CARTESIAN_POINT('',(55.2459376290452,43.4999954358349,8.));
#2791=CARTESIAN_POINT('',(50.4918752580983,43.4999954358574,8.));
#2792=CARTESIAN_POINT('',(42.7459376290614,4.99999999999995,8.));
#2793=CARTESIAN_POINT('',(42.7459376290613,16.75,8.));
#2794=CARTESIAN_POINT('',(40.7459376290613,4.99999999999995,8.));
#2795=CARTESIAN_POINT('',(32.9959376290614,4.99999999999995,8.));
#2796=CARTESIAN_POINT('',(40.7459376290613,7.00000000000012,8.));
#2797=CARTESIAN_POINT('',(40.7459376290618,41.7500000000004,8.));
#2798=CARTESIAN_POINT('',(40.7459376290613,7.00000000000012,8.));
#2799=CARTESIAN_POINT('',(9.74593762906135,7.00000000000015,8.));
#2800=CARTESIAN_POINT('',(9.74593762906135,7.00000000000015,8.));
#2801=CARTESIAN_POINT('',(9.74593762906135,4.99999999999994,8.));
#2802=CARTESIAN_POINT('',(9.74593762906141,16.75,8.));
#2803=CARTESIAN_POINT('',(7.74593762906137,4.99999999999994,8.));
#2804=CARTESIAN_POINT('',(16.4959376290614,4.99999999999994,8.));
#2805=CARTESIAN_POINT('',(7.74593762906137,42.7499999999999,8.));
#2806=CARTESIAN_POINT('',(50.2459376290854,21.7909010985242,8.));
#2807=CARTESIAN_POINT('',(53.0959376290854,20.1454528313338,8.));
#2808=CARTESIAN_POINT('',(39.4183751077812,28.0421972348665,8.));
#2809=CARTESIAN_POINT('',(53.0959376290854,16.8545562969529,8.));
#2810=CARTESIAN_POINT('',(53.0959376290854,24.322726415667,8.));
#2811=CARTESIAN_POINT('',(50.2459376290855,15.2091080297625,8.));
#2812=CARTESIAN_POINT('',(45.1735001503716,12.2805348859794,8.));
#2813=CARTESIAN_POINT('',(47.3959376290855,16.8545562969529,8.));
#2814=CARTESIAN_POINT('',(37.9933751077813,22.2831282997,8.));
#2815=CARTESIAN_POINT('',(47.3959376290854,20.1454528313337,8.));
#2816=CARTESIAN_POINT('',(47.3959376290854,22.6772781484765,8.));
#2817=CARTESIAN_POINT('',(40.8985001503716,16.3941555539554,8.));
#2818=CARTESIAN_POINT('',(50.2459376290614,41.7909010985242,8.));
#2819=CARTESIAN_POINT('',(53.0959376290614,40.1454528313338,8.));
#2820=CARTESIAN_POINT('',(43.7485021266885,45.5421972348614,8.));
#2821=CARTESIAN_POINT('',(53.0959376290614,36.8545562969529,8.));
#2822=CARTESIAN_POINT('',(53.0959376290614,34.3227264156668,8.));
#2823=CARTESIAN_POINT('',(50.2459376290614,35.2091080297625,8.));
#2824=CARTESIAN_POINT('',(40.8433731314343,29.7805348859846,8.));
#2825=CARTESIAN_POINT('',(47.3959376290615,36.8545562969529,8.));
#2826=CARTESIAN_POINT('',(42.3235021266885,39.7831282996949,8.));
#2827=CARTESIAN_POINT('',(47.3959376290615,40.1454528313338,8.));
#2828=CARTESIAN_POINT('',(47.3959376290615,32.6772781484764,8.));
#2829=CARTESIAN_POINT('',(36.5683731314343,33.8941555539607,8.));
#2830=CARTESIAN_POINT('',(0.245937629037271,21.7909010985243,8.));
#2831=CARTESIAN_POINT('',(3.09593762903727,20.1454528313338,8.));
#2832=CARTESIAN_POINT('',(8.16837510775126,17.2168796875508,8.));
#2833=CARTESIAN_POINT('',(3.09593762903728,16.854556296953,8.));
#2834=CARTESIAN_POINT('',(3.09593762903727,24.3227264156669,8.));
#2835=CARTESIAN_POINT('',(0.245937629037273,15.2091080297625,8.));
#2836=CARTESIAN_POINT('',(13.9235001503414,23.1058524332954,8.));
#2837=CARTESIAN_POINT('',(-2.60406237096273,16.854556296953,8.));
#2838=CARTESIAN_POINT('',(6.74337510775125,11.4578107523842,8.));
#2839=CARTESIAN_POINT('',(-2.60406237096273,20.1454528313338,8.));
#2840=CARTESIAN_POINT('',(-2.60406237096273,22.6772781484764,8.));
#2841=CARTESIAN_POINT('',(9.64850015034135,27.2194731012715,8.));
#2842=CARTESIAN_POINT('',(0.24593762906134,41.7909010985243,8.));
#2843=CARTESIAN_POINT('',(3.09593762906134,40.1454528313338,8.));
#2844=CARTESIAN_POINT('',(12.4985021266885,34.716879687556,8.));
#2845=CARTESIAN_POINT('',(3.09593762906134,36.854556296953,8.));
#2846=CARTESIAN_POINT('',(3.09593762906134,34.3227264156669,8.));
#2847=CARTESIAN_POINT('',(0.245937629061341,35.2091080297625,8.));
#2848=CARTESIAN_POINT('',(9.59337313143421,40.6058524332902,8.));
#2849=CARTESIAN_POINT('',(-2.60406237093866,36.854556296953,8.));
#2850=CARTESIAN_POINT('',(11.0735021266885,28.9578107523895,8.));
#2851=CARTESIAN_POINT('',(-2.60406237093866,40.1454528313338,8.));
#2852=CARTESIAN_POINT('',(-2.60406237093866,32.6772781484765,8.));
#2853=CARTESIAN_POINT('',(5.31837313143419,44.7194731012662,8.));
#2854=CARTESIAN_POINT('',(16.8459376290613,2.99999999999997,8.));
#2855=CARTESIAN_POINT('Origin',(18.2459376290613,2.99999999999997,8.));
#2856=CARTESIAN_POINT('Origin',(55.2459376290614,33.499995435831,0.));
#2857=CARTESIAN_POINT('',(55.2459376290517,39.4999954358603,0.));
#2858=CARTESIAN_POINT('Origin',(51.2459376290517,39.4999954358538,0.));
#2859=CARTESIAN_POINT('',(51.2459376290707,43.4999954358538,0.));
#2860=CARTESIAN_POINT('Origin',(-0.754062370932194,37.499995435831,0.));
#2861=CARTESIAN_POINT('',(-4.75406237093219,37.4999954358375,0.));
#2862=CARTESIAN_POINT('',(-0.754062370936932,33.499995435831,0.));
#2863=CARTESIAN_POINT('Origin',(-4.75406237093867,33.4999954358358,0.));
#2864=CARTESIAN_POINT('',(1.86375501829048E-11,33.4999954358302,0.));
#2865=CARTESIAN_POINT('Origin',(-0.754062370928957,39.4999954358539,0.));
#2866=CARTESIAN_POINT('',(-0.754062370947894,43.4999954358539,0.));
#2867=CARTESIAN_POINT('',(-4.75406237092896,39.4999954358603,0.));
#2868=CARTESIAN_POINT('Origin',(2.44337883259504E-11,43.4999954358574,0.));
#2869=CARTESIAN_POINT('',(2.44337883259504E-11,43.4999954358574,0.));
#2870=CARTESIAN_POINT('Origin',(51.2459376290856,19.5000045641403,0.));
#2871=CARTESIAN_POINT('',(55.2459376290856,19.5000045641403,0.));
#2872=CARTESIAN_POINT('',(51.2459376290803,23.5000045641403,0.));
#2873=CARTESIAN_POINT('Origin',(55.2459376290857,13.5000045641609,0.));
#2874=CARTESIAN_POINT('',(55.2459376290856,17.500004564157,0.));
#2875=CARTESIAN_POINT('Origin',(51.2459376290856,17.500004564157,0.));
#2876=CARTESIAN_POINT('',(51.2459376290896,13.500004564157,0.));
#2877=CARTESIAN_POINT('Origin',(-0.75406237096296,19.5000045641594,0.));
#2878=CARTESIAN_POINT('',(-0.754062370958155,23.5000045641594,0.));
#2879=CARTESIAN_POINT('',(-4.75406237096296,19.5000045641594,0.));
#2880=CARTESIAN_POINT('Origin',(-4.75406237096296,23.5000045641642,0.));
#2881=CARTESIAN_POINT('',(-4.75406237096296,17.5000045641671,0.));
#2882=CARTESIAN_POINT('Origin',(-0.754062370962959,17.5000045641671,0.));
#2883=CARTESIAN_POINT('',(-0.754062370963928,13.5000045641671,0.));
#2884=CARTESIAN_POINT('Origin',(46.4918752581226,3.99999999999993,0.));
#2885=CARTESIAN_POINT('',(46.4918752581226,-6.55031584528842E-14,0.));
#2886=CARTESIAN_POINT('',(50.4918752581226,3.99999999999997,0.));
#2887=CARTESIAN_POINT('Origin',(50.4918752581227,-5.32907051820075E-14,
0.));
#2888=CARTESIAN_POINT('',(50.4918752581226,13.5000045641562,0.));
#2889=CARTESIAN_POINT('Origin',(4.00000000000004,3.99999999999999,0.));
#2890=CARTESIAN_POINT('',(3.66373598126302E-14,4.00000000000003,0.));
#2891=CARTESIAN_POINT('',(4.00000000000003,-5.55111512312578E-15,0.));
#2892=CARTESIAN_POINT('Origin',(1.22591815884368E-13,13.5000045641669,0.));
#2893=CARTESIAN_POINT('',(1.22591815884368E-13,13.5000045641669,0.));
#2894=CARTESIAN_POINT('Origin',(50.2459376290854,21.7909010985242,8.));
#2895=CARTESIAN_POINT('',(50.2459376290854,21.7909010985242,1.));
#2896=CARTESIAN_POINT('',(50.2459376290854,21.7909010985242,8.));
#2897=CARTESIAN_POINT('',(53.0959376290854,20.1454528313338,1.));
#2898=CARTESIAN_POINT('',(53.0959376290854,20.1454528313338,1.));
#2899=CARTESIAN_POINT('',(53.0959376290854,20.1454528313338,8.));
#2900=CARTESIAN_POINT('Origin',(47.3959376290854,20.1454528313337,8.));
#2901=CARTESIAN_POINT('',(47.3959376290854,20.1454528313337,1.));
#2902=CARTESIAN_POINT('',(47.3959376290854,20.1454528313337,8.));
#2903=CARTESIAN_POINT('',(50.2459376290854,21.7909010985242,1.));
#2904=CARTESIAN_POINT('Origin',(47.3959376290855,16.8545562969529,8.));
#2905=CARTESIAN_POINT('',(47.3959376290855,16.8545562969529,1.));
#2906=CARTESIAN_POINT('',(47.3959376290855,16.8545562969529,8.));
#2907=CARTESIAN_POINT('',(47.3959376290854,20.1454528313337,1.));
#2908=CARTESIAN_POINT('Origin',(50.2459376290855,15.2091080297625,8.));
#2909=CARTESIAN_POINT('',(50.2459376290855,15.2091080297625,1.));
#2910=CARTESIAN_POINT('',(50.2459376290855,15.2091080297625,8.));
#2911=CARTESIAN_POINT('',(47.3959376290855,16.8545562969529,1.));
#2912=CARTESIAN_POINT('Origin',(53.0959376290854,16.8545562969529,8.));
#2913=CARTESIAN_POINT('',(53.0959376290854,16.8545562969529,1.));
#2914=CARTESIAN_POINT('',(53.0959376290854,16.8545562969529,8.));
#2915=CARTESIAN_POINT('',(50.2459376290855,15.2091080297625,1.));
#2916=CARTESIAN_POINT('Origin',(53.0959376290854,20.1454528313338,8.));
#2917=CARTESIAN_POINT('',(53.0959376290854,16.8545562969529,1.));
#2918=CARTESIAN_POINT('Origin',(50.2459376290854,18.5000045641433,1.));
#2919=CARTESIAN_POINT('',(48.6459376290854,18.5000045641433,1.));
#2920=CARTESIAN_POINT('Origin',(50.2459376290854,18.5000045641433,1.));
#2921=CARTESIAN_POINT('Origin',(50.2459376290614,41.7909010985242,8.));
#2922=CARTESIAN_POINT('',(50.2459376290614,41.7909010985242,1.));
#2923=CARTESIAN_POINT('',(50.2459376290614,41.7909010985242,8.));
#2924=CARTESIAN_POINT('',(53.0959376290614,40.1454528313338,1.));
#2925=CARTESIAN_POINT('',(53.0959376290614,40.1454528313338,1.));
#2926=CARTESIAN_POINT('',(53.0959376290614,40.1454528313338,8.));
#2927=CARTESIAN_POINT('Origin',(47.3959376290615,40.1454528313338,8.));
#2928=CARTESIAN_POINT('',(47.3959376290615,40.1454528313338,1.));
#2929=CARTESIAN_POINT('',(47.3959376290615,40.1454528313338,8.));
#2930=CARTESIAN_POINT('',(50.2459376290614,41.7909010985242,1.));
#2931=CARTESIAN_POINT('Origin',(47.3959376290615,36.8545562969529,8.));
#2932=CARTESIAN_POINT('',(47.3959376290615,36.8545562969529,1.));
#2933=CARTESIAN_POINT('',(47.3959376290615,36.8545562969529,8.));
#2934=CARTESIAN_POINT('',(47.3959376290615,40.1454528313338,1.));
#2935=CARTESIAN_POINT('Origin',(50.2459376290614,35.2091080297625,8.));
#2936=CARTESIAN_POINT('',(50.2459376290614,35.2091080297625,1.));
#2937=CARTESIAN_POINT('',(50.2459376290614,35.2091080297625,8.));
#2938=CARTESIAN_POINT('',(47.3959376290615,36.8545562969529,1.));
#2939=CARTESIAN_POINT('Origin',(53.0959376290614,36.8545562969529,8.));
#2940=CARTESIAN_POINT('',(53.0959376290614,36.8545562969529,1.));
#2941=CARTESIAN_POINT('',(53.0959376290614,36.8545562969529,8.));
#2942=CARTESIAN_POINT('',(50.2459376290614,35.2091080297625,1.));
#2943=CARTESIAN_POINT('Origin',(53.0959376290614,40.1454528313338,8.));
#2944=CARTESIAN_POINT('',(53.0959376290614,36.8545562969529,1.));
#2945=CARTESIAN_POINT('Origin',(50.2459376290614,38.5000045641433,1.));
#2946=CARTESIAN_POINT('',(48.6459376290614,38.5000045641433,1.));
#2947=CARTESIAN_POINT('Origin',(50.2459376290614,38.5000045641433,1.));
#2948=CARTESIAN_POINT('Origin',(0.245937629037271,21.7909010985243,8.));
#2949=CARTESIAN_POINT('',(0.245937629037271,21.7909010985243,1.));
#2950=CARTESIAN_POINT('',(0.245937629037271,21.7909010985243,8.));
#2951=CARTESIAN_POINT('',(3.09593762903727,20.1454528313338,1.));
#2952=CARTESIAN_POINT('',(3.09593762903727,20.1454528313338,1.));
#2953=CARTESIAN_POINT('',(3.09593762903727,20.1454528313338,8.));
#2954=CARTESIAN_POINT('Origin',(-2.60406237096273,20.1454528313338,8.));
#2955=CARTESIAN_POINT('',(-2.60406237096273,20.1454528313338,1.));
#2956=CARTESIAN_POINT('',(-2.60406237096273,20.1454528313338,8.));
#2957=CARTESIAN_POINT('',(0.245937629037271,21.7909010985243,1.));
#2958=CARTESIAN_POINT('Origin',(-2.60406237096273,16.854556296953,8.));
#2959=CARTESIAN_POINT('',(-2.60406237096273,16.854556296953,1.));
#2960=CARTESIAN_POINT('',(-2.60406237096273,16.854556296953,8.));
#2961=CARTESIAN_POINT('',(-2.60406237096273,20.1454528313338,1.));
#2962=CARTESIAN_POINT('Origin',(0.245937629037273,15.2091080297625,8.));
#2963=CARTESIAN_POINT('',(0.245937629037273,15.2091080297625,1.));
#2964=CARTESIAN_POINT('',(0.245937629037273,15.2091080297625,8.));
#2965=CARTESIAN_POINT('',(-2.60406237096273,16.854556296953,1.));
#2966=CARTESIAN_POINT('Origin',(3.09593762903728,16.854556296953,8.));
#2967=CARTESIAN_POINT('',(3.09593762903728,16.854556296953,1.));
#2968=CARTESIAN_POINT('',(3.09593762903728,16.854556296953,8.));
#2969=CARTESIAN_POINT('',(0.245937629037273,15.2091080297625,1.));
#2970=CARTESIAN_POINT('Origin',(3.09593762903727,20.1454528313338,8.));
#2971=CARTESIAN_POINT('',(3.09593762903728,16.854556296953,1.));
#2972=CARTESIAN_POINT('Origin',(0.245937629037272,18.5000045641434,1.));
#2973=CARTESIAN_POINT('',(-1.35406237096273,18.5000045641434,1.));
#2974=CARTESIAN_POINT('Origin',(0.245937629037273,18.5000045641434,1.));
#2975=CARTESIAN_POINT('Origin',(0.24593762906134,41.7909010985243,8.));
#2976=CARTESIAN_POINT('',(0.24593762906134,41.7909010985243,1.));
#2977=CARTESIAN_POINT('',(0.24593762906134,41.7909010985243,8.));
#2978=CARTESIAN_POINT('',(3.09593762906134,40.1454528313338,1.));
#2979=CARTESIAN_POINT('',(3.09593762906134,40.1454528313338,1.));
#2980=CARTESIAN_POINT('',(3.09593762906134,40.1454528313338,8.));
#2981=CARTESIAN_POINT('Origin',(-2.60406237093866,40.1454528313338,8.));
#2982=CARTESIAN_POINT('',(-2.60406237093866,40.1454528313338,1.));
#2983=CARTESIAN_POINT('',(-2.60406237093866,40.1454528313338,8.));
#2984=CARTESIAN_POINT('',(0.24593762906134,41.7909010985243,1.));
#2985=CARTESIAN_POINT('Origin',(-2.60406237093866,36.854556296953,8.));
#2986=CARTESIAN_POINT('',(-2.60406237093866,36.854556296953,1.));
#2987=CARTESIAN_POINT('',(-2.60406237093866,36.854556296953,8.));
#2988=CARTESIAN_POINT('',(-2.60406237093866,40.1454528313338,1.));
#2989=CARTESIAN_POINT('Origin',(0.245937629061341,35.2091080297625,8.));
#2990=CARTESIAN_POINT('',(0.245937629061341,35.2091080297625,1.));
#2991=CARTESIAN_POINT('',(0.245937629061341,35.2091080297625,8.));
#2992=CARTESIAN_POINT('',(-2.60406237093866,36.854556296953,1.));
#2993=CARTESIAN_POINT('Origin',(3.09593762906134,36.854556296953,8.));
#2994=CARTESIAN_POINT('',(3.09593762906134,36.854556296953,1.));
#2995=CARTESIAN_POINT('',(3.09593762906134,36.854556296953,8.));
#2996=CARTESIAN_POINT('',(0.245937629061341,35.2091080297625,1.));
#2997=CARTESIAN_POINT('Origin',(3.09593762906134,40.1454528313338,8.));
#2998=CARTESIAN_POINT('',(3.09593762906134,36.854556296953,1.));
#2999=CARTESIAN_POINT('Origin',(0.245937629061341,38.5000045641434,1.));
#3000=CARTESIAN_POINT('',(-1.35406237093866,38.5000045641434,1.));
#3001=CARTESIAN_POINT('Origin',(0.245937629061341,38.5000045641434,1.));
#3002=CARTESIAN_POINT('Origin',(11.7459376290614,55.,8.));
#3003=CARTESIAN_POINT('',(38.7459376290614,55.,8.));
#3004=CARTESIAN_POINT('',(38.7459376290614,54.9999999999999,8.));
#3005=CARTESIAN_POINT('',(11.7459376290614,55.,8.));
#3006=CARTESIAN_POINT('',(11.7459376290614,55.,8.));
#3007=CARTESIAN_POINT('',(11.7459376290614,55.,8.));
#3008=CARTESIAN_POINT('Origin',(7.74593762906137,4.99999999999994,8.));
#3009=CARTESIAN_POINT('',(9.74593762906135,4.99999999999994,8.));
#3010=CARTESIAN_POINT('',(7.74593762906137,4.99999999999994,8.));
#3011=CARTESIAN_POINT('Origin',(7.74593762906137,56.9999999999999,8.));
#3012=CARTESIAN_POINT('Origin',(42.7459376290614,4.99999999999996,8.));
#3013=CARTESIAN_POINT('',(42.7459376290614,4.99999999999995,8.));
#3014=CARTESIAN_POINT('Origin',(40.7459376290613,4.99999999999995,8.));
#3015=CARTESIAN_POINT('',(40.7459376290613,4.99999999999995,8.));
#3016=CARTESIAN_POINT('Origin',(25.2459376290614,28.5,8.));
#3017=CARTESIAN_POINT('',(9.74593762906175,55.,8.));
#3018=CARTESIAN_POINT('',(17.4959376290616,55.,8.));
#3019=CARTESIAN_POINT('',(9.74593762906164,53.0000000000001,8.));
#3020=CARTESIAN_POINT('',(9.74593762906141,16.75,8.));
#3021=CARTESIAN_POINT('',(11.7459376290616,53.,8.));
#3022=CARTESIAN_POINT('',(11.7459376290616,53.,8.));
#3023=CARTESIAN_POINT('',(11.7459376290614,55.,8.));
#3024=CARTESIAN_POINT('Origin',(25.2459376290614,28.5,8.));
#3025=CARTESIAN_POINT('',(40.7459376290612,53.,8.));
#3026=CARTESIAN_POINT('',(40.745937629061,55.,8.));
#3027=CARTESIAN_POINT('',(40.7459376290618,41.7500000000004,8.));
#3028=CARTESIAN_POINT('',(17.4959376290616,55.,8.));
#3029=CARTESIAN_POINT('',(38.7459376290612,53.,8.));
#3030=CARTESIAN_POINT('',(38.7459376290614,55.,8.));
#3031=CARTESIAN_POINT('',(38.7459376290612,53.,8.));
#3032=CARTESIAN_POINT('Origin',(18.2459376290613,2.99999999999997,0.));
#3033=CARTESIAN_POINT('',(16.8459376290613,2.99999999999997,0.));
#3034=CARTESIAN_POINT('Origin',(0.245937629061341,38.5000045641434,0.));
#3035=CARTESIAN_POINT('',(-1.35406237093866,38.5000045641434,0.));
#3036=CARTESIAN_POINT('Origin',(0.245937629037273,18.5000045641434,0.));
#3037=CARTESIAN_POINT('',(-1.35406237096273,18.5000045641434,0.));
#3038=CARTESIAN_POINT('Origin',(50.2459376290854,18.5000045641433,0.));
#3039=CARTESIAN_POINT('',(48.6459376290854,18.5000045641433,0.));
#3040=CARTESIAN_POINT('Origin',(11.7459376290616,53.,0.));
#3041=CARTESIAN_POINT('',(11.7459376290616,53.,0.));
#3042=CARTESIAN_POINT('Origin',(9.74593762906163,53.0000000000001,0.));
#3043=CARTESIAN_POINT('',(9.74593762906163,53.0000000000001,0.));
#3044=CARTESIAN_POINT('Origin',(9.74593762906135,7.00000000000015,0.));
#3045=CARTESIAN_POINT('',(9.74593762906175,55.,8.));
#3046=CARTESIAN_POINT('',(9.74593762906135,7.00000000000015,0.));
#3047=CARTESIAN_POINT('Origin',(11.7459376290613,6.99999999999997,0.));
#3048=CARTESIAN_POINT('Origin',(40.7459376290613,7.00000000000012,0.));
#3049=CARTESIAN_POINT('',(40.7459376290613,7.00000000000012,0.));
#3050=CARTESIAN_POINT('Origin',(40.7459376290612,53.,0.));
#3051=CARTESIAN_POINT('',(40.745937629061,55.,8.));
#3052=CARTESIAN_POINT('',(40.7459376290612,53.,0.));
#3053=CARTESIAN_POINT('Origin',(38.7459376290612,53.,0.));
#3054=CARTESIAN_POINT('',(38.7459376290612,53.,0.));
#3055=CARTESIAN_POINT('Origin',(38.7459376290614,55.,0.));
#3056=CARTESIAN_POINT('Origin',(11.7459376290614,55.,0.));
#3057=CARTESIAN_POINT('Origin',(50.2459376290614,38.5000045641433,0.));
#3058=CARTESIAN_POINT('',(48.6459376290614,38.5000045641433,0.));
#3059=CARTESIAN_POINT('Origin',(1.86375501829048E-11,33.4999954358302,0.));
#3060=CARTESIAN_POINT('',(1.25268826553679E-11,23.5000045641585,0.));
#3061=CARTESIAN_POINT('Origin',(-4.75406237092248,43.4999954358349,0.));
#3062=CARTESIAN_POINT('Origin',(3.42211957574159E-11,57.,0.));
#3063=CARTESIAN_POINT('Origin',(50.4918752580983,43.4999954358574,0.));
#3064=CARTESIAN_POINT('',(50.4918752580983,43.4999954358574,0.));
#3065=CARTESIAN_POINT('Origin',(55.2459376290452,43.4999954358349,0.));
#3066=CARTESIAN_POINT('Origin',(50.4918752581041,33.4999954358301,0.));
#3067=CARTESIAN_POINT('',(50.4918752581041,33.4999954358301,0.));
#3068=CARTESIAN_POINT('Origin',(50.4918752581102,23.5000045641393,0.));
#3069=CARTESIAN_POINT('',(50.4918752581102,23.5000045641393,0.));
#3070=CARTESIAN_POINT('Origin',(55.2459376290856,23.5000045641457,0.));
#3071=CARTESIAN_POINT('Origin',(50.4918752581226,13.5000045641562,0.));
#3072=CARTESIAN_POINT('Origin',(0.,0.,0.));
#3073=CARTESIAN_POINT('Origin',(-4.75406237096296,13.500004564168,0.));
#3074=CARTESIAN_POINT('Origin',(1.25268826553679E-11,23.5000045641585,0.));
#3075=UNCERTAINTY_MEASURE_WITH_UNIT(LENGTH_MEASURE(0.01),#3079,
'DISTANCE_ACCURACY_VALUE',
'Maximum model space distance between geometric entities at asserted c
onnectivities');
#3076=UNCERTAINTY_MEASURE_WITH_UNIT(LENGTH_MEASURE(0.01),#3079,
'DISTANCE_ACCURACY_VALUE',
'Maximum model space distance between geometric entities at asserted c
onnectivities');
#3077=(
GEOMETRIC_REPRESENTATION_CONTEXT(3)
GLOBAL_UNCERTAINTY_ASSIGNED_CONTEXT((#3075))
GLOBAL_UNIT_ASSIGNED_CONTEXT((#3079,#3081,#3082))
REPRESENTATION_CONTEXT('','3D')
);
#3078=(
GEOMETRIC_REPRESENTATION_CONTEXT(3)
GLOBAL_UNCERTAINTY_ASSIGNED_CONTEXT((#3076))
GLOBAL_UNIT_ASSIGNED_CONTEXT((#3079,#3081,#3082))
REPRESENTATION_CONTEXT('','3D')
);
#3079=(
LENGTH_UNIT()
NAMED_UNIT(*)
SI_UNIT(.MILLI.,.METRE.)
);
#3080=(
LENGTH_UNIT()
NAMED_UNIT(*)
SI_UNIT($,.METRE.)
);
#3081=(
NAMED_UNIT(*)
PLANE_ANGLE_UNIT()
SI_UNIT($,.RADIAN.)
);
#3082=(
NAMED_UNIT(*)
SI_UNIT($,.STERADIAN.)
SOLID_ANGLE_UNIT()
);
#3083=SHAPE_DEFINITION_REPRESENTATION(#3084,#3085);
#3084=PRODUCT_DEFINITION_SHAPE('',$,#3087);
#3085=SHAPE_REPRESENTATION('',(#1913),#3077);
#3086=PRODUCT_DEFINITION_CONTEXT('part definition',#3091,'design');
#3087=PRODUCT_DEFINITION('Halter_Board','Halter_Board v3',#3088,#3086);
#3088=PRODUCT_DEFINITION_FORMATION('',$,#3093);
#3089=PRODUCT_RELATED_PRODUCT_CATEGORY('Halter_Board v3',
'Halter_Board v3',(#3093));
#3090=APPLICATION_PROTOCOL_DEFINITION('international standard',
'automotive_design',2009,#3091);
#3091=APPLICATION_CONTEXT(
'Core Data for Automotive Mechanical Design Process');
#3092=PRODUCT_CONTEXT('part definition',#3091,'mechanical');
#3093=PRODUCT('Halter_Board','Halter_Board v3',$,(#3092));
#3094=PRESENTATION_STYLE_ASSIGNMENT((#3095));
#3095=SURFACE_STYLE_USAGE(.BOTH.,#3096);
#3096=SURFACE_SIDE_STYLE('',(#3097));
#3097=SURFACE_STYLE_FILL_AREA(#3098);
#3098=FILL_AREA_STYLE('Stahl - satiniert',(#3099));
#3099=FILL_AREA_STYLE_COLOUR('Stahl - satiniert',#3100);
#3100=COLOUR_RGB('Stahl - satiniert',0.627450980392157,0.627450980392157,
0.627450980392157);
ENDSEC;
END-ISO-10303-21;
