ISO-10303-21;
HEADER;
/* Generated by software containing ST-Developer
 * from STEP Tools, Inc. (www.steptools.com) 
 */

FILE_DESCRIPTION(
/* description */ (''),
/* implementation_level */ '2;1');

FILE_NAME(
/* name */ 'Kran_Halter_Arduino.step',
/* time_stamp */ '2026-06-28T17:03:09+02:00',
/* author */ (''),
/* organization */ (''),
/* preprocessor_version */ 'ST-DEVELOPER v20.1',
/* originating_system */ 'Autodesk Translation Framework v15.8.0.0',
/* authorisation */ '');

FILE_SCHEMA (('AUTOMOTIVE_DESIGN { 1 0 10303 214 3 1 1 }'));
ENDSEC;

DATA;
#10=MECHANICAL_DESIGN_GEOMETRIC_PRESENTATION_REPRESENTATION('',(#13),#2852);
#11=SHAPE_REPRESENTATION_RELATIONSHIP('SRR','None',#2859,#12);
#12=ADVANCED_BREP_SHAPE_REPRESENTATION('',(#14),#2851);
#13=STYLED_ITEM('',(#2868),#14);
#14=MANIFOLD_SOLID_BREP('K\X\F6rper1',#1754);
#15=FACE_BOUND('',#176,.T.);
#16=FACE_BOUND('',#177,.T.);
#17=FACE_BOUND('',#178,.T.);
#18=FACE_BOUND('',#179,.T.);
#19=FACE_BOUND('',#180,.T.);
#20=FACE_BOUND('',#184,.T.);
#21=FACE_BOUND('',#185,.T.);
#22=FACE_BOUND('',#186,.T.);
#23=FACE_BOUND('',#187,.T.);
#24=FACE_BOUND('',#188,.T.);
#25=FACE_BOUND('',#213,.T.);
#26=FACE_BOUND('',#221,.T.);
#27=FACE_BOUND('',#229,.T.);
#28=FACE_BOUND('',#237,.T.);
#29=CIRCLE('',#1772,4.);
#30=CIRCLE('',#1773,4.);
#31=CIRCLE('',#1774,4.);
#32=CIRCLE('',#1776,4.);
#33=CIRCLE('',#1779,4.);
#34=CIRCLE('',#1780,4.);
#35=CIRCLE('',#1781,4.);
#36=CIRCLE('',#1782,4.);
#37=CIRCLE('',#1783,4.);
#38=CIRCLE('',#1784,4.);
#39=CIRCLE('',#1785,4.);
#40=CIRCLE('',#1786,4.);
#41=CIRCLE('',#1787,4.);
#42=CIRCLE('',#1788,4.);
#43=CIRCLE('',#1789,4.);
#44=CIRCLE('',#1790,1.4);
#45=CIRCLE('',#1792,4.);
#46=CIRCLE('',#1795,4.);
#47=CIRCLE('',#1796,4.);
#48=CIRCLE('',#1797,4.);
#49=CIRCLE('',#1798,4.);
#50=CIRCLE('',#1799,4.);
#51=CIRCLE('',#1800,4.);
#52=CIRCLE('',#1801,4.);
#53=CIRCLE('',#1802,4.);
#54=CIRCLE('',#1803,4.);
#55=CIRCLE('',#1804,4.);
#56=CIRCLE('',#1805,1.4);
#57=CIRCLE('',#1806,1.6);
#58=CIRCLE('',#1807,1.6);
#59=CIRCLE('',#1808,1.6);
#60=CIRCLE('',#1809,1.6);
#61=CIRCLE('',#1834,1.6);
#62=CIRCLE('',#1842,1.6);
#63=CIRCLE('',#1850,1.6);
#64=CIRCLE('',#1858,1.6);
#65=CYLINDRICAL_SURFACE('',#1771,4.);
#66=CYLINDRICAL_SURFACE('',#1791,4.);
#67=CYLINDRICAL_SURFACE('',#1810,4.);
#68=CYLINDRICAL_SURFACE('',#1812,4.);
#69=CYLINDRICAL_SURFACE('',#1813,4.);
#70=CYLINDRICAL_SURFACE('',#1815,4.);
#71=CYLINDRICAL_SURFACE('',#1817,4.);
#72=CYLINDRICAL_SURFACE('',#1819,4.);
#73=CYLINDRICAL_SURFACE('',#1820,4.);
#74=CYLINDRICAL_SURFACE('',#1822,4.);
#75=CYLINDRICAL_SURFACE('',#1823,4.);
#76=CYLINDRICAL_SURFACE('',#1825,4.);
#77=CYLINDRICAL_SURFACE('',#1865,1.6);
#78=CYLINDRICAL_SURFACE('',#1866,1.6);
#79=CYLINDRICAL_SURFACE('',#1867,1.6);
#80=CYLINDRICAL_SURFACE('',#1868,1.6);
#81=CYLINDRICAL_SURFACE('',#1878,1.4);
#82=FACE_OUTER_BOUND('',#169,.T.);
#83=FACE_OUTER_BOUND('',#170,.T.);
#84=FACE_OUTER_BOUND('',#171,.T.);
#85=FACE_OUTER_BOUND('',#172,.T.);
#86=FACE_OUTER_BOUND('',#173,.T.);
#87=FACE_OUTER_BOUND('',#174,.T.);
#88=FACE_OUTER_BOUND('',#175,.T.);
#89=FACE_OUTER_BOUND('',#181,.T.);
#90=FACE_OUTER_BOUND('',#182,.T.);
#91=FACE_OUTER_BOUND('',#183,.T.);
#92=FACE_OUTER_BOUND('',#189,.T.);
#93=FACE_OUTER_BOUND('',#190,.T.);
#94=FACE_OUTER_BOUND('',#191,.T.);
#95=FACE_OUTER_BOUND('',#192,.T.);
#96=FACE_OUTER_BOUND('',#193,.T.);
#97=FACE_OUTER_BOUND('',#194,.T.);
#98=FACE_OUTER_BOUND('',#195,.T.);
#99=FACE_OUTER_BOUND('',#196,.T.);
#100=FACE_OUTER_BOUND('',#197,.T.);
#101=FACE_OUTER_BOUND('',#198,.T.);
#102=FACE_OUTER_BOUND('',#199,.T.);
#103=FACE_OUTER_BOUND('',#200,.T.);
#104=FACE_OUTER_BOUND('',#201,.T.);
#105=FACE_OUTER_BOUND('',#202,.T.);
#106=FACE_OUTER_BOUND('',#203,.T.);
#107=FACE_OUTER_BOUND('',#204,.T.);
#108=FACE_OUTER_BOUND('',#205,.T.);
#109=FACE_OUTER_BOUND('',#206,.T.);
#110=FACE_OUTER_BOUND('',#207,.T.);
#111=FACE_OUTER_BOUND('',#208,.T.);
#112=FACE_OUTER_BOUND('',#209,.T.);
#113=FACE_OUTER_BOUND('',#210,.T.);
#114=FACE_OUTER_BOUND('',#211,.T.);
#115=FACE_OUTER_BOUND('',#212,.T.);
#116=FACE_OUTER_BOUND('',#214,.T.);
#117=FACE_OUTER_BOUND('',#215,.T.);
#118=FACE_OUTER_BOUND('',#216,.T.);
#119=FACE_OUTER_BOUND('',#217,.T.);
#120=FACE_OUTER_BOUND('',#218,.T.);
#121=FACE_OUTER_BOUND('',#219,.T.);
#122=FACE_OUTER_BOUND('',#220,.T.);
#123=FACE_OUTER_BOUND('',#222,.T.);
#124=FACE_OUTER_BOUND('',#223,.T.);
#125=FACE_OUTER_BOUND('',#224,.T.);
#126=FACE_OUTER_BOUND('',#225,.T.);
#127=FACE_OUTER_BOUND('',#226,.T.);
#128=FACE_OUTER_BOUND('',#227,.T.);
#129=FACE_OUTER_BOUND('',#228,.T.);
#130=FACE_OUTER_BOUND('',#230,.T.);
#131=FACE_OUTER_BOUND('',#231,.T.);
#132=FACE_OUTER_BOUND('',#232,.T.);
#133=FACE_OUTER_BOUND('',#233,.T.);
#134=FACE_OUTER_BOUND('',#234,.T.);
#135=FACE_OUTER_BOUND('',#235,.T.);
#136=FACE_OUTER_BOUND('',#236,.T.);
#137=FACE_OUTER_BOUND('',#238,.T.);
#138=FACE_OUTER_BOUND('',#239,.T.);
#139=FACE_OUTER_BOUND('',#240,.T.);
#140=FACE_OUTER_BOUND('',#241,.T.);
#141=FACE_OUTER_BOUND('',#242,.T.);
#142=FACE_OUTER_BOUND('',#243,.T.);
#143=FACE_OUTER_BOUND('',#244,.T.);
#144=FACE_OUTER_BOUND('',#245,.T.);
#145=FACE_OUTER_BOUND('',#246,.T.);
#146=FACE_OUTER_BOUND('',#247,.T.);
#147=FACE_OUTER_BOUND('',#248,.T.);
#148=FACE_OUTER_BOUND('',#249,.T.);
#149=FACE_OUTER_BOUND('',#250,.T.);
#150=FACE_OUTER_BOUND('',#251,.T.);
#151=FACE_OUTER_BOUND('',#252,.T.);
#152=FACE_OUTER_BOUND('',#253,.T.);
#153=FACE_OUTER_BOUND('',#254,.T.);
#154=FACE_OUTER_BOUND('',#255,.T.);
#155=FACE_OUTER_BOUND('',#256,.T.);
#156=FACE_OUTER_BOUND('',#257,.T.);
#157=FACE_OUTER_BOUND('',#258,.T.);
#158=FACE_OUTER_BOUND('',#259,.T.);
#159=FACE_OUTER_BOUND('',#260,.T.);
#160=FACE_OUTER_BOUND('',#261,.T.);
#161=FACE_OUTER_BOUND('',#262,.T.);
#162=FACE_OUTER_BOUND('',#263,.T.);
#163=FACE_OUTER_BOUND('',#264,.T.);
#164=FACE_OUTER_BOUND('',#265,.T.);
#165=FACE_OUTER_BOUND('',#266,.T.);
#166=FACE_OUTER_BOUND('',#267,.T.);
#167=FACE_OUTER_BOUND('',#268,.T.);
#168=FACE_OUTER_BOUND('',#269,.T.);
#169=EDGE_LOOP('',(#1103,#1104,#1105,#1106));
#170=EDGE_LOOP('',(#1107,#1108,#1109,#1110));
#171=EDGE_LOOP('',(#1111,#1112,#1113,#1114));
#172=EDGE_LOOP('',(#1115,#1116,#1117,#1118,#1119,#1120));
#173=EDGE_LOOP('',(#1121,#1122,#1123,#1124,#1125,#1126,#1127,#1128,#1129,
#1130));
#174=EDGE_LOOP('',(#1131,#1132,#1133,#1134));
#175=EDGE_LOOP('',(#1135,#1136,#1137,#1138,#1139,#1140,#1141,#1142,#1143,
#1144,#1145,#1146,#1147,#1148,#1149,#1150,#1151,#1152,#1153,#1154,#1155,
#1156,#1157,#1158,#1159,#1160,#1161,#1162,#1163,#1164,#1165,#1166,#1167,
#1168,#1169,#1170,#1171,#1172,#1173,#1174,#1175,#1176));
#176=EDGE_LOOP('',(#1177));
#177=EDGE_LOOP('',(#1178,#1179,#1180,#1181,#1182,#1183));
#178=EDGE_LOOP('',(#1184,#1185,#1186,#1187,#1188,#1189));
#179=EDGE_LOOP('',(#1190,#1191,#1192,#1193,#1194,#1195));
#180=EDGE_LOOP('',(#1196,#1197,#1198,#1199,#1200,#1201));
#181=EDGE_LOOP('',(#1202,#1203,#1204,#1205,#1206,#1207));
#182=EDGE_LOOP('',(#1208,#1209,#1210,#1211,#1212,#1213,#1214,#1215));
#183=EDGE_LOOP('',(#1216,#1217,#1218,#1219,#1220,#1221,#1222,#1223,#1224,
#1225,#1226,#1227,#1228,#1229,#1230,#1231,#1232,#1233,#1234,#1235,#1236,
#1237,#1238,#1239,#1240,#1241,#1242,#1243,#1244,#1245,#1246,#1247,#1248,
#1249,#1250,#1251,#1252,#1253,#1254,#1255,#1256,#1257,#1258,#1259));
#184=EDGE_LOOP('',(#1260));
#185=EDGE_LOOP('',(#1261));
#186=EDGE_LOOP('',(#1262));
#187=EDGE_LOOP('',(#1263));
#188=EDGE_LOOP('',(#1264));
#189=EDGE_LOOP('',(#1265,#1266,#1267,#1268));
#190=EDGE_LOOP('',(#1269,#1270,#1271,#1272));
#191=EDGE_LOOP('',(#1273,#1274,#1275,#1276));
#192=EDGE_LOOP('',(#1277,#1278,#1279,#1280));
#193=EDGE_LOOP('',(#1281,#1282,#1283,#1284));
#194=EDGE_LOOP('',(#1285,#1286,#1287,#1288));
#195=EDGE_LOOP('',(#1289,#1290,#1291,#1292));
#196=EDGE_LOOP('',(#1293,#1294,#1295,#1296));
#197=EDGE_LOOP('',(#1297,#1298,#1299,#1300));
#198=EDGE_LOOP('',(#1301,#1302,#1303,#1304));
#199=EDGE_LOOP('',(#1305,#1306,#1307,#1308));
#200=EDGE_LOOP('',(#1309,#1310,#1311,#1312));
#201=EDGE_LOOP('',(#1313,#1314,#1315,#1316));
#202=EDGE_LOOP('',(#1317,#1318,#1319,#1320));
#203=EDGE_LOOP('',(#1321,#1322,#1323,#1324));
#204=EDGE_LOOP('',(#1325,#1326,#1327,#1328));
#205=EDGE_LOOP('',(#1329,#1330,#1331,#1332));
#206=EDGE_LOOP('',(#1333,#1334,#1335,#1336));
#207=EDGE_LOOP('',(#1337,#1338,#1339,#1340));
#208=EDGE_LOOP('',(#1341,#1342,#1343,#1344));
#209=EDGE_LOOP('',(#1345,#1346,#1347,#1348));
#210=EDGE_LOOP('',(#1349,#1350,#1351,#1352));
#211=EDGE_LOOP('',(#1353,#1354,#1355,#1356));
#212=EDGE_LOOP('',(#1357,#1358,#1359,#1360,#1361,#1362));
#213=EDGE_LOOP('',(#1363));
#214=EDGE_LOOP('',(#1364,#1365,#1366,#1367));
#215=EDGE_LOOP('',(#1368,#1369,#1370,#1371));
#216=EDGE_LOOP('',(#1372,#1373,#1374,#1375));
#217=EDGE_LOOP('',(#1376,#1377,#1378,#1379));
#218=EDGE_LOOP('',(#1380,#1381,#1382,#1383));
#219=EDGE_LOOP('',(#1384,#1385,#1386,#1387));
#220=EDGE_LOOP('',(#1388,#1389,#1390,#1391,#1392,#1393));
#221=EDGE_LOOP('',(#1394));
#222=EDGE_LOOP('',(#1395,#1396,#1397,#1398));
#223=EDGE_LOOP('',(#1399,#1400,#1401,#1402));
#224=EDGE_LOOP('',(#1403,#1404,#1405,#1406));
#225=EDGE_LOOP('',(#1407,#1408,#1409,#1410));
#226=EDGE_LOOP('',(#1411,#1412,#1413,#1414));
#227=EDGE_LOOP('',(#1415,#1416,#1417,#1418));
#228=EDGE_LOOP('',(#1419,#1420,#1421,#1422,#1423,#1424));
#229=EDGE_LOOP('',(#1425));
#230=EDGE_LOOP('',(#1426,#1427,#1428,#1429));
#231=EDGE_LOOP('',(#1430,#1431,#1432,#1433));
#232=EDGE_LOOP('',(#1434,#1435,#1436,#1437));
#233=EDGE_LOOP('',(#1438,#1439,#1440,#1441));
#234=EDGE_LOOP('',(#1442,#1443,#1444,#1445));
#235=EDGE_LOOP('',(#1446,#1447,#1448,#1449));
#236=EDGE_LOOP('',(#1450,#1451,#1452,#1453,#1454,#1455));
#237=EDGE_LOOP('',(#1456));
#238=EDGE_LOOP('',(#1457,#1458,#1459,#1460));
#239=EDGE_LOOP('',(#1461,#1462,#1463,#1464));
#240=EDGE_LOOP('',(#1465,#1466,#1467,#1468));
#241=EDGE_LOOP('',(#1469,#1470,#1471,#1472));
#242=EDGE_LOOP('',(#1473,#1474,#1475,#1476));
#243=EDGE_LOOP('',(#1477,#1478,#1479,#1480));
#244=EDGE_LOOP('',(#1481,#1482,#1483,#1484));
#245=EDGE_LOOP('',(#1485,#1486,#1487,#1488));
#246=EDGE_LOOP('',(#1489,#1490,#1491,#1492));
#247=EDGE_LOOP('',(#1493,#1494,#1495,#1496));
#248=EDGE_LOOP('',(#1497,#1498,#1499,#1500,#1501));
#249=EDGE_LOOP('',(#1502,#1503,#1504,#1505));
#250=EDGE_LOOP('',(#1506,#1507,#1508,#1509,#1510,#1511,#1512,#1513));
#251=EDGE_LOOP('',(#1514,#1515,#1516,#1517));
#252=EDGE_LOOP('',(#1518,#1519,#1520,#1521));
#253=EDGE_LOOP('',(#1522,#1523,#1524,#1525,#1526,#1527,#1528,#1529));
#254=EDGE_LOOP('',(#1530,#1531,#1532,#1533));
#255=EDGE_LOOP('',(#1534,#1535,#1536,#1537,#1538));
#256=EDGE_LOOP('',(#1539,#1540,#1541,#1542,#1543,#1544));
#257=EDGE_LOOP('',(#1545,#1546,#1547,#1548));
#258=EDGE_LOOP('',(#1549,#1550,#1551,#1552));
#259=EDGE_LOOP('',(#1553,#1554,#1555,#1556));
#260=EDGE_LOOP('',(#1557,#1558,#1559,#1560));
#261=EDGE_LOOP('',(#1561,#1562,#1563,#1564));
#262=EDGE_LOOP('',(#1565,#1566,#1567,#1568));
#263=EDGE_LOOP('',(#1569,#1570,#1571,#1572));
#264=EDGE_LOOP('',(#1573,#1574,#1575,#1576));
#265=EDGE_LOOP('',(#1577,#1578,#1579,#1580));
#266=EDGE_LOOP('',(#1581,#1582,#1583,#1584));
#267=EDGE_LOOP('',(#1585,#1586,#1587,#1588));
#268=EDGE_LOOP('',(#1589,#1590,#1591,#1592));
#269=EDGE_LOOP('',(#1593,#1594,#1595,#1596));
#270=LINE('',#2354,#481);
#271=LINE('',#2356,#482);
#272=LINE('',#2358,#483);
#273=LINE('',#2359,#484);
#274=LINE('',#2362,#485);
#275=LINE('',#2364,#486);
#276=LINE('',#2365,#487);
#277=LINE('',#2368,#488);
#278=LINE('',#2370,#489);
#279=LINE('',#2371,#490);
#280=LINE('',#2377,#491);
#281=LINE('',#2381,#492);
#282=LINE('',#2384,#493);
#283=LINE('',#2387,#494);
#284=LINE('',#2389,#495);
#285=LINE('',#2391,#496);
#286=LINE('',#2393,#497);
#287=LINE('',#2395,#498);
#288=LINE('',#2397,#499);
#289=LINE('',#2399,#500);
#290=LINE('',#2402,#501);
#291=LINE('',#2405,#502);
#292=LINE('',#2406,#503);
#293=LINE('',#2409,#504);
#294=LINE('',#2411,#505);
#295=LINE('',#2415,#506);
#296=LINE('',#2419,#507);
#297=LINE('',#2421,#508);
#298=LINE('',#2423,#509);
#299=LINE('',#2427,#510);
#300=LINE('',#2431,#511);
#301=LINE('',#2433,#512);
#302=LINE('',#2437,#513);
#303=LINE('',#2441,#514);
#304=LINE('',#2443,#515);
#305=LINE('',#2447,#516);
#306=LINE('',#2451,#517);
#307=LINE('',#2453,#518);
#308=LINE('',#2455,#519);
#309=LINE('',#2459,#520);
#310=LINE('',#2463,#521);
#311=LINE('',#2465,#522);
#312=LINE('',#2469,#523);
#313=LINE('',#2471,#524);
#314=LINE('',#2473,#525);
#315=LINE('',#2474,#526);
#316=LINE('',#2476,#527);
#317=LINE('',#2478,#528);
#318=LINE('',#2479,#529);
#319=LINE('',#2484,#530);
#320=LINE('',#2486,#531);
#321=LINE('',#2488,#532);
#322=LINE('',#2490,#533);
#323=LINE('',#2492,#534);
#324=LINE('',#2493,#535);
#325=LINE('',#2496,#536);
#326=LINE('',#2498,#537);
#327=LINE('',#2500,#538);
#328=LINE('',#2502,#539);
#329=LINE('',#2504,#540);
#330=LINE('',#2505,#541);
#331=LINE('',#2508,#542);
#332=LINE('',#2510,#543);
#333=LINE('',#2512,#544);
#334=LINE('',#2514,#545);
#335=LINE('',#2516,#546);
#336=LINE('',#2517,#547);
#337=LINE('',#2520,#548);
#338=LINE('',#2522,#549);
#339=LINE('',#2524,#550);
#340=LINE('',#2526,#551);
#341=LINE('',#2528,#552);
#342=LINE('',#2529,#553);
#343=LINE('',#2532,#554);
#344=LINE('',#2535,#555);
#345=LINE('',#2536,#556);
#346=LINE('',#2539,#557);
#347=LINE('',#2541,#558);
#348=LINE('',#2543,#559);
#349=LINE('',#2545,#560);
#350=LINE('',#2546,#561);
#351=LINE('',#2549,#562);
#352=LINE('',#2551,#563);
#353=LINE('',#2553,#564);
#354=LINE('',#2554,#565);
#355=LINE('',#2556,#566);
#356=LINE('',#2558,#567);
#357=LINE('',#2560,#568);
#358=LINE('',#2561,#569);
#359=LINE('',#2563,#570);
#360=LINE('',#2565,#571);
#361=LINE('',#2569,#572);
#362=LINE('',#2573,#573);
#363=LINE('',#2575,#574);
#364=LINE('',#2577,#575);
#365=LINE('',#2581,#576);
#366=LINE('',#2585,#577);
#367=LINE('',#2587,#578);
#368=LINE('',#2591,#579);
#369=LINE('',#2595,#580);
#370=LINE('',#2597,#581);
#371=LINE('',#2601,#582);
#372=LINE('',#2605,#583);
#373=LINE('',#2607,#584);
#374=LINE('',#2609,#585);
#375=LINE('',#2613,#586);
#376=LINE('',#2617,#587);
#377=LINE('',#2618,#588);
#378=LINE('',#2630,#589);
#379=LINE('',#2631,#590);
#380=LINE('',#2633,#591);
#381=LINE('',#2635,#592);
#382=LINE('',#2637,#593);
#383=LINE('',#2638,#594);
#384=LINE('',#2640,#595);
#385=LINE('',#2642,#596);
#386=LINE('',#2643,#597);
#387=LINE('',#2645,#598);
#388=LINE('',#2647,#599);
#389=LINE('',#2648,#600);
#390=LINE('',#2650,#601);
#391=LINE('',#2652,#602);
#392=LINE('',#2654,#603);
#393=LINE('',#2655,#604);
#394=LINE('',#2657,#605);
#395=LINE('',#2659,#606);
#396=LINE('',#2661,#607);
#397=LINE('',#2662,#608);
#398=LINE('',#2664,#609);
#399=LINE('',#2666,#610);
#400=LINE('',#2667,#611);
#401=LINE('',#2669,#612);
#402=LINE('',#2672,#613);
#403=LINE('',#2674,#614);
#404=LINE('',#2675,#615);
#405=LINE('',#2678,#616);
#406=LINE('',#2679,#617);
#407=LINE('',#2682,#618);
#408=LINE('',#2683,#619);
#409=LINE('',#2686,#620);
#410=LINE('',#2687,#621);
#411=LINE('',#2690,#622);
#412=LINE('',#2691,#623);
#413=LINE('',#2693,#624);
#414=LINE('',#2699,#625);
#415=LINE('',#2701,#626);
#416=LINE('',#2702,#627);
#417=LINE('',#2705,#628);
#418=LINE('',#2706,#629);
#419=LINE('',#2709,#630);
#420=LINE('',#2710,#631);
#421=LINE('',#2713,#632);
#422=LINE('',#2714,#633);
#423=LINE('',#2717,#634);
#424=LINE('',#2718,#635);
#425=LINE('',#2720,#636);
#426=LINE('',#2726,#637);
#427=LINE('',#2728,#638);
#428=LINE('',#2729,#639);
#429=LINE('',#2732,#640);
#430=LINE('',#2733,#641);
#431=LINE('',#2736,#642);
#432=LINE('',#2737,#643);
#433=LINE('',#2740,#644);
#434=LINE('',#2741,#645);
#435=LINE('',#2744,#646);
#436=LINE('',#2745,#647);
#437=LINE('',#2747,#648);
#438=LINE('',#2753,#649);
#439=LINE('',#2755,#650);
#440=LINE('',#2756,#651);
#441=LINE('',#2759,#652);
#442=LINE('',#2760,#653);
#443=LINE('',#2763,#654);
#444=LINE('',#2764,#655);
#445=LINE('',#2767,#656);
#446=LINE('',#2768,#657);
#447=LINE('',#2771,#658);
#448=LINE('',#2772,#659);
#449=LINE('',#2774,#660);
#450=LINE('',#2780,#661);
#451=LINE('',#2782,#662);
#452=LINE('',#2783,#663);
#453=LINE('',#2785,#664);
#454=LINE('',#2787,#665);
#455=LINE('',#2789,#666);
#456=LINE('',#2792,#667);
#457=LINE('',#2794,#668);
#458=LINE('',#2796,#669);
#459=LINE('',#2797,#670);
#460=LINE('',#2801,#671);
#461=LINE('',#2802,#672);
#462=LINE('',#2804,#673);
#463=LINE('',#2805,#674);
#464=LINE('',#2807,#675);
#465=LINE('',#2809,#676);
#466=LINE('',#2811,#677);
#467=LINE('',#2813,#678);
#468=LINE('',#2815,#679);
#469=LINE('',#2817,#680);
#470=LINE('',#2819,#681);
#471=LINE('',#2820,#682);
#472=LINE('',#2823,#683);
#473=LINE('',#2825,#684);
#474=LINE('',#2826,#685);
#475=LINE('',#2828,#686);
#476=LINE('',#2832,#687);
#477=LINE('',#2834,#688);
#478=LINE('',#2838,#689);
#479=LINE('',#2841,#690);
#480=LINE('',#2843,#691);
#481=VECTOR('',#1895,10.);
#482=VECTOR('',#1896,10.);
#483=VECTOR('',#1897,10.);
#484=VECTOR('',#1898,10.);
#485=VECTOR('',#1901,10.);
#486=VECTOR('',#1902,10.);
#487=VECTOR('',#1903,10.);
#488=VECTOR('',#1906,10.);
#489=VECTOR('',#1907,10.);
#490=VECTOR('',#1908,10.);
#491=VECTOR('',#1913,10.);
#492=VECTOR('',#1916,10.);
#493=VECTOR('',#1919,10.);
#494=VECTOR('',#1922,10.);
#495=VECTOR('',#1923,10.);
#496=VECTOR('',#1924,10.);
#497=VECTOR('',#1925,10.);
#498=VECTOR('',#1926,10.);
#499=VECTOR('',#1927,10.);
#500=VECTOR('',#1928,10.);
#501=VECTOR('',#1931,10.);
#502=VECTOR('',#1934,10.);
#503=VECTOR('',#1935,10.);
#504=VECTOR('',#1938,10.);
#505=VECTOR('',#1939,10.);
#506=VECTOR('',#1942,10.);
#507=VECTOR('',#1945,10.);
#508=VECTOR('',#1946,10.);
#509=VECTOR('',#1947,10.);
#510=VECTOR('',#1950,10.);
#511=VECTOR('',#1953,10.);
#512=VECTOR('',#1954,10.);
#513=VECTOR('',#1957,10.);
#514=VECTOR('',#1960,10.);
#515=VECTOR('',#1961,10.);
#516=VECTOR('',#1964,10.);
#517=VECTOR('',#1967,10.);
#518=VECTOR('',#1968,10.);
#519=VECTOR('',#1969,10.);
#520=VECTOR('',#1972,10.);
#521=VECTOR('',#1975,10.);
#522=VECTOR('',#1976,10.);
#523=VECTOR('',#1979,10.);
#524=VECTOR('',#1980,10.);
#525=VECTOR('',#1981,10.);
#526=VECTOR('',#1982,10.);
#527=VECTOR('',#1983,10.);
#528=VECTOR('',#1984,10.);
#529=VECTOR('',#1985,10.);
#530=VECTOR('',#1988,10.);
#531=VECTOR('',#1989,10.);
#532=VECTOR('',#1990,10.);
#533=VECTOR('',#1991,10.);
#534=VECTOR('',#1992,10.);
#535=VECTOR('',#1993,10.);
#536=VECTOR('',#1994,10.);
#537=VECTOR('',#1995,10.);
#538=VECTOR('',#1996,10.);
#539=VECTOR('',#1997,10.);
#540=VECTOR('',#1998,10.);
#541=VECTOR('',#1999,10.);
#542=VECTOR('',#2000,10.);
#543=VECTOR('',#2001,10.);
#544=VECTOR('',#2002,10.);
#545=VECTOR('',#2003,10.);
#546=VECTOR('',#2004,10.);
#547=VECTOR('',#2005,10.);
#548=VECTOR('',#2006,10.);
#549=VECTOR('',#2007,10.);
#550=VECTOR('',#2008,10.);
#551=VECTOR('',#2009,10.);
#552=VECTOR('',#2010,10.);
#553=VECTOR('',#2011,10.);
#554=VECTOR('',#2014,10.);
#555=VECTOR('',#2017,10.);
#556=VECTOR('',#2018,10.);
#557=VECTOR('',#2021,10.);
#558=VECTOR('',#2022,10.);
#559=VECTOR('',#2023,10.);
#560=VECTOR('',#2024,10.);
#561=VECTOR('',#2025,10.);
#562=VECTOR('',#2028,10.);
#563=VECTOR('',#2029,10.);
#564=VECTOR('',#2030,10.);
#565=VECTOR('',#2031,10.);
#566=VECTOR('',#2032,10.);
#567=VECTOR('',#2033,10.);
#568=VECTOR('',#2034,10.);
#569=VECTOR('',#2035,10.);
#570=VECTOR('',#2036,10.);
#571=VECTOR('',#2037,10.);
#572=VECTOR('',#2040,10.);
#573=VECTOR('',#2043,10.);
#574=VECTOR('',#2044,10.);
#575=VECTOR('',#2045,10.);
#576=VECTOR('',#2048,10.);
#577=VECTOR('',#2051,10.);
#578=VECTOR('',#2052,10.);
#579=VECTOR('',#2055,10.);
#580=VECTOR('',#2058,10.);
#581=VECTOR('',#2059,10.);
#582=VECTOR('',#2062,10.);
#583=VECTOR('',#2065,10.);
#584=VECTOR('',#2066,10.);
#585=VECTOR('',#2067,10.);
#586=VECTOR('',#2070,10.);
#587=VECTOR('',#2073,10.);
#588=VECTOR('',#2074,10.);
#589=VECTOR('',#2087,10.);
#590=VECTOR('',#2088,10.);
#591=VECTOR('',#2091,10.);
#592=VECTOR('',#2094,10.);
#593=VECTOR('',#2097,10.);
#594=VECTOR('',#2098,10.);
#595=VECTOR('',#2101,10.);
#596=VECTOR('',#2104,10.);
#597=VECTOR('',#2105,10.);
#598=VECTOR('',#2108,10.);
#599=VECTOR('',#2111,10.);
#600=VECTOR('',#2112,10.);
#601=VECTOR('',#2115,10.);
#602=VECTOR('',#2118,10.);
#603=VECTOR('',#2121,10.);
#604=VECTOR('',#2122,10.);
#605=VECTOR('',#2125,10.);
#606=VECTOR('',#2128,10.);
#607=VECTOR('',#2131,10.);
#608=VECTOR('',#2132,10.);
#609=VECTOR('',#2135,10.);
#610=VECTOR('',#2138,10.);
#611=VECTOR('',#2139,10.);
#612=VECTOR('',#2142,10.);
#613=VECTOR('',#2145,10.);
#614=VECTOR('',#2146,10.);
#615=VECTOR('',#2147,10.);
#616=VECTOR('',#2150,10.);
#617=VECTOR('',#2151,10.);
#618=VECTOR('',#2154,10.);
#619=VECTOR('',#2155,10.);
#620=VECTOR('',#2158,10.);
#621=VECTOR('',#2159,10.);
#622=VECTOR('',#2162,10.);
#623=VECTOR('',#2163,10.);
#624=VECTOR('',#2166,10.);
#625=VECTOR('',#2173,10.);
#626=VECTOR('',#2174,10.);
#627=VECTOR('',#2175,10.);
#628=VECTOR('',#2178,10.);
#629=VECTOR('',#2179,10.);
#630=VECTOR('',#2182,10.);
#631=VECTOR('',#2183,10.);
#632=VECTOR('',#2186,10.);
#633=VECTOR('',#2187,10.);
#634=VECTOR('',#2190,10.);
#635=VECTOR('',#2191,10.);
#636=VECTOR('',#2194,10.);
#637=VECTOR('',#2201,10.);
#638=VECTOR('',#2202,10.);
#639=VECTOR('',#2203,10.);
#640=VECTOR('',#2206,10.);
#641=VECTOR('',#2207,10.);
#642=VECTOR('',#2210,10.);
#643=VECTOR('',#2211,10.);
#644=VECTOR('',#2214,10.);
#645=VECTOR('',#2215,10.);
#646=VECTOR('',#2218,10.);
#647=VECTOR('',#2219,10.);
#648=VECTOR('',#2222,10.);
#649=VECTOR('',#2229,10.);
#650=VECTOR('',#2230,10.);
#651=VECTOR('',#2231,10.);
#652=VECTOR('',#2234,10.);
#653=VECTOR('',#2235,10.);
#654=VECTOR('',#2238,10.);
#655=VECTOR('',#2239,10.);
#656=VECTOR('',#2242,10.);
#657=VECTOR('',#2243,10.);
#658=VECTOR('',#2246,10.);
#659=VECTOR('',#2247,10.);
#660=VECTOR('',#2250,10.);
#661=VECTOR('',#2257,10.);
#662=VECTOR('',#2258,10.);
#663=VECTOR('',#2259,10.);
#664=VECTOR('',#2262,10.);
#665=VECTOR('',#2265,10.);
#666=VECTOR('',#2268,10.);
#667=VECTOR('',#2271,10.);
#668=VECTOR('',#2272,10.);
#669=VECTOR('',#2273,10.);
#670=VECTOR('',#2274,10.);
#671=VECTOR('',#2277,10.);
#672=VECTOR('',#2278,10.);
#673=VECTOR('',#2279,10.);
#674=VECTOR('',#2280,10.);
#675=VECTOR('',#2283,1.6);
#676=VECTOR('',#2286,1.6);
#677=VECTOR('',#2289,1.6);
#678=VECTOR('',#2292,1.6);
#679=VECTOR('',#2295,10.);
#680=VECTOR('',#2298,10.);
#681=VECTOR('',#2301,10.);
#682=VECTOR('',#2302,10.);
#683=VECTOR('',#2307,10.);
#684=VECTOR('',#2310,10.);
#685=VECTOR('',#2311,10.);
#686=VECTOR('',#2314,10.);
#687=VECTOR('',#2321,1.4);
#688=VECTOR('',#2324,10.);
#689=VECTOR('',#2331,10.);
#690=VECTOR('',#2336,10.);
#691=VECTOR('',#2339,10.);
#692=VERTEX_POINT('',#2352);
#693=VERTEX_POINT('',#2353);
#694=VERTEX_POINT('',#2355);
#695=VERTEX_POINT('',#2357);
#696=VERTEX_POINT('',#2361);
#697=VERTEX_POINT('',#2363);
#698=VERTEX_POINT('',#2367);
#699=VERTEX_POINT('',#2369);
#700=VERTEX_POINT('',#2373);
#701=VERTEX_POINT('',#2374);
#702=VERTEX_POINT('',#2376);
#703=VERTEX_POINT('',#2378);
#704=VERTEX_POINT('',#2380);
#705=VERTEX_POINT('',#2382);
#706=VERTEX_POINT('',#2386);
#707=VERTEX_POINT('',#2388);
#708=VERTEX_POINT('',#2390);
#709=VERTEX_POINT('',#2392);
#710=VERTEX_POINT('',#2394);
#711=VERTEX_POINT('',#2396);
#712=VERTEX_POINT('',#2398);
#713=VERTEX_POINT('',#2400);
#714=VERTEX_POINT('',#2404);
#715=VERTEX_POINT('',#2408);
#716=VERTEX_POINT('',#2410);
#717=VERTEX_POINT('',#2412);
#718=VERTEX_POINT('',#2414);
#719=VERTEX_POINT('',#2416);
#720=VERTEX_POINT('',#2418);
#721=VERTEX_POINT('',#2420);
#722=VERTEX_POINT('',#2422);
#723=VERTEX_POINT('',#2424);
#724=VERTEX_POINT('',#2426);
#725=VERTEX_POINT('',#2428);
#726=VERTEX_POINT('',#2430);
#727=VERTEX_POINT('',#2432);
#728=VERTEX_POINT('',#2434);
#729=VERTEX_POINT('',#2436);
#730=VERTEX_POINT('',#2438);
#731=VERTEX_POINT('',#2440);
#732=VERTEX_POINT('',#2442);
#733=VERTEX_POINT('',#2444);
#734=VERTEX_POINT('',#2446);
#735=VERTEX_POINT('',#2448);
#736=VERTEX_POINT('',#2450);
#737=VERTEX_POINT('',#2452);
#738=VERTEX_POINT('',#2454);
#739=VERTEX_POINT('',#2456);
#740=VERTEX_POINT('',#2458);
#741=VERTEX_POINT('',#2460);
#742=VERTEX_POINT('',#2462);
#743=VERTEX_POINT('',#2464);
#744=VERTEX_POINT('',#2466);
#745=VERTEX_POINT('',#2468);
#746=VERTEX_POINT('',#2470);
#747=VERTEX_POINT('',#2472);
#748=VERTEX_POINT('',#2475);
#749=VERTEX_POINT('',#2477);
#750=VERTEX_POINT('',#2480);
#751=VERTEX_POINT('',#2482);
#752=VERTEX_POINT('',#2483);
#753=VERTEX_POINT('',#2485);
#754=VERTEX_POINT('',#2487);
#755=VERTEX_POINT('',#2489);
#756=VERTEX_POINT('',#2491);
#757=VERTEX_POINT('',#2494);
#758=VERTEX_POINT('',#2495);
#759=VERTEX_POINT('',#2497);
#760=VERTEX_POINT('',#2499);
#761=VERTEX_POINT('',#2501);
#762=VERTEX_POINT('',#2503);
#763=VERTEX_POINT('',#2506);
#764=VERTEX_POINT('',#2507);
#765=VERTEX_POINT('',#2509);
#766=VERTEX_POINT('',#2511);
#767=VERTEX_POINT('',#2513);
#768=VERTEX_POINT('',#2515);
#769=VERTEX_POINT('',#2518);
#770=VERTEX_POINT('',#2519);
#771=VERTEX_POINT('',#2521);
#772=VERTEX_POINT('',#2523);
#773=VERTEX_POINT('',#2525);
#774=VERTEX_POINT('',#2527);
#775=VERTEX_POINT('',#2531);
#776=VERTEX_POINT('',#2533);
#777=VERTEX_POINT('',#2538);
#778=VERTEX_POINT('',#2540);
#779=VERTEX_POINT('',#2542);
#780=VERTEX_POINT('',#2544);
#781=VERTEX_POINT('',#2548);
#782=VERTEX_POINT('',#2550);
#783=VERTEX_POINT('',#2552);
#784=VERTEX_POINT('',#2555);
#785=VERTEX_POINT('',#2557);
#786=VERTEX_POINT('',#2559);
#787=VERTEX_POINT('',#2562);
#788=VERTEX_POINT('',#2564);
#789=VERTEX_POINT('',#2566);
#790=VERTEX_POINT('',#2568);
#791=VERTEX_POINT('',#2570);
#792=VERTEX_POINT('',#2572);
#793=VERTEX_POINT('',#2574);
#794=VERTEX_POINT('',#2576);
#795=VERTEX_POINT('',#2578);
#796=VERTEX_POINT('',#2580);
#797=VERTEX_POINT('',#2582);
#798=VERTEX_POINT('',#2584);
#799=VERTEX_POINT('',#2586);
#800=VERTEX_POINT('',#2588);
#801=VERTEX_POINT('',#2590);
#802=VERTEX_POINT('',#2592);
#803=VERTEX_POINT('',#2594);
#804=VERTEX_POINT('',#2596);
#805=VERTEX_POINT('',#2598);
#806=VERTEX_POINT('',#2600);
#807=VERTEX_POINT('',#2602);
#808=VERTEX_POINT('',#2604);
#809=VERTEX_POINT('',#2606);
#810=VERTEX_POINT('',#2608);
#811=VERTEX_POINT('',#2610);
#812=VERTEX_POINT('',#2612);
#813=VERTEX_POINT('',#2614);
#814=VERTEX_POINT('',#2616);
#815=VERTEX_POINT('',#2619);
#816=VERTEX_POINT('',#2621);
#817=VERTEX_POINT('',#2623);
#818=VERTEX_POINT('',#2625);
#819=VERTEX_POINT('',#2627);
#820=VERTEX_POINT('',#2671);
#821=VERTEX_POINT('',#2673);
#822=VERTEX_POINT('',#2677);
#823=VERTEX_POINT('',#2681);
#824=VERTEX_POINT('',#2685);
#825=VERTEX_POINT('',#2689);
#826=VERTEX_POINT('',#2695);
#827=VERTEX_POINT('',#2698);
#828=VERTEX_POINT('',#2700);
#829=VERTEX_POINT('',#2704);
#830=VERTEX_POINT('',#2708);
#831=VERTEX_POINT('',#2712);
#832=VERTEX_POINT('',#2716);
#833=VERTEX_POINT('',#2722);
#834=VERTEX_POINT('',#2725);
#835=VERTEX_POINT('',#2727);
#836=VERTEX_POINT('',#2731);
#837=VERTEX_POINT('',#2735);
#838=VERTEX_POINT('',#2739);
#839=VERTEX_POINT('',#2743);
#840=VERTEX_POINT('',#2749);
#841=VERTEX_POINT('',#2752);
#842=VERTEX_POINT('',#2754);
#843=VERTEX_POINT('',#2758);
#844=VERTEX_POINT('',#2762);
#845=VERTEX_POINT('',#2766);
#846=VERTEX_POINT('',#2770);
#847=VERTEX_POINT('',#2776);
#848=VERTEX_POINT('',#2779);
#849=VERTEX_POINT('',#2781);
#850=VERTEX_POINT('',#2791);
#851=VERTEX_POINT('',#2793);
#852=VERTEX_POINT('',#2795);
#853=VERTEX_POINT('',#2799);
#854=VERTEX_POINT('',#2800);
#855=VERTEX_POINT('',#2803);
#856=EDGE_CURVE('',#692,#693,#270,.T.);
#857=EDGE_CURVE('',#693,#694,#271,.T.);
#858=EDGE_CURVE('',#694,#695,#272,.T.);
#859=EDGE_CURVE('',#692,#695,#273,.T.);
#860=EDGE_CURVE('',#693,#696,#274,.T.);
#861=EDGE_CURVE('',#697,#696,#275,.T.);
#862=EDGE_CURVE('',#694,#697,#276,.T.);
#863=EDGE_CURVE('',#696,#698,#277,.T.);
#864=EDGE_CURVE('',#698,#699,#278,.T.);
#865=EDGE_CURVE('',#699,#697,#279,.T.);
#866=EDGE_CURVE('',#700,#701,#29,.T.);
#867=EDGE_CURVE('',#701,#702,#280,.T.);
#868=EDGE_CURVE('',#702,#703,#30,.T.);
#869=EDGE_CURVE('',#703,#704,#281,.T.);
#870=EDGE_CURVE('',#704,#705,#31,.T.);
#871=EDGE_CURVE('',#705,#700,#282,.T.);
#872=EDGE_CURVE('',#700,#706,#283,.T.);
#873=EDGE_CURVE('',#706,#707,#284,.T.);
#874=EDGE_CURVE('',#707,#708,#285,.T.);
#875=EDGE_CURVE('',#708,#709,#286,.T.);
#876=EDGE_CURVE('',#709,#710,#287,.T.);
#877=EDGE_CURVE('',#710,#711,#288,.T.);
#878=EDGE_CURVE('',#711,#712,#289,.T.);
#879=EDGE_CURVE('',#713,#712,#32,.T.);
#880=EDGE_CURVE('',#713,#701,#290,.T.);
#881=EDGE_CURVE('',#714,#705,#291,.T.);
#882=EDGE_CURVE('',#714,#706,#292,.T.);
#883=EDGE_CURVE('',#704,#715,#293,.T.);
#884=EDGE_CURVE('',#715,#716,#294,.T.);
#885=EDGE_CURVE('',#717,#716,#33,.T.);
#886=EDGE_CURVE('',#717,#718,#295,.T.);
#887=EDGE_CURVE('',#719,#718,#34,.T.);
#888=EDGE_CURVE('',#719,#720,#296,.T.);
#889=EDGE_CURVE('',#720,#721,#297,.T.);
#890=EDGE_CURVE('',#721,#722,#298,.T.);
#891=EDGE_CURVE('',#723,#722,#35,.T.);
#892=EDGE_CURVE('',#723,#724,#299,.T.);
#893=EDGE_CURVE('',#725,#724,#36,.T.);
#894=EDGE_CURVE('',#725,#726,#300,.T.);
#895=EDGE_CURVE('',#726,#727,#301,.T.);
#896=EDGE_CURVE('',#728,#727,#37,.T.);
#897=EDGE_CURVE('',#728,#729,#302,.T.);
#898=EDGE_CURVE('',#730,#729,#38,.T.);
#899=EDGE_CURVE('',#730,#731,#303,.T.);
#900=EDGE_CURVE('',#731,#732,#304,.T.);
#901=EDGE_CURVE('',#733,#732,#39,.T.);
#902=EDGE_CURVE('',#733,#734,#305,.T.);
#903=EDGE_CURVE('',#735,#734,#40,.T.);
#904=EDGE_CURVE('',#735,#736,#306,.T.);
#905=EDGE_CURVE('',#736,#737,#307,.T.);
#906=EDGE_CURVE('',#737,#738,#308,.T.);
#907=EDGE_CURVE('',#739,#738,#41,.T.);
#908=EDGE_CURVE('',#739,#740,#309,.T.);
#909=EDGE_CURVE('',#741,#740,#42,.T.);
#910=EDGE_CURVE('',#741,#742,#310,.T.);
#911=EDGE_CURVE('',#742,#743,#311,.T.);
#912=EDGE_CURVE('',#744,#743,#43,.T.);
#913=EDGE_CURVE('',#744,#745,#312,.T.);
#914=EDGE_CURVE('',#745,#746,#313,.T.);
#915=EDGE_CURVE('',#746,#747,#314,.T.);
#916=EDGE_CURVE('',#747,#695,#315,.T.);
#917=EDGE_CURVE('',#699,#748,#316,.T.);
#918=EDGE_CURVE('',#748,#749,#317,.T.);
#919=EDGE_CURVE('',#749,#714,#318,.T.);
#920=EDGE_CURVE('',#750,#750,#44,.T.);
#921=EDGE_CURVE('',#751,#752,#319,.T.);
#922=EDGE_CURVE('',#752,#753,#320,.T.);
#923=EDGE_CURVE('',#753,#754,#321,.T.);
#924=EDGE_CURVE('',#754,#755,#322,.T.);
#925=EDGE_CURVE('',#755,#756,#323,.T.);
#926=EDGE_CURVE('',#756,#751,#324,.T.);
#927=EDGE_CURVE('',#757,#758,#325,.T.);
#928=EDGE_CURVE('',#758,#759,#326,.T.);
#929=EDGE_CURVE('',#759,#760,#327,.T.);
#930=EDGE_CURVE('',#760,#761,#328,.T.);
#931=EDGE_CURVE('',#761,#762,#329,.T.);
#932=EDGE_CURVE('',#762,#757,#330,.T.);
#933=EDGE_CURVE('',#763,#764,#331,.T.);
#934=EDGE_CURVE('',#764,#765,#332,.T.);
#935=EDGE_CURVE('',#765,#766,#333,.T.);
#936=EDGE_CURVE('',#766,#767,#334,.T.);
#937=EDGE_CURVE('',#767,#768,#335,.T.);
#938=EDGE_CURVE('',#768,#763,#336,.T.);
#939=EDGE_CURVE('',#769,#770,#337,.T.);
#940=EDGE_CURVE('',#770,#771,#338,.T.);
#941=EDGE_CURVE('',#771,#772,#339,.T.);
#942=EDGE_CURVE('',#772,#773,#340,.T.);
#943=EDGE_CURVE('',#773,#774,#341,.T.);
#944=EDGE_CURVE('',#774,#769,#342,.T.);
#945=EDGE_CURVE('',#743,#775,#343,.T.);
#946=EDGE_CURVE('',#775,#776,#45,.T.);
#947=EDGE_CURVE('',#776,#713,#344,.T.);
#948=EDGE_CURVE('',#712,#744,#345,.T.);
#949=EDGE_CURVE('',#777,#776,#346,.T.);
#950=EDGE_CURVE('',#777,#778,#347,.T.);
#951=EDGE_CURVE('',#778,#779,#348,.T.);
#952=EDGE_CURVE('',#779,#780,#349,.T.);
#953=EDGE_CURVE('',#702,#780,#350,.T.);
#954=EDGE_CURVE('',#780,#781,#351,.T.);
#955=EDGE_CURVE('',#782,#781,#352,.T.);
#956=EDGE_CURVE('',#783,#782,#353,.T.);
#957=EDGE_CURVE('',#698,#783,#354,.T.);
#958=EDGE_CURVE('',#784,#692,#355,.T.);
#959=EDGE_CURVE('',#785,#784,#356,.T.);
#960=EDGE_CURVE('',#786,#785,#357,.T.);
#961=EDGE_CURVE('',#786,#777,#358,.T.);
#962=EDGE_CURVE('',#787,#775,#359,.T.);
#963=EDGE_CURVE('',#788,#787,#360,.T.);
#964=EDGE_CURVE('',#789,#788,#46,.T.);
#965=EDGE_CURVE('',#790,#789,#361,.T.);
#966=EDGE_CURVE('',#791,#790,#47,.T.);
#967=EDGE_CURVE('',#792,#791,#362,.T.);
#968=EDGE_CURVE('',#793,#792,#363,.T.);
#969=EDGE_CURVE('',#793,#794,#364,.T.);
#970=EDGE_CURVE('',#795,#794,#48,.T.);
#971=EDGE_CURVE('',#795,#796,#365,.T.);
#972=EDGE_CURVE('',#797,#796,#49,.T.);
#973=EDGE_CURVE('',#797,#798,#366,.T.);
#974=EDGE_CURVE('',#798,#799,#367,.T.);
#975=EDGE_CURVE('',#800,#799,#50,.T.);
#976=EDGE_CURVE('',#801,#800,#368,.T.);
#977=EDGE_CURVE('',#802,#801,#51,.T.);
#978=EDGE_CURVE('',#803,#802,#369,.T.);
#979=EDGE_CURVE('',#804,#803,#370,.T.);
#980=EDGE_CURVE('',#805,#804,#52,.T.);
#981=EDGE_CURVE('',#806,#805,#371,.T.);
#982=EDGE_CURVE('',#807,#806,#53,.T.);
#983=EDGE_CURVE('',#808,#807,#372,.T.);
#984=EDGE_CURVE('',#808,#809,#373,.T.);
#985=EDGE_CURVE('',#809,#810,#374,.T.);
#986=EDGE_CURVE('',#811,#810,#54,.T.);
#987=EDGE_CURVE('',#811,#812,#375,.T.);
#988=EDGE_CURVE('',#813,#812,#55,.T.);
#989=EDGE_CURVE('',#813,#814,#376,.T.);
#990=EDGE_CURVE('',#814,#703,#377,.T.);
#991=EDGE_CURVE('',#815,#815,#56,.T.);
#992=EDGE_CURVE('',#816,#816,#57,.T.);
#993=EDGE_CURVE('',#817,#817,#58,.T.);
#994=EDGE_CURVE('',#818,#818,#59,.T.);
#995=EDGE_CURVE('',#819,#819,#60,.T.);
#996=EDGE_CURVE('',#738,#791,#378,.T.);
#997=EDGE_CURVE('',#790,#739,#379,.T.);
#998=EDGE_CURVE('',#740,#789,#380,.T.);
#999=EDGE_CURVE('',#788,#741,#381,.T.);
#1000=EDGE_CURVE('',#718,#811,#382,.T.);
#1001=EDGE_CURVE('',#810,#719,#383,.T.);
#1002=EDGE_CURVE('',#809,#720,#384,.T.);
#1003=EDGE_CURVE('',#716,#813,#385,.T.);
#1004=EDGE_CURVE('',#812,#717,#386,.T.);
#1005=EDGE_CURVE('',#814,#715,#387,.T.);
#1006=EDGE_CURVE('',#734,#795,#388,.T.);
#1007=EDGE_CURVE('',#794,#735,#389,.T.);
#1008=EDGE_CURVE('',#796,#733,#390,.T.);
#1009=EDGE_CURVE('',#732,#797,#391,.T.);
#1010=EDGE_CURVE('',#722,#807,#392,.T.);
#1011=EDGE_CURVE('',#806,#723,#393,.T.);
#1012=EDGE_CURVE('',#724,#805,#394,.T.);
#1013=EDGE_CURVE('',#804,#725,#395,.T.);
#1014=EDGE_CURVE('',#729,#800,#396,.T.);
#1015=EDGE_CURVE('',#799,#730,#397,.T.);
#1016=EDGE_CURVE('',#798,#731,#398,.T.);
#1017=EDGE_CURVE('',#727,#802,#399,.T.);
#1018=EDGE_CURVE('',#801,#728,#400,.T.);
#1019=EDGE_CURVE('',#803,#726,#401,.T.);
#1020=EDGE_CURVE('',#769,#820,#402,.T.);
#1021=EDGE_CURVE('',#820,#821,#403,.T.);
#1022=EDGE_CURVE('',#770,#821,#404,.T.);
#1023=EDGE_CURVE('',#774,#822,#405,.T.);
#1024=EDGE_CURVE('',#822,#820,#406,.T.);
#1025=EDGE_CURVE('',#773,#823,#407,.T.);
#1026=EDGE_CURVE('',#823,#822,#408,.T.);
#1027=EDGE_CURVE('',#772,#824,#409,.T.);
#1028=EDGE_CURVE('',#824,#823,#410,.T.);
#1029=EDGE_CURVE('',#771,#825,#411,.T.);
#1030=EDGE_CURVE('',#825,#824,#412,.T.);
#1031=EDGE_CURVE('',#821,#825,#413,.T.);
#1032=EDGE_CURVE('',#826,#826,#61,.T.);
#1033=EDGE_CURVE('',#763,#827,#414,.T.);
#1034=EDGE_CURVE('',#827,#828,#415,.T.);
#1035=EDGE_CURVE('',#764,#828,#416,.T.);
#1036=EDGE_CURVE('',#768,#829,#417,.T.);
#1037=EDGE_CURVE('',#829,#827,#418,.T.);
#1038=EDGE_CURVE('',#767,#830,#419,.T.);
#1039=EDGE_CURVE('',#830,#829,#420,.T.);
#1040=EDGE_CURVE('',#766,#831,#421,.T.);
#1041=EDGE_CURVE('',#831,#830,#422,.T.);
#1042=EDGE_CURVE('',#765,#832,#423,.T.);
#1043=EDGE_CURVE('',#832,#831,#424,.T.);
#1044=EDGE_CURVE('',#828,#832,#425,.T.);
#1045=EDGE_CURVE('',#833,#833,#62,.T.);
#1046=EDGE_CURVE('',#757,#834,#426,.T.);
#1047=EDGE_CURVE('',#834,#835,#427,.T.);
#1048=EDGE_CURVE('',#758,#835,#428,.T.);
#1049=EDGE_CURVE('',#762,#836,#429,.T.);
#1050=EDGE_CURVE('',#836,#834,#430,.T.);
#1051=EDGE_CURVE('',#761,#837,#431,.T.);
#1052=EDGE_CURVE('',#837,#836,#432,.T.);
#1053=EDGE_CURVE('',#760,#838,#433,.T.);
#1054=EDGE_CURVE('',#838,#837,#434,.T.);
#1055=EDGE_CURVE('',#759,#839,#435,.T.);
#1056=EDGE_CURVE('',#839,#838,#436,.T.);
#1057=EDGE_CURVE('',#835,#839,#437,.T.);
#1058=EDGE_CURVE('',#840,#840,#63,.T.);
#1059=EDGE_CURVE('',#751,#841,#438,.T.);
#1060=EDGE_CURVE('',#841,#842,#439,.T.);
#1061=EDGE_CURVE('',#752,#842,#440,.T.);
#1062=EDGE_CURVE('',#756,#843,#441,.T.);
#1063=EDGE_CURVE('',#843,#841,#442,.T.);
#1064=EDGE_CURVE('',#755,#844,#443,.T.);
#1065=EDGE_CURVE('',#844,#843,#444,.T.);
#1066=EDGE_CURVE('',#754,#845,#445,.T.);
#1067=EDGE_CURVE('',#845,#844,#446,.T.);
#1068=EDGE_CURVE('',#753,#846,#447,.T.);
#1069=EDGE_CURVE('',#846,#845,#448,.T.);
#1070=EDGE_CURVE('',#842,#846,#449,.T.);
#1071=EDGE_CURVE('',#847,#847,#64,.T.);
#1072=EDGE_CURVE('',#848,#778,#450,.T.);
#1073=EDGE_CURVE('',#849,#848,#451,.T.);
#1074=EDGE_CURVE('',#849,#779,#452,.T.);
#1075=EDGE_CURVE('',#749,#707,#453,.T.);
#1076=EDGE_CURVE('',#745,#711,#454,.T.);
#1077=EDGE_CURVE('',#746,#710,#455,.T.);
#1078=EDGE_CURVE('',#849,#850,#456,.T.);
#1079=EDGE_CURVE('',#850,#851,#457,.T.);
#1080=EDGE_CURVE('',#851,#852,#458,.T.);
#1081=EDGE_CURVE('',#852,#849,#459,.T.);
#1082=EDGE_CURVE('',#853,#854,#460,.T.);
#1083=EDGE_CURVE('',#854,#848,#461,.T.);
#1084=EDGE_CURVE('',#848,#855,#462,.T.);
#1085=EDGE_CURVE('',#855,#853,#463,.T.);
#1086=EDGE_CURVE('',#840,#819,#464,.T.);
#1087=EDGE_CURVE('',#847,#818,#465,.T.);
#1088=EDGE_CURVE('',#826,#817,#466,.T.);
#1089=EDGE_CURVE('',#833,#816,#467,.T.);
#1090=EDGE_CURVE('',#781,#852,#468,.T.);
#1091=EDGE_CURVE('',#782,#851,#469,.T.);
#1092=EDGE_CURVE('',#850,#708,#470,.T.);
#1093=EDGE_CURVE('',#783,#748,#471,.T.);
#1094=EDGE_CURVE('',#784,#747,#472,.T.);
#1095=EDGE_CURVE('',#854,#709,#473,.T.);
#1096=EDGE_CURVE('',#785,#853,#474,.T.);
#1097=EDGE_CURVE('',#786,#855,#475,.T.);
#1098=EDGE_CURVE('',#750,#815,#476,.T.);
#1099=EDGE_CURVE('',#808,#721,#477,.T.);
#1100=EDGE_CURVE('',#787,#742,#478,.T.);
#1101=EDGE_CURVE('',#792,#737,#479,.T.);
#1102=EDGE_CURVE('',#793,#736,#480,.T.);
#1103=ORIENTED_EDGE('',*,*,#856,.T.);
#1104=ORIENTED_EDGE('',*,*,#857,.T.);
#1105=ORIENTED_EDGE('',*,*,#858,.T.);
#1106=ORIENTED_EDGE('',*,*,#859,.F.);
#1107=ORIENTED_EDGE('',*,*,#857,.F.);
#1108=ORIENTED_EDGE('',*,*,#860,.T.);
#1109=ORIENTED_EDGE('',*,*,#861,.F.);
#1110=ORIENTED_EDGE('',*,*,#862,.F.);
#1111=ORIENTED_EDGE('',*,*,#863,.T.);
#1112=ORIENTED_EDGE('',*,*,#864,.T.);
#1113=ORIENTED_EDGE('',*,*,#865,.T.);
#1114=ORIENTED_EDGE('',*,*,#861,.T.);
#1115=ORIENTED_EDGE('',*,*,#866,.T.);
#1116=ORIENTED_EDGE('',*,*,#867,.T.);
#1117=ORIENTED_EDGE('',*,*,#868,.T.);
#1118=ORIENTED_EDGE('',*,*,#869,.T.);
#1119=ORIENTED_EDGE('',*,*,#870,.T.);
#1120=ORIENTED_EDGE('',*,*,#871,.T.);
#1121=ORIENTED_EDGE('',*,*,#866,.F.);
#1122=ORIENTED_EDGE('',*,*,#872,.T.);
#1123=ORIENTED_EDGE('',*,*,#873,.T.);
#1124=ORIENTED_EDGE('',*,*,#874,.T.);
#1125=ORIENTED_EDGE('',*,*,#875,.T.);
#1126=ORIENTED_EDGE('',*,*,#876,.T.);
#1127=ORIENTED_EDGE('',*,*,#877,.T.);
#1128=ORIENTED_EDGE('',*,*,#878,.T.);
#1129=ORIENTED_EDGE('',*,*,#879,.F.);
#1130=ORIENTED_EDGE('',*,*,#880,.T.);
#1131=ORIENTED_EDGE('',*,*,#871,.F.);
#1132=ORIENTED_EDGE('',*,*,#881,.F.);
#1133=ORIENTED_EDGE('',*,*,#882,.T.);
#1134=ORIENTED_EDGE('',*,*,#872,.F.);
#1135=ORIENTED_EDGE('',*,*,#870,.F.);
#1136=ORIENTED_EDGE('',*,*,#883,.T.);
#1137=ORIENTED_EDGE('',*,*,#884,.T.);
#1138=ORIENTED_EDGE('',*,*,#885,.F.);
#1139=ORIENTED_EDGE('',*,*,#886,.T.);
#1140=ORIENTED_EDGE('',*,*,#887,.F.);
#1141=ORIENTED_EDGE('',*,*,#888,.T.);
#1142=ORIENTED_EDGE('',*,*,#889,.T.);
#1143=ORIENTED_EDGE('',*,*,#890,.T.);
#1144=ORIENTED_EDGE('',*,*,#891,.F.);
#1145=ORIENTED_EDGE('',*,*,#892,.T.);
#1146=ORIENTED_EDGE('',*,*,#893,.F.);
#1147=ORIENTED_EDGE('',*,*,#894,.T.);
#1148=ORIENTED_EDGE('',*,*,#895,.T.);
#1149=ORIENTED_EDGE('',*,*,#896,.F.);
#1150=ORIENTED_EDGE('',*,*,#897,.T.);
#1151=ORIENTED_EDGE('',*,*,#898,.F.);
#1152=ORIENTED_EDGE('',*,*,#899,.T.);
#1153=ORIENTED_EDGE('',*,*,#900,.T.);
#1154=ORIENTED_EDGE('',*,*,#901,.F.);
#1155=ORIENTED_EDGE('',*,*,#902,.T.);
#1156=ORIENTED_EDGE('',*,*,#903,.F.);
#1157=ORIENTED_EDGE('',*,*,#904,.T.);
#1158=ORIENTED_EDGE('',*,*,#905,.T.);
#1159=ORIENTED_EDGE('',*,*,#906,.T.);
#1160=ORIENTED_EDGE('',*,*,#907,.F.);
#1161=ORIENTED_EDGE('',*,*,#908,.T.);
#1162=ORIENTED_EDGE('',*,*,#909,.F.);
#1163=ORIENTED_EDGE('',*,*,#910,.T.);
#1164=ORIENTED_EDGE('',*,*,#911,.T.);
#1165=ORIENTED_EDGE('',*,*,#912,.F.);
#1166=ORIENTED_EDGE('',*,*,#913,.T.);
#1167=ORIENTED_EDGE('',*,*,#914,.T.);
#1168=ORIENTED_EDGE('',*,*,#915,.T.);
#1169=ORIENTED_EDGE('',*,*,#916,.T.);
#1170=ORIENTED_EDGE('',*,*,#858,.F.);
#1171=ORIENTED_EDGE('',*,*,#862,.T.);
#1172=ORIENTED_EDGE('',*,*,#865,.F.);
#1173=ORIENTED_EDGE('',*,*,#917,.T.);
#1174=ORIENTED_EDGE('',*,*,#918,.T.);
#1175=ORIENTED_EDGE('',*,*,#919,.T.);
#1176=ORIENTED_EDGE('',*,*,#881,.T.);
#1177=ORIENTED_EDGE('',*,*,#920,.T.);
#1178=ORIENTED_EDGE('',*,*,#921,.T.);
#1179=ORIENTED_EDGE('',*,*,#922,.T.);
#1180=ORIENTED_EDGE('',*,*,#923,.T.);
#1181=ORIENTED_EDGE('',*,*,#924,.T.);
#1182=ORIENTED_EDGE('',*,*,#925,.T.);
#1183=ORIENTED_EDGE('',*,*,#926,.T.);
#1184=ORIENTED_EDGE('',*,*,#927,.T.);
#1185=ORIENTED_EDGE('',*,*,#928,.T.);
#1186=ORIENTED_EDGE('',*,*,#929,.T.);
#1187=ORIENTED_EDGE('',*,*,#930,.T.);
#1188=ORIENTED_EDGE('',*,*,#931,.T.);
#1189=ORIENTED_EDGE('',*,*,#932,.T.);
#1190=ORIENTED_EDGE('',*,*,#933,.T.);
#1191=ORIENTED_EDGE('',*,*,#934,.T.);
#1192=ORIENTED_EDGE('',*,*,#935,.T.);
#1193=ORIENTED_EDGE('',*,*,#936,.T.);
#1194=ORIENTED_EDGE('',*,*,#937,.T.);
#1195=ORIENTED_EDGE('',*,*,#938,.T.);
#1196=ORIENTED_EDGE('',*,*,#939,.T.);
#1197=ORIENTED_EDGE('',*,*,#940,.T.);
#1198=ORIENTED_EDGE('',*,*,#941,.T.);
#1199=ORIENTED_EDGE('',*,*,#942,.T.);
#1200=ORIENTED_EDGE('',*,*,#943,.T.);
#1201=ORIENTED_EDGE('',*,*,#944,.T.);
#1202=ORIENTED_EDGE('',*,*,#912,.T.);
#1203=ORIENTED_EDGE('',*,*,#945,.T.);
#1204=ORIENTED_EDGE('',*,*,#946,.T.);
#1205=ORIENTED_EDGE('',*,*,#947,.T.);
#1206=ORIENTED_EDGE('',*,*,#879,.T.);
#1207=ORIENTED_EDGE('',*,*,#948,.T.);
#1208=ORIENTED_EDGE('',*,*,#867,.F.);
#1209=ORIENTED_EDGE('',*,*,#880,.F.);
#1210=ORIENTED_EDGE('',*,*,#947,.F.);
#1211=ORIENTED_EDGE('',*,*,#949,.F.);
#1212=ORIENTED_EDGE('',*,*,#950,.T.);
#1213=ORIENTED_EDGE('',*,*,#951,.T.);
#1214=ORIENTED_EDGE('',*,*,#952,.T.);
#1215=ORIENTED_EDGE('',*,*,#953,.F.);
#1216=ORIENTED_EDGE('',*,*,#868,.F.);
#1217=ORIENTED_EDGE('',*,*,#953,.T.);
#1218=ORIENTED_EDGE('',*,*,#954,.T.);
#1219=ORIENTED_EDGE('',*,*,#955,.F.);
#1220=ORIENTED_EDGE('',*,*,#956,.F.);
#1221=ORIENTED_EDGE('',*,*,#957,.F.);
#1222=ORIENTED_EDGE('',*,*,#863,.F.);
#1223=ORIENTED_EDGE('',*,*,#860,.F.);
#1224=ORIENTED_EDGE('',*,*,#856,.F.);
#1225=ORIENTED_EDGE('',*,*,#958,.F.);
#1226=ORIENTED_EDGE('',*,*,#959,.F.);
#1227=ORIENTED_EDGE('',*,*,#960,.F.);
#1228=ORIENTED_EDGE('',*,*,#961,.T.);
#1229=ORIENTED_EDGE('',*,*,#949,.T.);
#1230=ORIENTED_EDGE('',*,*,#946,.F.);
#1231=ORIENTED_EDGE('',*,*,#962,.F.);
#1232=ORIENTED_EDGE('',*,*,#963,.F.);
#1233=ORIENTED_EDGE('',*,*,#964,.F.);
#1234=ORIENTED_EDGE('',*,*,#965,.F.);
#1235=ORIENTED_EDGE('',*,*,#966,.F.);
#1236=ORIENTED_EDGE('',*,*,#967,.F.);
#1237=ORIENTED_EDGE('',*,*,#968,.F.);
#1238=ORIENTED_EDGE('',*,*,#969,.T.);
#1239=ORIENTED_EDGE('',*,*,#970,.F.);
#1240=ORIENTED_EDGE('',*,*,#971,.T.);
#1241=ORIENTED_EDGE('',*,*,#972,.F.);
#1242=ORIENTED_EDGE('',*,*,#973,.T.);
#1243=ORIENTED_EDGE('',*,*,#974,.T.);
#1244=ORIENTED_EDGE('',*,*,#975,.F.);
#1245=ORIENTED_EDGE('',*,*,#976,.F.);
#1246=ORIENTED_EDGE('',*,*,#977,.F.);
#1247=ORIENTED_EDGE('',*,*,#978,.F.);
#1248=ORIENTED_EDGE('',*,*,#979,.F.);
#1249=ORIENTED_EDGE('',*,*,#980,.F.);
#1250=ORIENTED_EDGE('',*,*,#981,.F.);
#1251=ORIENTED_EDGE('',*,*,#982,.F.);
#1252=ORIENTED_EDGE('',*,*,#983,.F.);
#1253=ORIENTED_EDGE('',*,*,#984,.T.);
#1254=ORIENTED_EDGE('',*,*,#985,.T.);
#1255=ORIENTED_EDGE('',*,*,#986,.F.);
#1256=ORIENTED_EDGE('',*,*,#987,.T.);
#1257=ORIENTED_EDGE('',*,*,#988,.F.);
#1258=ORIENTED_EDGE('',*,*,#989,.T.);
#1259=ORIENTED_EDGE('',*,*,#990,.T.);
#1260=ORIENTED_EDGE('',*,*,#991,.F.);
#1261=ORIENTED_EDGE('',*,*,#992,.F.);
#1262=ORIENTED_EDGE('',*,*,#993,.F.);
#1263=ORIENTED_EDGE('',*,*,#994,.F.);
#1264=ORIENTED_EDGE('',*,*,#995,.F.);
#1265=ORIENTED_EDGE('',*,*,#907,.T.);
#1266=ORIENTED_EDGE('',*,*,#996,.T.);
#1267=ORIENTED_EDGE('',*,*,#966,.T.);
#1268=ORIENTED_EDGE('',*,*,#997,.T.);
#1269=ORIENTED_EDGE('',*,*,#997,.F.);
#1270=ORIENTED_EDGE('',*,*,#965,.T.);
#1271=ORIENTED_EDGE('',*,*,#998,.F.);
#1272=ORIENTED_EDGE('',*,*,#908,.F.);
#1273=ORIENTED_EDGE('',*,*,#909,.T.);
#1274=ORIENTED_EDGE('',*,*,#998,.T.);
#1275=ORIENTED_EDGE('',*,*,#964,.T.);
#1276=ORIENTED_EDGE('',*,*,#999,.T.);
#1277=ORIENTED_EDGE('',*,*,#887,.T.);
#1278=ORIENTED_EDGE('',*,*,#1000,.T.);
#1279=ORIENTED_EDGE('',*,*,#986,.T.);
#1280=ORIENTED_EDGE('',*,*,#1001,.T.);
#1281=ORIENTED_EDGE('',*,*,#1001,.F.);
#1282=ORIENTED_EDGE('',*,*,#985,.F.);
#1283=ORIENTED_EDGE('',*,*,#1002,.T.);
#1284=ORIENTED_EDGE('',*,*,#888,.F.);
#1285=ORIENTED_EDGE('',*,*,#885,.T.);
#1286=ORIENTED_EDGE('',*,*,#1003,.T.);
#1287=ORIENTED_EDGE('',*,*,#988,.T.);
#1288=ORIENTED_EDGE('',*,*,#1004,.T.);
#1289=ORIENTED_EDGE('',*,*,#1003,.F.);
#1290=ORIENTED_EDGE('',*,*,#884,.F.);
#1291=ORIENTED_EDGE('',*,*,#1005,.F.);
#1292=ORIENTED_EDGE('',*,*,#989,.F.);
#1293=ORIENTED_EDGE('',*,*,#903,.T.);
#1294=ORIENTED_EDGE('',*,*,#1006,.T.);
#1295=ORIENTED_EDGE('',*,*,#970,.T.);
#1296=ORIENTED_EDGE('',*,*,#1007,.T.);
#1297=ORIENTED_EDGE('',*,*,#1006,.F.);
#1298=ORIENTED_EDGE('',*,*,#902,.F.);
#1299=ORIENTED_EDGE('',*,*,#1008,.F.);
#1300=ORIENTED_EDGE('',*,*,#971,.F.);
#1301=ORIENTED_EDGE('',*,*,#901,.T.);
#1302=ORIENTED_EDGE('',*,*,#1009,.T.);
#1303=ORIENTED_EDGE('',*,*,#972,.T.);
#1304=ORIENTED_EDGE('',*,*,#1008,.T.);
#1305=ORIENTED_EDGE('',*,*,#891,.T.);
#1306=ORIENTED_EDGE('',*,*,#1010,.T.);
#1307=ORIENTED_EDGE('',*,*,#982,.T.);
#1308=ORIENTED_EDGE('',*,*,#1011,.T.);
#1309=ORIENTED_EDGE('',*,*,#1011,.F.);
#1310=ORIENTED_EDGE('',*,*,#981,.T.);
#1311=ORIENTED_EDGE('',*,*,#1012,.F.);
#1312=ORIENTED_EDGE('',*,*,#892,.F.);
#1313=ORIENTED_EDGE('',*,*,#893,.T.);
#1314=ORIENTED_EDGE('',*,*,#1012,.T.);
#1315=ORIENTED_EDGE('',*,*,#980,.T.);
#1316=ORIENTED_EDGE('',*,*,#1013,.T.);
#1317=ORIENTED_EDGE('',*,*,#898,.T.);
#1318=ORIENTED_EDGE('',*,*,#1014,.T.);
#1319=ORIENTED_EDGE('',*,*,#975,.T.);
#1320=ORIENTED_EDGE('',*,*,#1015,.T.);
#1321=ORIENTED_EDGE('',*,*,#1015,.F.);
#1322=ORIENTED_EDGE('',*,*,#974,.F.);
#1323=ORIENTED_EDGE('',*,*,#1016,.T.);
#1324=ORIENTED_EDGE('',*,*,#899,.F.);
#1325=ORIENTED_EDGE('',*,*,#896,.T.);
#1326=ORIENTED_EDGE('',*,*,#1017,.T.);
#1327=ORIENTED_EDGE('',*,*,#977,.T.);
#1328=ORIENTED_EDGE('',*,*,#1018,.T.);
#1329=ORIENTED_EDGE('',*,*,#1017,.F.);
#1330=ORIENTED_EDGE('',*,*,#895,.F.);
#1331=ORIENTED_EDGE('',*,*,#1019,.F.);
#1332=ORIENTED_EDGE('',*,*,#978,.T.);
#1333=ORIENTED_EDGE('',*,*,#939,.F.);
#1334=ORIENTED_EDGE('',*,*,#1020,.T.);
#1335=ORIENTED_EDGE('',*,*,#1021,.T.);
#1336=ORIENTED_EDGE('',*,*,#1022,.F.);
#1337=ORIENTED_EDGE('',*,*,#944,.F.);
#1338=ORIENTED_EDGE('',*,*,#1023,.T.);
#1339=ORIENTED_EDGE('',*,*,#1024,.T.);
#1340=ORIENTED_EDGE('',*,*,#1020,.F.);
#1341=ORIENTED_EDGE('',*,*,#943,.F.);
#1342=ORIENTED_EDGE('',*,*,#1025,.T.);
#1343=ORIENTED_EDGE('',*,*,#1026,.T.);
#1344=ORIENTED_EDGE('',*,*,#1023,.F.);
#1345=ORIENTED_EDGE('',*,*,#942,.F.);
#1346=ORIENTED_EDGE('',*,*,#1027,.T.);
#1347=ORIENTED_EDGE('',*,*,#1028,.T.);
#1348=ORIENTED_EDGE('',*,*,#1025,.F.);
#1349=ORIENTED_EDGE('',*,*,#941,.F.);
#1350=ORIENTED_EDGE('',*,*,#1029,.T.);
#1351=ORIENTED_EDGE('',*,*,#1030,.T.);
#1352=ORIENTED_EDGE('',*,*,#1027,.F.);
#1353=ORIENTED_EDGE('',*,*,#940,.F.);
#1354=ORIENTED_EDGE('',*,*,#1022,.T.);
#1355=ORIENTED_EDGE('',*,*,#1031,.T.);
#1356=ORIENTED_EDGE('',*,*,#1029,.F.);
#1357=ORIENTED_EDGE('',*,*,#1031,.F.);
#1358=ORIENTED_EDGE('',*,*,#1021,.F.);
#1359=ORIENTED_EDGE('',*,*,#1024,.F.);
#1360=ORIENTED_EDGE('',*,*,#1026,.F.);
#1361=ORIENTED_EDGE('',*,*,#1028,.F.);
#1362=ORIENTED_EDGE('',*,*,#1030,.F.);
#1363=ORIENTED_EDGE('',*,*,#1032,.F.);
#1364=ORIENTED_EDGE('',*,*,#933,.F.);
#1365=ORIENTED_EDGE('',*,*,#1033,.T.);
#1366=ORIENTED_EDGE('',*,*,#1034,.T.);
#1367=ORIENTED_EDGE('',*,*,#1035,.F.);
#1368=ORIENTED_EDGE('',*,*,#938,.F.);
#1369=ORIENTED_EDGE('',*,*,#1036,.T.);
#1370=ORIENTED_EDGE('',*,*,#1037,.T.);
#1371=ORIENTED_EDGE('',*,*,#1033,.F.);
#1372=ORIENTED_EDGE('',*,*,#937,.F.);
#1373=ORIENTED_EDGE('',*,*,#1038,.T.);
#1374=ORIENTED_EDGE('',*,*,#1039,.T.);
#1375=ORIENTED_EDGE('',*,*,#1036,.F.);
#1376=ORIENTED_EDGE('',*,*,#936,.F.);
#1377=ORIENTED_EDGE('',*,*,#1040,.T.);
#1378=ORIENTED_EDGE('',*,*,#1041,.T.);
#1379=ORIENTED_EDGE('',*,*,#1038,.F.);
#1380=ORIENTED_EDGE('',*,*,#935,.F.);
#1381=ORIENTED_EDGE('',*,*,#1042,.T.);
#1382=ORIENTED_EDGE('',*,*,#1043,.T.);
#1383=ORIENTED_EDGE('',*,*,#1040,.F.);
#1384=ORIENTED_EDGE('',*,*,#934,.F.);
#1385=ORIENTED_EDGE('',*,*,#1035,.T.);
#1386=ORIENTED_EDGE('',*,*,#1044,.T.);
#1387=ORIENTED_EDGE('',*,*,#1042,.F.);
#1388=ORIENTED_EDGE('',*,*,#1044,.F.);
#1389=ORIENTED_EDGE('',*,*,#1034,.F.);
#1390=ORIENTED_EDGE('',*,*,#1037,.F.);
#1391=ORIENTED_EDGE('',*,*,#1039,.F.);
#1392=ORIENTED_EDGE('',*,*,#1041,.F.);
#1393=ORIENTED_EDGE('',*,*,#1043,.F.);
#1394=ORIENTED_EDGE('',*,*,#1045,.F.);
#1395=ORIENTED_EDGE('',*,*,#927,.F.);
#1396=ORIENTED_EDGE('',*,*,#1046,.T.);
#1397=ORIENTED_EDGE('',*,*,#1047,.T.);
#1398=ORIENTED_EDGE('',*,*,#1048,.F.);
#1399=ORIENTED_EDGE('',*,*,#932,.F.);
#1400=ORIENTED_EDGE('',*,*,#1049,.T.);
#1401=ORIENTED_EDGE('',*,*,#1050,.T.);
#1402=ORIENTED_EDGE('',*,*,#1046,.F.);
#1403=ORIENTED_EDGE('',*,*,#931,.F.);
#1404=ORIENTED_EDGE('',*,*,#1051,.T.);
#1405=ORIENTED_EDGE('',*,*,#1052,.T.);
#1406=ORIENTED_EDGE('',*,*,#1049,.F.);
#1407=ORIENTED_EDGE('',*,*,#930,.F.);
#1408=ORIENTED_EDGE('',*,*,#1053,.T.);
#1409=ORIENTED_EDGE('',*,*,#1054,.T.);
#1410=ORIENTED_EDGE('',*,*,#1051,.F.);
#1411=ORIENTED_EDGE('',*,*,#929,.F.);
#1412=ORIENTED_EDGE('',*,*,#1055,.T.);
#1413=ORIENTED_EDGE('',*,*,#1056,.T.);
#1414=ORIENTED_EDGE('',*,*,#1053,.F.);
#1415=ORIENTED_EDGE('',*,*,#928,.F.);
#1416=ORIENTED_EDGE('',*,*,#1048,.T.);
#1417=ORIENTED_EDGE('',*,*,#1057,.T.);
#1418=ORIENTED_EDGE('',*,*,#1055,.F.);
#1419=ORIENTED_EDGE('',*,*,#1057,.F.);
#1420=ORIENTED_EDGE('',*,*,#1047,.F.);
#1421=ORIENTED_EDGE('',*,*,#1050,.F.);
#1422=ORIENTED_EDGE('',*,*,#1052,.F.);
#1423=ORIENTED_EDGE('',*,*,#1054,.F.);
#1424=ORIENTED_EDGE('',*,*,#1056,.F.);
#1425=ORIENTED_EDGE('',*,*,#1058,.F.);
#1426=ORIENTED_EDGE('',*,*,#921,.F.);
#1427=ORIENTED_EDGE('',*,*,#1059,.T.);
#1428=ORIENTED_EDGE('',*,*,#1060,.T.);
#1429=ORIENTED_EDGE('',*,*,#1061,.F.);
#1430=ORIENTED_EDGE('',*,*,#926,.F.);
#1431=ORIENTED_EDGE('',*,*,#1062,.T.);
#1432=ORIENTED_EDGE('',*,*,#1063,.T.);
#1433=ORIENTED_EDGE('',*,*,#1059,.F.);
#1434=ORIENTED_EDGE('',*,*,#925,.F.);
#1435=ORIENTED_EDGE('',*,*,#1064,.T.);
#1436=ORIENTED_EDGE('',*,*,#1065,.T.);
#1437=ORIENTED_EDGE('',*,*,#1062,.F.);
#1438=ORIENTED_EDGE('',*,*,#924,.F.);
#1439=ORIENTED_EDGE('',*,*,#1066,.T.);
#1440=ORIENTED_EDGE('',*,*,#1067,.T.);
#1441=ORIENTED_EDGE('',*,*,#1064,.F.);
#1442=ORIENTED_EDGE('',*,*,#923,.F.);
#1443=ORIENTED_EDGE('',*,*,#1068,.T.);
#1444=ORIENTED_EDGE('',*,*,#1069,.T.);
#1445=ORIENTED_EDGE('',*,*,#1066,.F.);
#1446=ORIENTED_EDGE('',*,*,#922,.F.);
#1447=ORIENTED_EDGE('',*,*,#1061,.T.);
#1448=ORIENTED_EDGE('',*,*,#1070,.T.);
#1449=ORIENTED_EDGE('',*,*,#1068,.F.);
#1450=ORIENTED_EDGE('',*,*,#1070,.F.);
#1451=ORIENTED_EDGE('',*,*,#1060,.F.);
#1452=ORIENTED_EDGE('',*,*,#1063,.F.);
#1453=ORIENTED_EDGE('',*,*,#1065,.F.);
#1454=ORIENTED_EDGE('',*,*,#1067,.F.);
#1455=ORIENTED_EDGE('',*,*,#1069,.F.);
#1456=ORIENTED_EDGE('',*,*,#1071,.F.);
#1457=ORIENTED_EDGE('',*,*,#951,.F.);
#1458=ORIENTED_EDGE('',*,*,#1072,.F.);
#1459=ORIENTED_EDGE('',*,*,#1073,.F.);
#1460=ORIENTED_EDGE('',*,*,#1074,.T.);
#1461=ORIENTED_EDGE('',*,*,#919,.F.);
#1462=ORIENTED_EDGE('',*,*,#1075,.T.);
#1463=ORIENTED_EDGE('',*,*,#873,.F.);
#1464=ORIENTED_EDGE('',*,*,#882,.F.);
#1465=ORIENTED_EDGE('',*,*,#948,.F.);
#1466=ORIENTED_EDGE('',*,*,#878,.F.);
#1467=ORIENTED_EDGE('',*,*,#1076,.F.);
#1468=ORIENTED_EDGE('',*,*,#913,.F.);
#1469=ORIENTED_EDGE('',*,*,#914,.F.);
#1470=ORIENTED_EDGE('',*,*,#1076,.T.);
#1471=ORIENTED_EDGE('',*,*,#877,.F.);
#1472=ORIENTED_EDGE('',*,*,#1077,.F.);
#1473=ORIENTED_EDGE('',*,*,#1078,.T.);
#1474=ORIENTED_EDGE('',*,*,#1079,.T.);
#1475=ORIENTED_EDGE('',*,*,#1080,.T.);
#1476=ORIENTED_EDGE('',*,*,#1081,.T.);
#1477=ORIENTED_EDGE('',*,*,#1082,.T.);
#1478=ORIENTED_EDGE('',*,*,#1083,.T.);
#1479=ORIENTED_EDGE('',*,*,#1084,.T.);
#1480=ORIENTED_EDGE('',*,*,#1085,.T.);
#1481=ORIENTED_EDGE('',*,*,#1058,.T.);
#1482=ORIENTED_EDGE('',*,*,#1086,.T.);
#1483=ORIENTED_EDGE('',*,*,#995,.T.);
#1484=ORIENTED_EDGE('',*,*,#1086,.F.);
#1485=ORIENTED_EDGE('',*,*,#1071,.T.);
#1486=ORIENTED_EDGE('',*,*,#1087,.T.);
#1487=ORIENTED_EDGE('',*,*,#994,.T.);
#1488=ORIENTED_EDGE('',*,*,#1087,.F.);
#1489=ORIENTED_EDGE('',*,*,#1032,.T.);
#1490=ORIENTED_EDGE('',*,*,#1088,.T.);
#1491=ORIENTED_EDGE('',*,*,#993,.T.);
#1492=ORIENTED_EDGE('',*,*,#1088,.F.);
#1493=ORIENTED_EDGE('',*,*,#1045,.T.);
#1494=ORIENTED_EDGE('',*,*,#1089,.T.);
#1495=ORIENTED_EDGE('',*,*,#992,.T.);
#1496=ORIENTED_EDGE('',*,*,#1089,.F.);
#1497=ORIENTED_EDGE('',*,*,#954,.F.);
#1498=ORIENTED_EDGE('',*,*,#952,.F.);
#1499=ORIENTED_EDGE('',*,*,#1074,.F.);
#1500=ORIENTED_EDGE('',*,*,#1081,.F.);
#1501=ORIENTED_EDGE('',*,*,#1090,.F.);
#1502=ORIENTED_EDGE('',*,*,#955,.T.);
#1503=ORIENTED_EDGE('',*,*,#1090,.T.);
#1504=ORIENTED_EDGE('',*,*,#1080,.F.);
#1505=ORIENTED_EDGE('',*,*,#1091,.F.);
#1506=ORIENTED_EDGE('',*,*,#956,.T.);
#1507=ORIENTED_EDGE('',*,*,#1091,.T.);
#1508=ORIENTED_EDGE('',*,*,#1079,.F.);
#1509=ORIENTED_EDGE('',*,*,#1092,.T.);
#1510=ORIENTED_EDGE('',*,*,#874,.F.);
#1511=ORIENTED_EDGE('',*,*,#1075,.F.);
#1512=ORIENTED_EDGE('',*,*,#918,.F.);
#1513=ORIENTED_EDGE('',*,*,#1093,.F.);
#1514=ORIENTED_EDGE('',*,*,#957,.T.);
#1515=ORIENTED_EDGE('',*,*,#1093,.T.);
#1516=ORIENTED_EDGE('',*,*,#917,.F.);
#1517=ORIENTED_EDGE('',*,*,#864,.F.);
#1518=ORIENTED_EDGE('',*,*,#958,.T.);
#1519=ORIENTED_EDGE('',*,*,#859,.T.);
#1520=ORIENTED_EDGE('',*,*,#916,.F.);
#1521=ORIENTED_EDGE('',*,*,#1094,.F.);
#1522=ORIENTED_EDGE('',*,*,#959,.T.);
#1523=ORIENTED_EDGE('',*,*,#1094,.T.);
#1524=ORIENTED_EDGE('',*,*,#915,.F.);
#1525=ORIENTED_EDGE('',*,*,#1077,.T.);
#1526=ORIENTED_EDGE('',*,*,#876,.F.);
#1527=ORIENTED_EDGE('',*,*,#1095,.F.);
#1528=ORIENTED_EDGE('',*,*,#1082,.F.);
#1529=ORIENTED_EDGE('',*,*,#1096,.F.);
#1530=ORIENTED_EDGE('',*,*,#960,.T.);
#1531=ORIENTED_EDGE('',*,*,#1096,.T.);
#1532=ORIENTED_EDGE('',*,*,#1085,.F.);
#1533=ORIENTED_EDGE('',*,*,#1097,.F.);
#1534=ORIENTED_EDGE('',*,*,#961,.F.);
#1535=ORIENTED_EDGE('',*,*,#1097,.T.);
#1536=ORIENTED_EDGE('',*,*,#1084,.F.);
#1537=ORIENTED_EDGE('',*,*,#1072,.T.);
#1538=ORIENTED_EDGE('',*,*,#950,.F.);
#1539=ORIENTED_EDGE('',*,*,#1073,.T.);
#1540=ORIENTED_EDGE('',*,*,#1083,.F.);
#1541=ORIENTED_EDGE('',*,*,#1095,.T.);
#1542=ORIENTED_EDGE('',*,*,#875,.F.);
#1543=ORIENTED_EDGE('',*,*,#1092,.F.);
#1544=ORIENTED_EDGE('',*,*,#1078,.F.);
#1545=ORIENTED_EDGE('',*,*,#920,.F.);
#1546=ORIENTED_EDGE('',*,*,#1098,.T.);
#1547=ORIENTED_EDGE('',*,*,#991,.T.);
#1548=ORIENTED_EDGE('',*,*,#1098,.F.);
#1549=ORIENTED_EDGE('',*,*,#984,.F.);
#1550=ORIENTED_EDGE('',*,*,#1099,.T.);
#1551=ORIENTED_EDGE('',*,*,#889,.F.);
#1552=ORIENTED_EDGE('',*,*,#1002,.F.);
#1553=ORIENTED_EDGE('',*,*,#1000,.F.);
#1554=ORIENTED_EDGE('',*,*,#886,.F.);
#1555=ORIENTED_EDGE('',*,*,#1004,.F.);
#1556=ORIENTED_EDGE('',*,*,#987,.F.);
#1557=ORIENTED_EDGE('',*,*,#869,.F.);
#1558=ORIENTED_EDGE('',*,*,#990,.F.);
#1559=ORIENTED_EDGE('',*,*,#1005,.T.);
#1560=ORIENTED_EDGE('',*,*,#883,.F.);
#1561=ORIENTED_EDGE('',*,*,#945,.F.);
#1562=ORIENTED_EDGE('',*,*,#911,.F.);
#1563=ORIENTED_EDGE('',*,*,#1100,.F.);
#1564=ORIENTED_EDGE('',*,*,#962,.T.);
#1565=ORIENTED_EDGE('',*,*,#999,.F.);
#1566=ORIENTED_EDGE('',*,*,#963,.T.);
#1567=ORIENTED_EDGE('',*,*,#1100,.T.);
#1568=ORIENTED_EDGE('',*,*,#910,.F.);
#1569=ORIENTED_EDGE('',*,*,#996,.F.);
#1570=ORIENTED_EDGE('',*,*,#906,.F.);
#1571=ORIENTED_EDGE('',*,*,#1101,.F.);
#1572=ORIENTED_EDGE('',*,*,#967,.T.);
#1573=ORIENTED_EDGE('',*,*,#968,.T.);
#1574=ORIENTED_EDGE('',*,*,#1101,.T.);
#1575=ORIENTED_EDGE('',*,*,#905,.F.);
#1576=ORIENTED_EDGE('',*,*,#1102,.F.);
#1577=ORIENTED_EDGE('',*,*,#1007,.F.);
#1578=ORIENTED_EDGE('',*,*,#969,.F.);
#1579=ORIENTED_EDGE('',*,*,#1102,.T.);
#1580=ORIENTED_EDGE('',*,*,#904,.F.);
#1581=ORIENTED_EDGE('',*,*,#1009,.F.);
#1582=ORIENTED_EDGE('',*,*,#900,.F.);
#1583=ORIENTED_EDGE('',*,*,#1016,.F.);
#1584=ORIENTED_EDGE('',*,*,#973,.F.);
#1585=ORIENTED_EDGE('',*,*,#1014,.F.);
#1586=ORIENTED_EDGE('',*,*,#897,.F.);
#1587=ORIENTED_EDGE('',*,*,#1018,.F.);
#1588=ORIENTED_EDGE('',*,*,#976,.T.);
#1589=ORIENTED_EDGE('',*,*,#1013,.F.);
#1590=ORIENTED_EDGE('',*,*,#979,.T.);
#1591=ORIENTED_EDGE('',*,*,#1019,.T.);
#1592=ORIENTED_EDGE('',*,*,#894,.F.);
#1593=ORIENTED_EDGE('',*,*,#1010,.F.);
#1594=ORIENTED_EDGE('',*,*,#890,.F.);
#1595=ORIENTED_EDGE('',*,*,#1099,.F.);
#1596=ORIENTED_EDGE('',*,*,#983,.T.);
#1597=PLANE('',#1768);
#1598=PLANE('',#1769);
#1599=PLANE('',#1770);
#1600=PLANE('',#1775);
#1601=PLANE('',#1777);
#1602=PLANE('',#1778);
#1603=PLANE('',#1793);
#1604=PLANE('',#1794);
#1605=PLANE('',#1811);
#1606=PLANE('',#1814);
#1607=PLANE('',#1816);
#1608=PLANE('',#1818);
#1609=PLANE('',#1821);
#1610=PLANE('',#1824);
#1611=PLANE('',#1826);
#1612=PLANE('',#1827);
#1613=PLANE('',#1828);
#1614=PLANE('',#1829);
#1615=PLANE('',#1830);
#1616=PLANE('',#1831);
#1617=PLANE('',#1832);
#1618=PLANE('',#1833);
#1619=PLANE('',#1835);
#1620=PLANE('',#1836);
#1621=PLANE('',#1837);
#1622=PLANE('',#1838);
#1623=PLANE('',#1839);
#1624=PLANE('',#1840);
#1625=PLANE('',#1841);
#1626=PLANE('',#1843);
#1627=PLANE('',#1844);
#1628=PLANE('',#1845);
#1629=PLANE('',#1846);
#1630=PLANE('',#1847);
#1631=PLANE('',#1848);
#1632=PLANE('',#1849);
#1633=PLANE('',#1851);
#1634=PLANE('',#1852);
#1635=PLANE('',#1853);
#1636=PLANE('',#1854);
#1637=PLANE('',#1855);
#1638=PLANE('',#1856);
#1639=PLANE('',#1857);
#1640=PLANE('',#1859);
#1641=PLANE('',#1860);
#1642=PLANE('',#1861);
#1643=PLANE('',#1862);
#1644=PLANE('',#1863);
#1645=PLANE('',#1864);
#1646=PLANE('',#1869);
#1647=PLANE('',#1870);
#1648=PLANE('',#1871);
#1649=PLANE('',#1872);
#1650=PLANE('',#1873);
#1651=PLANE('',#1874);
#1652=PLANE('',#1875);
#1653=PLANE('',#1876);
#1654=PLANE('',#1877);
#1655=PLANE('',#1879);
#1656=PLANE('',#1880);
#1657=PLANE('',#1881);
#1658=PLANE('',#1882);
#1659=PLANE('',#1883);
#1660=PLANE('',#1884);
#1661=PLANE('',#1885);
#1662=PLANE('',#1886);
#1663=PLANE('',#1887);
#1664=PLANE('',#1888);
#1665=PLANE('',#1889);
#1666=PLANE('',#1890);
#1667=ADVANCED_FACE('',(#82),#1597,.T.);
#1668=ADVANCED_FACE('',(#83),#1598,.T.);
#1669=ADVANCED_FACE('',(#84),#1599,.T.);
#1670=ADVANCED_FACE('',(#85),#65,.T.);
#1671=ADVANCED_FACE('',(#86),#1600,.T.);
#1672=ADVANCED_FACE('',(#87),#1601,.T.);
#1673=ADVANCED_FACE('',(#88,#15,#16,#17,#18,#19),#1602,.T.);
#1674=ADVANCED_FACE('',(#89),#66,.T.);
#1675=ADVANCED_FACE('',(#90),#1603,.T.);
#1676=ADVANCED_FACE('',(#91,#20,#21,#22,#23,#24),#1604,.F.);
#1677=ADVANCED_FACE('',(#92),#67,.T.);
#1678=ADVANCED_FACE('',(#93),#1605,.T.);
#1679=ADVANCED_FACE('',(#94),#68,.T.);
#1680=ADVANCED_FACE('',(#95),#69,.T.);
#1681=ADVANCED_FACE('',(#96),#1606,.T.);
#1682=ADVANCED_FACE('',(#97),#70,.T.);
#1683=ADVANCED_FACE('',(#98),#1607,.T.);
#1684=ADVANCED_FACE('',(#99),#71,.T.);
#1685=ADVANCED_FACE('',(#100),#1608,.T.);
#1686=ADVANCED_FACE('',(#101),#72,.T.);
#1687=ADVANCED_FACE('',(#102),#73,.T.);
#1688=ADVANCED_FACE('',(#103),#1609,.T.);
#1689=ADVANCED_FACE('',(#104),#74,.T.);
#1690=ADVANCED_FACE('',(#105),#75,.T.);
#1691=ADVANCED_FACE('',(#106),#1610,.T.);
#1692=ADVANCED_FACE('',(#107),#76,.T.);
#1693=ADVANCED_FACE('',(#108),#1611,.T.);
#1694=ADVANCED_FACE('',(#109),#1612,.F.);
#1695=ADVANCED_FACE('',(#110),#1613,.F.);
#1696=ADVANCED_FACE('',(#111),#1614,.F.);
#1697=ADVANCED_FACE('',(#112),#1615,.F.);
#1698=ADVANCED_FACE('',(#113),#1616,.F.);
#1699=ADVANCED_FACE('',(#114),#1617,.F.);
#1700=ADVANCED_FACE('',(#115,#25),#1618,.F.);
#1701=ADVANCED_FACE('',(#116),#1619,.F.);
#1702=ADVANCED_FACE('',(#117),#1620,.F.);
#1703=ADVANCED_FACE('',(#118),#1621,.F.);
#1704=ADVANCED_FACE('',(#119),#1622,.F.);
#1705=ADVANCED_FACE('',(#120),#1623,.F.);
#1706=ADVANCED_FACE('',(#121),#1624,.F.);
#1707=ADVANCED_FACE('',(#122,#26),#1625,.T.);
#1708=ADVANCED_FACE('',(#123),#1626,.F.);
#1709=ADVANCED_FACE('',(#124),#1627,.F.);
#1710=ADVANCED_FACE('',(#125),#1628,.F.);
#1711=ADVANCED_FACE('',(#126),#1629,.F.);
#1712=ADVANCED_FACE('',(#127),#1630,.F.);
#1713=ADVANCED_FACE('',(#128),#1631,.F.);
#1714=ADVANCED_FACE('',(#129,#27),#1632,.F.);
#1715=ADVANCED_FACE('',(#130),#1633,.F.);
#1716=ADVANCED_FACE('',(#131),#1634,.F.);
#1717=ADVANCED_FACE('',(#132),#1635,.F.);
#1718=ADVANCED_FACE('',(#133),#1636,.F.);
#1719=ADVANCED_FACE('',(#134),#1637,.F.);
#1720=ADVANCED_FACE('',(#135),#1638,.F.);
#1721=ADVANCED_FACE('',(#136,#28),#1639,.T.);
#1722=ADVANCED_FACE('',(#137),#1640,.F.);
#1723=ADVANCED_FACE('',(#138),#1641,.T.);
#1724=ADVANCED_FACE('',(#139),#1642,.T.);
#1725=ADVANCED_FACE('',(#140),#1643,.T.);
#1726=ADVANCED_FACE('',(#141),#1644,.T.);
#1727=ADVANCED_FACE('',(#142),#1645,.T.);
#1728=ADVANCED_FACE('',(#143),#77,.F.);
#1729=ADVANCED_FACE('',(#144),#78,.F.);
#1730=ADVANCED_FACE('',(#145),#79,.F.);
#1731=ADVANCED_FACE('',(#146),#80,.F.);
#1732=ADVANCED_FACE('',(#147),#1646,.T.);
#1733=ADVANCED_FACE('',(#148),#1647,.T.);
#1734=ADVANCED_FACE('',(#149),#1648,.T.);
#1735=ADVANCED_FACE('',(#150),#1649,.T.);
#1736=ADVANCED_FACE('',(#151),#1650,.T.);
#1737=ADVANCED_FACE('',(#152),#1651,.T.);
#1738=ADVANCED_FACE('',(#153),#1652,.T.);
#1739=ADVANCED_FACE('',(#154),#1653,.T.);
#1740=ADVANCED_FACE('',(#155),#1654,.T.);
#1741=ADVANCED_FACE('',(#156),#81,.F.);
#1742=ADVANCED_FACE('',(#157),#1655,.T.);
#1743=ADVANCED_FACE('',(#158),#1656,.T.);
#1744=ADVANCED_FACE('',(#159),#1657,.T.);
#1745=ADVANCED_FACE('',(#160),#1658,.T.);
#1746=ADVANCED_FACE('',(#161),#1659,.T.);
#1747=ADVANCED_FACE('',(#162),#1660,.T.);
#1748=ADVANCED_FACE('',(#163),#1661,.T.);
#1749=ADVANCED_FACE('',(#164),#1662,.T.);
#1750=ADVANCED_FACE('',(#165),#1663,.T.);
#1751=ADVANCED_FACE('',(#166),#1664,.T.);
#1752=ADVANCED_FACE('',(#167),#1665,.T.);
#1753=ADVANCED_FACE('',(#168),#1666,.T.);
#1754=CLOSED_SHELL('',(#1667,#1668,#1669,#1670,#1671,#1672,#1673,#1674,
#1675,#1676,#1677,#1678,#1679,#1680,#1681,#1682,#1683,#1684,#1685,#1686,
#1687,#1688,#1689,#1690,#1691,#1692,#1693,#1694,#1695,#1696,#1697,#1698,
#1699,#1700,#1701,#1702,#1703,#1704,#1705,#1706,#1707,#1708,#1709,#1710,
#1711,#1712,#1713,#1714,#1715,#1716,#1717,#1718,#1719,#1720,#1721,#1722,
#1723,#1724,#1725,#1726,#1727,#1728,#1729,#1730,#1731,#1732,#1733,#1734,
#1735,#1736,#1737,#1738,#1739,#1740,#1741,#1742,#1743,#1744,#1745,#1746,
#1747,#1748,#1749,#1750,#1751,#1752,#1753));
#1755=DERIVED_UNIT_ELEMENT(#1757,1.);
#1756=DERIVED_UNIT_ELEMENT(#2854,-3.);
#1757=(
MASS_UNIT()
NAMED_UNIT(*)
SI_UNIT(.KILO.,.GRAM.)
);
#1758=DERIVED_UNIT((#1755,#1756));
#1759=MEASURE_REPRESENTATION_ITEM('density measure',
POSITIVE_RATIO_MEASURE(7850.),#1758);
#1760=PROPERTY_DEFINITION_REPRESENTATION(#1765,#1762);
#1761=PROPERTY_DEFINITION_REPRESENTATION(#1766,#1763);
#1762=REPRESENTATION('material name',(#1764),#2851);
#1763=REPRESENTATION('density',(#1759),#2851);
#1764=DESCRIPTIVE_REPRESENTATION_ITEM('Stahl','Stahl');
#1765=PROPERTY_DEFINITION('material property','material name',#2861);
#1766=PROPERTY_DEFINITION('material property','density of part',#2861);
#1767=AXIS2_PLACEMENT_3D('',#2350,#1891,#1892);
#1768=AXIS2_PLACEMENT_3D('',#2351,#1893,#1894);
#1769=AXIS2_PLACEMENT_3D('',#2360,#1899,#1900);
#1770=AXIS2_PLACEMENT_3D('',#2366,#1904,#1905);
#1771=AXIS2_PLACEMENT_3D('',#2372,#1909,#1910);
#1772=AXIS2_PLACEMENT_3D('',#2375,#1911,#1912);
#1773=AXIS2_PLACEMENT_3D('',#2379,#1914,#1915);
#1774=AXIS2_PLACEMENT_3D('',#2383,#1917,#1918);
#1775=AXIS2_PLACEMENT_3D('',#2385,#1920,#1921);
#1776=AXIS2_PLACEMENT_3D('',#2401,#1929,#1930);
#1777=AXIS2_PLACEMENT_3D('',#2403,#1932,#1933);
#1778=AXIS2_PLACEMENT_3D('',#2407,#1936,#1937);
#1779=AXIS2_PLACEMENT_3D('',#2413,#1940,#1941);
#1780=AXIS2_PLACEMENT_3D('',#2417,#1943,#1944);
#1781=AXIS2_PLACEMENT_3D('',#2425,#1948,#1949);
#1782=AXIS2_PLACEMENT_3D('',#2429,#1951,#1952);
#1783=AXIS2_PLACEMENT_3D('',#2435,#1955,#1956);
#1784=AXIS2_PLACEMENT_3D('',#2439,#1958,#1959);
#1785=AXIS2_PLACEMENT_3D('',#2445,#1962,#1963);
#1786=AXIS2_PLACEMENT_3D('',#2449,#1965,#1966);
#1787=AXIS2_PLACEMENT_3D('',#2457,#1970,#1971);
#1788=AXIS2_PLACEMENT_3D('',#2461,#1973,#1974);
#1789=AXIS2_PLACEMENT_3D('',#2467,#1977,#1978);
#1790=AXIS2_PLACEMENT_3D('',#2481,#1986,#1987);
#1791=AXIS2_PLACEMENT_3D('',#2530,#2012,#2013);
#1792=AXIS2_PLACEMENT_3D('',#2534,#2015,#2016);
#1793=AXIS2_PLACEMENT_3D('',#2537,#2019,#2020);
#1794=AXIS2_PLACEMENT_3D('',#2547,#2026,#2027);
#1795=AXIS2_PLACEMENT_3D('',#2567,#2038,#2039);
#1796=AXIS2_PLACEMENT_3D('',#2571,#2041,#2042);
#1797=AXIS2_PLACEMENT_3D('',#2579,#2046,#2047);
#1798=AXIS2_PLACEMENT_3D('',#2583,#2049,#2050);
#1799=AXIS2_PLACEMENT_3D('',#2589,#2053,#2054);
#1800=AXIS2_PLACEMENT_3D('',#2593,#2056,#2057);
#1801=AXIS2_PLACEMENT_3D('',#2599,#2060,#2061);
#1802=AXIS2_PLACEMENT_3D('',#2603,#2063,#2064);
#1803=AXIS2_PLACEMENT_3D('',#2611,#2068,#2069);
#1804=AXIS2_PLACEMENT_3D('',#2615,#2071,#2072);
#1805=AXIS2_PLACEMENT_3D('',#2620,#2075,#2076);
#1806=AXIS2_PLACEMENT_3D('',#2622,#2077,#2078);
#1807=AXIS2_PLACEMENT_3D('',#2624,#2079,#2080);
#1808=AXIS2_PLACEMENT_3D('',#2626,#2081,#2082);
#1809=AXIS2_PLACEMENT_3D('',#2628,#2083,#2084);
#1810=AXIS2_PLACEMENT_3D('',#2629,#2085,#2086);
#1811=AXIS2_PLACEMENT_3D('',#2632,#2089,#2090);
#1812=AXIS2_PLACEMENT_3D('',#2634,#2092,#2093);
#1813=AXIS2_PLACEMENT_3D('',#2636,#2095,#2096);
#1814=AXIS2_PLACEMENT_3D('',#2639,#2099,#2100);
#1815=AXIS2_PLACEMENT_3D('',#2641,#2102,#2103);
#1816=AXIS2_PLACEMENT_3D('',#2644,#2106,#2107);
#1817=AXIS2_PLACEMENT_3D('',#2646,#2109,#2110);
#1818=AXIS2_PLACEMENT_3D('',#2649,#2113,#2114);
#1819=AXIS2_PLACEMENT_3D('',#2651,#2116,#2117);
#1820=AXIS2_PLACEMENT_3D('',#2653,#2119,#2120);
#1821=AXIS2_PLACEMENT_3D('',#2656,#2123,#2124);
#1822=AXIS2_PLACEMENT_3D('',#2658,#2126,#2127);
#1823=AXIS2_PLACEMENT_3D('',#2660,#2129,#2130);
#1824=AXIS2_PLACEMENT_3D('',#2663,#2133,#2134);
#1825=AXIS2_PLACEMENT_3D('',#2665,#2136,#2137);
#1826=AXIS2_PLACEMENT_3D('',#2668,#2140,#2141);
#1827=AXIS2_PLACEMENT_3D('',#2670,#2143,#2144);
#1828=AXIS2_PLACEMENT_3D('',#2676,#2148,#2149);
#1829=AXIS2_PLACEMENT_3D('',#2680,#2152,#2153);
#1830=AXIS2_PLACEMENT_3D('',#2684,#2156,#2157);
#1831=AXIS2_PLACEMENT_3D('',#2688,#2160,#2161);
#1832=AXIS2_PLACEMENT_3D('',#2692,#2164,#2165);
#1833=AXIS2_PLACEMENT_3D('',#2694,#2167,#2168);
#1834=AXIS2_PLACEMENT_3D('',#2696,#2169,#2170);
#1835=AXIS2_PLACEMENT_3D('',#2697,#2171,#2172);
#1836=AXIS2_PLACEMENT_3D('',#2703,#2176,#2177);
#1837=AXIS2_PLACEMENT_3D('',#2707,#2180,#2181);
#1838=AXIS2_PLACEMENT_3D('',#2711,#2184,#2185);
#1839=AXIS2_PLACEMENT_3D('',#2715,#2188,#2189);
#1840=AXIS2_PLACEMENT_3D('',#2719,#2192,#2193);
#1841=AXIS2_PLACEMENT_3D('',#2721,#2195,#2196);
#1842=AXIS2_PLACEMENT_3D('',#2723,#2197,#2198);
#1843=AXIS2_PLACEMENT_3D('',#2724,#2199,#2200);
#1844=AXIS2_PLACEMENT_3D('',#2730,#2204,#2205);
#1845=AXIS2_PLACEMENT_3D('',#2734,#2208,#2209);
#1846=AXIS2_PLACEMENT_3D('',#2738,#2212,#2213);
#1847=AXIS2_PLACEMENT_3D('',#2742,#2216,#2217);
#1848=AXIS2_PLACEMENT_3D('',#2746,#2220,#2221);
#1849=AXIS2_PLACEMENT_3D('',#2748,#2223,#2224);
#1850=AXIS2_PLACEMENT_3D('',#2750,#2225,#2226);
#1851=AXIS2_PLACEMENT_3D('',#2751,#2227,#2228);
#1852=AXIS2_PLACEMENT_3D('',#2757,#2232,#2233);
#1853=AXIS2_PLACEMENT_3D('',#2761,#2236,#2237);
#1854=AXIS2_PLACEMENT_3D('',#2765,#2240,#2241);
#1855=AXIS2_PLACEMENT_3D('',#2769,#2244,#2245);
#1856=AXIS2_PLACEMENT_3D('',#2773,#2248,#2249);
#1857=AXIS2_PLACEMENT_3D('',#2775,#2251,#2252);
#1858=AXIS2_PLACEMENT_3D('',#2777,#2253,#2254);
#1859=AXIS2_PLACEMENT_3D('',#2778,#2255,#2256);
#1860=AXIS2_PLACEMENT_3D('',#2784,#2260,#2261);
#1861=AXIS2_PLACEMENT_3D('',#2786,#2263,#2264);
#1862=AXIS2_PLACEMENT_3D('',#2788,#2266,#2267);
#1863=AXIS2_PLACEMENT_3D('',#2790,#2269,#2270);
#1864=AXIS2_PLACEMENT_3D('',#2798,#2275,#2276);
#1865=AXIS2_PLACEMENT_3D('',#2806,#2281,#2282);
#1866=AXIS2_PLACEMENT_3D('',#2808,#2284,#2285);
#1867=AXIS2_PLACEMENT_3D('',#2810,#2287,#2288);
#1868=AXIS2_PLACEMENT_3D('',#2812,#2290,#2291);
#1869=AXIS2_PLACEMENT_3D('',#2814,#2293,#2294);
#1870=AXIS2_PLACEMENT_3D('',#2816,#2296,#2297);
#1871=AXIS2_PLACEMENT_3D('',#2818,#2299,#2300);
#1872=AXIS2_PLACEMENT_3D('',#2821,#2303,#2304);
#1873=AXIS2_PLACEMENT_3D('',#2822,#2305,#2306);
#1874=AXIS2_PLACEMENT_3D('',#2824,#2308,#2309);
#1875=AXIS2_PLACEMENT_3D('',#2827,#2312,#2313);
#1876=AXIS2_PLACEMENT_3D('',#2829,#2315,#2316);
#1877=AXIS2_PLACEMENT_3D('',#2830,#2317,#2318);
#1878=AXIS2_PLACEMENT_3D('',#2831,#2319,#2320);
#1879=AXIS2_PLACEMENT_3D('',#2833,#2322,#2323);
#1880=AXIS2_PLACEMENT_3D('',#2835,#2325,#2326);
#1881=AXIS2_PLACEMENT_3D('',#2836,#2327,#2328);
#1882=AXIS2_PLACEMENT_3D('',#2837,#2329,#2330);
#1883=AXIS2_PLACEMENT_3D('',#2839,#2332,#2333);
#1884=AXIS2_PLACEMENT_3D('',#2840,#2334,#2335);
#1885=AXIS2_PLACEMENT_3D('',#2842,#2337,#2338);
#1886=AXIS2_PLACEMENT_3D('',#2844,#2340,#2341);
#1887=AXIS2_PLACEMENT_3D('',#2845,#2342,#2343);
#1888=AXIS2_PLACEMENT_3D('',#2846,#2344,#2345);
#1889=AXIS2_PLACEMENT_3D('',#2847,#2346,#2347);
#1890=AXIS2_PLACEMENT_3D('',#2848,#2348,#2349);
#1891=DIRECTION('axis',(0.,0.,1.));
#1892=DIRECTION('refdir',(1.,0.,0.));
#1893=DIRECTION('center_axis',(-0.70710678118654,0.707106781186555,0.));
#1894=DIRECTION('ref_axis',(0.,0.,1.));
#1895=DIRECTION('',(-0.707106781186555,-0.70710678118654,0.));
#1896=DIRECTION('',(0.,0.,1.));
#1897=DIRECTION('',(0.707106781186555,0.70710678118654,0.));
#1898=DIRECTION('',(0.,0.,1.));
#1899=DIRECTION('center_axis',(3.80647894157202E-15,1.,0.));
#1900=DIRECTION('ref_axis',(-1.,3.80647894157202E-15,0.));
#1901=DIRECTION('',(-1.,3.80647894157202E-15,0.));
#1902=DIRECTION('',(0.,0.,-1.));
#1903=DIRECTION('',(-1.,3.80647894157202E-15,0.));
#1904=DIRECTION('center_axis',(0.707106781186538,0.707106781186557,0.));
#1905=DIRECTION('ref_axis',(0.,0.,-1.));
#1906=DIRECTION('',(-0.707106781186557,0.707106781186538,0.));
#1907=DIRECTION('',(0.,0.,1.));
#1908=DIRECTION('',(0.707106781186557,-0.707106781186538,0.));
#1909=DIRECTION('center_axis',(0.,0.,1.));
#1910=DIRECTION('ref_axis',(-0.707106781186547,0.707106781186548,0.));
#1911=DIRECTION('center_axis',(0.,0.,-1.));
#1912=DIRECTION('ref_axis',(-0.707106781186547,0.707106781186548,0.));
#1913=DIRECTION('',(0.,0.,-1.));
#1914=DIRECTION('center_axis',(0.,0.,1.));
#1915=DIRECTION('ref_axis',(-0.707106781186547,0.707106781186548,0.));
#1916=DIRECTION('',(0.,0.,1.));
#1917=DIRECTION('center_axis',(0.,0.,-1.));
#1918=DIRECTION('ref_axis',(-0.707106781186547,0.707106781186548,0.));
#1919=DIRECTION('',(0.,0.,1.));
#1920=DIRECTION('center_axis',(0.,0.,1.));
#1921=DIRECTION('ref_axis',(1.,0.,0.));
#1922=DIRECTION('',(-1.44811698864151E-16,-1.,0.));
#1923=DIRECTION('',(1.,4.03717463500058E-16,0.));
#1924=DIRECTION('',(4.44089209850062E-16,1.,0.));
#1925=DIRECTION('',(1.,0.,0.));
#1926=DIRECTION('',(-2.22044604925032E-15,-1.,0.));
#1927=DIRECTION('',(1.,4.03717463500058E-16,0.));
#1928=DIRECTION('',(3.86164530304402E-16,1.,0.));
#1929=DIRECTION('center_axis',(0.,0.,-1.));
#1930=DIRECTION('ref_axis',(0.70710678118655,0.707106781186545,0.));
#1931=DIRECTION('',(-1.,0.,0.));
#1932=DIRECTION('center_axis',(-1.,1.44811698864151E-16,0.));
#1933=DIRECTION('ref_axis',(-1.44811698864151E-16,-1.,0.));
#1934=DIRECTION('',(1.44811698864151E-16,1.,0.));
#1935=DIRECTION('',(0.,0.,1.));
#1936=DIRECTION('center_axis',(0.,0.,1.));
#1937=DIRECTION('ref_axis',(1.,0.,0.));
#1938=DIRECTION('',(4.22942104619108E-16,-1.,0.));
#1939=DIRECTION('',(-1.,-2.46716227694479E-16,0.));
#1940=DIRECTION('center_axis',(0.,0.,-1.));
#1941=DIRECTION('ref_axis',(-0.707106781186548,0.707106781186548,0.));
#1942=DIRECTION('',(5.55111512312578E-16,-1.,0.));
#1943=DIRECTION('center_axis',(0.,0.,-1.));
#1944=DIRECTION('ref_axis',(-0.707106781186548,-0.707106781186547,0.));
#1945=DIRECTION('',(1.,-1.17190208154878E-15,0.));
#1946=DIRECTION('',(4.44089209850063E-16,-1.,0.));
#1947=DIRECTION('',(-1.,5.55111512312578E-16,0.));
#1948=DIRECTION('center_axis',(0.,0.,-1.));
#1949=DIRECTION('ref_axis',(-0.707106781186547,0.707106781186548,0.));
#1950=DIRECTION('',(2.77555756156289E-16,-1.,0.));
#1951=DIRECTION('center_axis',(0.,0.,-1.));
#1952=DIRECTION('ref_axis',(-0.707106781186548,-0.707106781186547,0.));
#1953=DIRECTION('',(1.,-5.00266140567994E-16,0.));
#1954=DIRECTION('',(-1.22653210339541E-14,-1.,0.));
#1955=DIRECTION('center_axis',(0.,0.,-1.));
#1956=DIRECTION('ref_axis',(-0.707106781186553,-0.707106781186542,0.));
#1957=DIRECTION('',(1.,-1.48029736616686E-15,0.));
#1958=DIRECTION('center_axis',(0.,0.,-1.));
#1959=DIRECTION('ref_axis',(0.70710678118655,-0.707106781186545,0.));
#1960=DIRECTION('',(-1.05735526154777E-14,1.,0.));
#1961=DIRECTION('',(1.,-1.37573188656198E-15,0.));
#1962=DIRECTION('center_axis',(0.,0.,-1.));
#1963=DIRECTION('ref_axis',(0.707106781186545,-0.70710678118655,0.));
#1964=DIRECTION('',(2.66453525910037E-15,1.,0.));
#1965=DIRECTION('center_axis',(0.,0.,-1.));
#1966=DIRECTION('ref_axis',(0.707106781186549,0.707106781186546,0.));
#1967=DIRECTION('',(-1.,6.16790569236198E-17,0.));
#1968=DIRECTION('',(2.66453525910038E-15,1.,0.));
#1969=DIRECTION('',(1.,-9.56025382316106E-16,0.));
#1970=DIRECTION('center_axis',(0.,0.,-1.));
#1971=DIRECTION('ref_axis',(0.707106781186547,-0.707106781186548,0.));
#1972=DIRECTION('',(3.5527136788005E-15,1.,0.));
#1973=DIRECTION('center_axis',(0.,0.,-1.));
#1974=DIRECTION('ref_axis',(0.707106781186551,0.707106781186544,0.));
#1975=DIRECTION('',(-1.,2.34380416309755E-15,0.));
#1976=DIRECTION('',(2.96059473233376E-15,1.,0.));
#1977=DIRECTION('center_axis',(0.,0.,-1.));
#1978=DIRECTION('ref_axis',(0.70710678118655,0.707106781186545,0.));
#1979=DIRECTION('',(-3.86164530304402E-16,-1.,0.));
#1980=DIRECTION('',(-1.,-4.03717463500058E-16,0.));
#1981=DIRECTION('',(2.22044604925032E-15,1.,0.));
#1982=DIRECTION('',(-1.,6.66133814775093E-15,0.));
#1983=DIRECTION('',(-1.,-6.66133814775093E-15,0.));
#1984=DIRECTION('',(-4.44089209850062E-16,-1.,0.));
#1985=DIRECTION('',(-1.,-4.03717463500058E-16,0.));
#1986=DIRECTION('center_axis',(0.,0.,-1.));
#1987=DIRECTION('ref_axis',(1.,0.,0.));
#1988=DIRECTION('',(0.866025403784439,-0.5,0.));
#1989=DIRECTION('',(-1.68680937402067E-16,-1.,0.));
#1990=DIRECTION('',(-0.866025403784439,-0.5,0.));
#1991=DIRECTION('',(-0.866025403784439,0.5,0.));
#1992=DIRECTION('',(0.,1.,0.));
#1993=DIRECTION('',(0.866025403784439,0.5,0.));
#1994=DIRECTION('',(0.866025403784438,-0.500000000000001,0.));
#1995=DIRECTION('',(-1.5181284366186E-15,-1.,0.));
#1996=DIRECTION('',(-0.866025403784439,-0.499999999999999,0.));
#1997=DIRECTION('',(-0.866025403784438,0.500000000000002,0.));
#1998=DIRECTION('',(1.34944749921654E-15,1.,0.));
#1999=DIRECTION('',(0.866025403784439,0.499999999999999,0.));
#2000=DIRECTION('',(0.866025403784438,-0.500000000000002,0.));
#2001=DIRECTION('',(-2.6988949984331E-15,-1.,0.));
#2002=DIRECTION('',(-0.86602540378444,-0.499999999999998,0.));
#2003=DIRECTION('',(-0.866025403784436,0.500000000000004,0.));
#2004=DIRECTION('',(0.,1.,0.));
#2005=DIRECTION('',(0.866025403784439,0.499999999999999,0.));
#2006=DIRECTION('',(0.866025403784444,-0.49999999999999,0.));
#2007=DIRECTION('',(1.07955799937323E-14,-1.,0.));
#2008=DIRECTION('',(-0.866025403784433,-0.50000000000001,0.));
#2009=DIRECTION('',(-0.866025403784444,0.49999999999999,0.));
#2010=DIRECTION('',(-1.07955799937323E-14,1.,0.));
#2011=DIRECTION('',(0.866025403784433,0.50000000000001,0.));
#2012=DIRECTION('center_axis',(0.,0.,1.));
#2013=DIRECTION('ref_axis',(0.70710678118655,0.707106781186545,0.));
#2014=DIRECTION('',(0.,0.,-1.));
#2015=DIRECTION('center_axis',(0.,0.,1.));
#2016=DIRECTION('ref_axis',(0.70710678118655,0.707106781186545,0.));
#2017=DIRECTION('',(0.,0.,1.));
#2018=DIRECTION('',(0.,0.,-1.));
#2019=DIRECTION('center_axis',(1.88907922248276E-15,1.,0.));
#2020=DIRECTION('ref_axis',(-1.,1.88907922248276E-15,0.));
#2021=DIRECTION('',(1.,-1.88907922248276E-15,0.));
#2022=DIRECTION('',(-9.44942796079506E-62,1.78507180250856E-76,1.));
#2023=DIRECTION('',(-1.,1.88907922248276E-15,0.));
#2024=DIRECTION('',(-1.30329098244497E-47,2.46201991578594E-62,-1.));
#2025=DIRECTION('',(1.,-1.88907922248276E-15,0.));
#2026=DIRECTION('center_axis',(0.,0.,1.));
#2027=DIRECTION('ref_axis',(1.,0.,0.));
#2028=DIRECTION('',(-2.96059473233375E-15,-1.,0.));
#2029=DIRECTION('',(1.,0.,0.));
#2030=DIRECTION('',(4.44089209850062E-16,1.,0.));
#2031=DIRECTION('',(-1.,-6.66133814775093E-15,0.));
#2032=DIRECTION('',(-1.,6.66133814775093E-15,0.));
#2033=DIRECTION('',(-1.55431223447522E-15,-1.,0.));
#2034=DIRECTION('',(1.,-2.22044604925031E-15,0.));
#2035=DIRECTION('',(2.96059473233375E-15,1.,0.));
#2036=DIRECTION('',(2.96059473233376E-15,1.,0.));
#2037=DIRECTION('',(-1.,2.34380416309755E-15,0.));
#2038=DIRECTION('center_axis',(0.,0.,1.));
#2039=DIRECTION('ref_axis',(0.707106781186551,0.707106781186544,0.));
#2040=DIRECTION('',(3.5527136788005E-15,1.,0.));
#2041=DIRECTION('center_axis',(0.,0.,1.));
#2042=DIRECTION('ref_axis',(0.707106781186547,-0.707106781186548,0.));
#2043=DIRECTION('',(1.,-9.56025382316106E-16,0.));
#2044=DIRECTION('',(2.66453525910038E-15,1.,0.));
#2045=DIRECTION('',(1.,-6.16790569236198E-17,0.));
#2046=DIRECTION('center_axis',(0.,0.,1.));
#2047=DIRECTION('ref_axis',(0.707106781186549,0.707106781186546,0.));
#2048=DIRECTION('',(-2.66453525910037E-15,-1.,0.));
#2049=DIRECTION('center_axis',(0.,0.,1.));
#2050=DIRECTION('ref_axis',(0.707106781186545,-0.70710678118655,0.));
#2051=DIRECTION('',(-1.,1.37573188656198E-15,0.));
#2052=DIRECTION('',(1.05735526154777E-14,-1.,0.));
#2053=DIRECTION('center_axis',(0.,0.,1.));
#2054=DIRECTION('ref_axis',(0.70710678118655,-0.707106781186545,0.));
#2055=DIRECTION('',(1.,-1.48029736616686E-15,0.));
#2056=DIRECTION('center_axis',(0.,0.,1.));
#2057=DIRECTION('ref_axis',(-0.707106781186553,-0.707106781186542,0.));
#2058=DIRECTION('',(-1.22653210339541E-14,-1.,0.));
#2059=DIRECTION('',(1.,-5.00266140567994E-16,0.));
#2060=DIRECTION('center_axis',(0.,0.,1.));
#2061=DIRECTION('ref_axis',(-0.707106781186548,-0.707106781186547,0.));
#2062=DIRECTION('',(2.77555756156289E-16,-1.,0.));
#2063=DIRECTION('center_axis',(0.,0.,1.));
#2064=DIRECTION('ref_axis',(-0.707106781186547,0.707106781186548,0.));
#2065=DIRECTION('',(-1.,5.55111512312578E-16,0.));
#2066=DIRECTION('',(-4.44089209850063E-16,1.,0.));
#2067=DIRECTION('',(-1.,1.17190208154878E-15,0.));
#2068=DIRECTION('center_axis',(0.,0.,1.));
#2069=DIRECTION('ref_axis',(-0.707106781186548,-0.707106781186547,0.));
#2070=DIRECTION('',(-5.55111512312578E-16,1.,0.));
#2071=DIRECTION('center_axis',(0.,0.,1.));
#2072=DIRECTION('ref_axis',(-0.707106781186548,0.707106781186548,0.));
#2073=DIRECTION('',(1.,2.46716227694479E-16,0.));
#2074=DIRECTION('',(-4.22942104619108E-16,1.,0.));
#2075=DIRECTION('center_axis',(0.,0.,-1.));
#2076=DIRECTION('ref_axis',(1.,0.,0.));
#2077=DIRECTION('center_axis',(0.,0.,-1.));
#2078=DIRECTION('ref_axis',(1.,0.,0.));
#2079=DIRECTION('center_axis',(0.,0.,-1.));
#2080=DIRECTION('ref_axis',(1.,0.,0.));
#2081=DIRECTION('center_axis',(0.,0.,-1.));
#2082=DIRECTION('ref_axis',(1.,0.,0.));
#2083=DIRECTION('center_axis',(0.,0.,-1.));
#2084=DIRECTION('ref_axis',(1.,0.,0.));
#2085=DIRECTION('center_axis',(0.,0.,1.));
#2086=DIRECTION('ref_axis',(0.707106781186547,-0.707106781186548,0.));
#2087=DIRECTION('',(0.,0.,-1.));
#2088=DIRECTION('',(0.,0.,1.));
#2089=DIRECTION('center_axis',(1.,-3.5527136788005E-15,0.));
#2090=DIRECTION('ref_axis',(3.5527136788005E-15,1.,0.));
#2091=DIRECTION('',(0.,0.,-1.));
#2092=DIRECTION('center_axis',(0.,0.,1.));
#2093=DIRECTION('ref_axis',(0.707106781186551,0.707106781186544,0.));
#2094=DIRECTION('',(0.,0.,1.));
#2095=DIRECTION('center_axis',(0.,0.,1.));
#2096=DIRECTION('ref_axis',(-0.707106781186548,-0.707106781186547,0.));
#2097=DIRECTION('',(0.,0.,-1.));
#2098=DIRECTION('',(0.,0.,1.));
#2099=DIRECTION('center_axis',(-1.17190208154878E-15,-1.,0.));
#2100=DIRECTION('ref_axis',(1.,-1.17190208154878E-15,0.));
#2101=DIRECTION('',(0.,0.,1.));
#2102=DIRECTION('center_axis',(0.,0.,1.));
#2103=DIRECTION('ref_axis',(-0.707106781186548,0.707106781186548,0.));
#2104=DIRECTION('',(0.,0.,-1.));
#2105=DIRECTION('',(0.,0.,1.));
#2106=DIRECTION('center_axis',(-2.46716227694479E-16,1.,0.));
#2107=DIRECTION('ref_axis',(-1.,-2.46716227694479E-16,0.));
#2108=DIRECTION('',(0.,0.,1.));
#2109=DIRECTION('center_axis',(0.,0.,1.));
#2110=DIRECTION('ref_axis',(0.707106781186549,0.707106781186546,0.));
#2111=DIRECTION('',(0.,0.,-1.));
#2112=DIRECTION('',(0.,0.,1.));
#2113=DIRECTION('center_axis',(1.,-2.66453525910037E-15,0.));
#2114=DIRECTION('ref_axis',(2.66453525910037E-15,1.,0.));
#2115=DIRECTION('',(0.,0.,1.));
#2116=DIRECTION('center_axis',(0.,0.,1.));
#2117=DIRECTION('ref_axis',(0.707106781186545,-0.70710678118655,0.));
#2118=DIRECTION('',(0.,0.,-1.));
#2119=DIRECTION('center_axis',(0.,0.,1.));
#2120=DIRECTION('ref_axis',(-0.707106781186547,0.707106781186548,0.));
#2121=DIRECTION('',(0.,0.,-1.));
#2122=DIRECTION('',(0.,0.,1.));
#2123=DIRECTION('center_axis',(-1.,-2.77555756156289E-16,0.));
#2124=DIRECTION('ref_axis',(2.77555756156289E-16,-1.,0.));
#2125=DIRECTION('',(0.,0.,-1.));
#2126=DIRECTION('center_axis',(0.,0.,1.));
#2127=DIRECTION('ref_axis',(-0.707106781186548,-0.707106781186547,0.));
#2128=DIRECTION('',(0.,0.,1.));
#2129=DIRECTION('center_axis',(0.,0.,1.));
#2130=DIRECTION('ref_axis',(0.70710678118655,-0.707106781186545,0.));
#2131=DIRECTION('',(0.,0.,-1.));
#2132=DIRECTION('',(0.,0.,1.));
#2133=DIRECTION('center_axis',(1.,1.05735526154777E-14,0.));
#2134=DIRECTION('ref_axis',(-1.05735526154777E-14,1.,0.));
#2135=DIRECTION('',(0.,0.,1.));
#2136=DIRECTION('center_axis',(0.,0.,1.));
#2137=DIRECTION('ref_axis',(-0.707106781186553,-0.707106781186542,0.));
#2138=DIRECTION('',(0.,0.,-1.));
#2139=DIRECTION('',(0.,0.,1.));
#2140=DIRECTION('center_axis',(-1.,1.22653210339541E-14,0.));
#2141=DIRECTION('ref_axis',(-1.22653210339541E-14,-1.,0.));
#2142=DIRECTION('',(0.,0.,1.));
#2143=DIRECTION('center_axis',(0.49999999999999,0.866025403784444,0.));
#2144=DIRECTION('ref_axis',(0.866025403784444,-0.49999999999999,0.));
#2145=DIRECTION('',(0.,0.,-1.));
#2146=DIRECTION('',(0.866025403784444,-0.49999999999999,0.));
#2147=DIRECTION('',(0.,0.,-1.));
#2148=DIRECTION('center_axis',(-0.50000000000001,0.866025403784433,0.));
#2149=DIRECTION('ref_axis',(0.866025403784433,0.50000000000001,0.));
#2150=DIRECTION('',(0.,0.,-1.));
#2151=DIRECTION('',(0.866025403784433,0.50000000000001,0.));
#2152=DIRECTION('center_axis',(-1.,-1.07955799937323E-14,0.));
#2153=DIRECTION('ref_axis',(-1.07955799937323E-14,1.,0.));
#2154=DIRECTION('',(0.,0.,-1.));
#2155=DIRECTION('',(-1.07955799937323E-14,1.,0.));
#2156=DIRECTION('center_axis',(-0.49999999999999,-0.866025403784444,0.));
#2157=DIRECTION('ref_axis',(-0.866025403784444,0.49999999999999,0.));
#2158=DIRECTION('',(0.,0.,-1.));
#2159=DIRECTION('',(-0.866025403784444,0.49999999999999,0.));
#2160=DIRECTION('center_axis',(0.50000000000001,-0.866025403784433,0.));
#2161=DIRECTION('ref_axis',(-0.866025403784433,-0.50000000000001,0.));
#2162=DIRECTION('',(0.,0.,-1.));
#2163=DIRECTION('',(-0.866025403784433,-0.50000000000001,0.));
#2164=DIRECTION('center_axis',(1.,1.07955799937323E-14,0.));
#2165=DIRECTION('ref_axis',(1.07955799937323E-14,-1.,0.));
#2166=DIRECTION('',(1.07955799937323E-14,-1.,0.));
#2167=DIRECTION('center_axis',(0.,0.,-1.));
#2168=DIRECTION('ref_axis',(-1.,0.,0.));
#2169=DIRECTION('center_axis',(0.,0.,1.));
#2170=DIRECTION('ref_axis',(1.,0.,0.));
#2171=DIRECTION('center_axis',(0.500000000000002,0.866025403784438,0.));
#2172=DIRECTION('ref_axis',(0.866025403784438,-0.500000000000002,0.));
#2173=DIRECTION('',(0.,0.,-1.));
#2174=DIRECTION('',(0.866025403784438,-0.500000000000002,0.));
#2175=DIRECTION('',(0.,0.,-1.));
#2176=DIRECTION('center_axis',(-0.499999999999999,0.866025403784439,0.));
#2177=DIRECTION('ref_axis',(0.866025403784439,0.499999999999999,0.));
#2178=DIRECTION('',(0.,0.,-1.));
#2179=DIRECTION('',(0.866025403784439,0.499999999999999,0.));
#2180=DIRECTION('center_axis',(-1.,0.,0.));
#2181=DIRECTION('ref_axis',(0.,1.,0.));
#2182=DIRECTION('',(0.,0.,-1.));
#2183=DIRECTION('',(0.,1.,0.));
#2184=DIRECTION('center_axis',(-0.500000000000004,-0.866025403784436,0.));
#2185=DIRECTION('ref_axis',(-0.866025403784436,0.500000000000004,0.));
#2186=DIRECTION('',(0.,0.,-1.));
#2187=DIRECTION('',(-0.866025403784436,0.500000000000004,0.));
#2188=DIRECTION('center_axis',(0.499999999999998,-0.86602540378444,0.));
#2189=DIRECTION('ref_axis',(-0.86602540378444,-0.499999999999998,0.));
#2190=DIRECTION('',(0.,0.,-1.));
#2191=DIRECTION('',(-0.86602540378444,-0.499999999999998,0.));
#2192=DIRECTION('center_axis',(1.,-2.6988949984331E-15,0.));
#2193=DIRECTION('ref_axis',(-2.6988949984331E-15,-1.,0.));
#2194=DIRECTION('',(-2.6988949984331E-15,-1.,0.));
#2195=DIRECTION('center_axis',(0.,0.,1.));
#2196=DIRECTION('ref_axis',(-1.,0.,0.));
#2197=DIRECTION('center_axis',(0.,0.,1.));
#2198=DIRECTION('ref_axis',(1.,0.,0.));
#2199=DIRECTION('center_axis',(0.500000000000001,0.866025403784438,0.));
#2200=DIRECTION('ref_axis',(0.866025403784438,-0.500000000000001,0.));
#2201=DIRECTION('',(0.,0.,-1.));
#2202=DIRECTION('',(0.866025403784438,-0.500000000000001,0.));
#2203=DIRECTION('',(0.,0.,-1.));
#2204=DIRECTION('center_axis',(-0.499999999999999,0.866025403784439,0.));
#2205=DIRECTION('ref_axis',(0.866025403784439,0.499999999999999,0.));
#2206=DIRECTION('',(0.,0.,-1.));
#2207=DIRECTION('',(0.866025403784439,0.499999999999999,0.));
#2208=DIRECTION('center_axis',(-1.,1.34944749921654E-15,0.));
#2209=DIRECTION('ref_axis',(1.34944749921654E-15,1.,0.));
#2210=DIRECTION('',(0.,0.,-1.));
#2211=DIRECTION('',(1.34944749921654E-15,1.,0.));
#2212=DIRECTION('center_axis',(-0.500000000000002,-0.866025403784438,0.));
#2213=DIRECTION('ref_axis',(-0.866025403784438,0.500000000000002,0.));
#2214=DIRECTION('',(0.,0.,-1.));
#2215=DIRECTION('',(-0.866025403784438,0.500000000000002,0.));
#2216=DIRECTION('center_axis',(0.499999999999999,-0.866025403784439,0.));
#2217=DIRECTION('ref_axis',(-0.866025403784439,-0.499999999999999,0.));
#2218=DIRECTION('',(0.,0.,-1.));
#2219=DIRECTION('',(-0.866025403784439,-0.499999999999999,0.));
#2220=DIRECTION('center_axis',(1.,-1.5181284366186E-15,0.));
#2221=DIRECTION('ref_axis',(-1.5181284366186E-15,-1.,0.));
#2222=DIRECTION('',(-1.5181284366186E-15,-1.,0.));
#2223=DIRECTION('center_axis',(0.,0.,-1.));
#2224=DIRECTION('ref_axis',(-1.,0.,0.));
#2225=DIRECTION('center_axis',(0.,0.,1.));
#2226=DIRECTION('ref_axis',(1.,0.,0.));
#2227=DIRECTION('center_axis',(0.5,0.866025403784439,0.));
#2228=DIRECTION('ref_axis',(0.866025403784439,-0.5,0.));
#2229=DIRECTION('',(0.,0.,-1.));
#2230=DIRECTION('',(0.866025403784439,-0.5,0.));
#2231=DIRECTION('',(0.,0.,-1.));
#2232=DIRECTION('center_axis',(-0.5,0.866025403784439,0.));
#2233=DIRECTION('ref_axis',(0.866025403784439,0.5,0.));
#2234=DIRECTION('',(0.,0.,-1.));
#2235=DIRECTION('',(0.866025403784439,0.5,0.));
#2236=DIRECTION('center_axis',(-1.,0.,0.));
#2237=DIRECTION('ref_axis',(0.,1.,0.));
#2238=DIRECTION('',(0.,0.,-1.));
#2239=DIRECTION('',(0.,1.,0.));
#2240=DIRECTION('center_axis',(-0.5,-0.866025403784438,0.));
#2241=DIRECTION('ref_axis',(-0.866025403784439,0.5,0.));
#2242=DIRECTION('',(0.,0.,-1.));
#2243=DIRECTION('',(-0.866025403784438,0.5,0.));
#2244=DIRECTION('center_axis',(0.5,-0.866025403784439,0.));
#2245=DIRECTION('ref_axis',(-0.866025403784439,-0.5,0.));
#2246=DIRECTION('',(0.,0.,-1.));
#2247=DIRECTION('',(-0.866025403784439,-0.5,0.));
#2248=DIRECTION('center_axis',(1.,-1.68680937402067E-16,0.));
#2249=DIRECTION('ref_axis',(-1.68680937402067E-16,-1.,0.));
#2250=DIRECTION('',(-1.68680937402067E-16,-1.,0.));
#2251=DIRECTION('center_axis',(0.,0.,1.));
#2252=DIRECTION('ref_axis',(-1.,0.,0.));
#2253=DIRECTION('center_axis',(0.,0.,1.));
#2254=DIRECTION('ref_axis',(1.,0.,0.));
#2255=DIRECTION('center_axis',(0.,0.,1.));
#2256=DIRECTION('ref_axis',(1.,-2.53765262771464E-15,0.));
#2257=DIRECTION('',(2.96059473233375E-15,1.,0.));
#2258=DIRECTION('',(1.,-2.53765262771465E-15,0.));
#2259=DIRECTION('',(2.96059473233375E-15,1.,0.));
#2260=DIRECTION('center_axis',(4.03717463500058E-16,-1.,0.));
#2261=DIRECTION('ref_axis',(1.,4.03717463500058E-16,0.));
#2262=DIRECTION('',(0.,0.,1.));
#2263=DIRECTION('center_axis',(1.,-3.86164530304402E-16,0.));
#2264=DIRECTION('ref_axis',(3.86164530304402E-16,1.,0.));
#2265=DIRECTION('',(0.,0.,1.));
#2266=DIRECTION('center_axis',(4.03717463500058E-16,-1.,0.));
#2267=DIRECTION('ref_axis',(1.,4.03717463500058E-16,0.));
#2268=DIRECTION('',(0.,0.,1.));
#2269=DIRECTION('center_axis',(0.,0.,1.));
#2270=DIRECTION('ref_axis',(1.,0.,0.));
#2271=DIRECTION('',(-1.,0.,0.));
#2272=DIRECTION('',(-4.44089209850062E-16,-1.,0.));
#2273=DIRECTION('',(1.,0.,0.));
#2274=DIRECTION('',(0.,1.,0.));
#2275=DIRECTION('center_axis',(0.,0.,1.));
#2276=DIRECTION('ref_axis',(1.,0.,0.));
#2277=DIRECTION('',(2.22044604925032E-15,1.,0.));
#2278=DIRECTION('',(-1.,0.,0.));
#2279=DIRECTION('',(-2.22044604925032E-15,-1.,0.));
#2280=DIRECTION('',(1.,-2.22044604925031E-15,0.));
#2281=DIRECTION('center_axis',(0.,0.,1.));
#2282=DIRECTION('ref_axis',(1.,0.,0.));
#2283=DIRECTION('',(0.,0.,-1.));
#2284=DIRECTION('center_axis',(0.,0.,1.));
#2285=DIRECTION('ref_axis',(1.,0.,0.));
#2286=DIRECTION('',(0.,0.,-1.));
#2287=DIRECTION('center_axis',(0.,0.,1.));
#2288=DIRECTION('ref_axis',(1.,0.,0.));
#2289=DIRECTION('',(0.,0.,-1.));
#2290=DIRECTION('center_axis',(0.,0.,1.));
#2291=DIRECTION('ref_axis',(1.,0.,0.));
#2292=DIRECTION('',(0.,0.,-1.));
#2293=DIRECTION('center_axis',(1.,0.,0.));
#2294=DIRECTION('ref_axis',(0.,1.,0.));
#2295=DIRECTION('',(0.,0.,1.));
#2296=DIRECTION('center_axis',(0.,-1.,0.));
#2297=DIRECTION('ref_axis',(1.,0.,0.));
#2298=DIRECTION('',(0.,0.,1.));
#2299=DIRECTION('center_axis',(1.,-4.44089209850062E-16,0.));
#2300=DIRECTION('ref_axis',(4.44089209850062E-16,1.,0.));
#2301=DIRECTION('',(0.,0.,1.));
#2302=DIRECTION('',(0.,0.,1.));
#2303=DIRECTION('center_axis',(-6.66133814775093E-15,1.,0.));
#2304=DIRECTION('ref_axis',(-1.,-6.66133814775093E-15,0.));
#2305=DIRECTION('center_axis',(6.66133814775093E-15,1.,0.));
#2306=DIRECTION('ref_axis',(-1.,6.66133814775093E-15,0.));
#2307=DIRECTION('',(0.,0.,1.));
#2308=DIRECTION('center_axis',(-1.,1.55431223447522E-15,0.));
#2309=DIRECTION('ref_axis',(-1.55431223447522E-15,-1.,0.));
#2310=DIRECTION('',(0.,0.,1.));
#2311=DIRECTION('',(0.,0.,1.));
#2312=DIRECTION('center_axis',(-2.22044604925031E-15,-1.,0.));
#2313=DIRECTION('ref_axis',(1.,-2.22044604925031E-15,0.));
#2314=DIRECTION('',(0.,0.,1.));
#2315=DIRECTION('center_axis',(-1.,2.22044604925032E-15,0.));
#2316=DIRECTION('ref_axis',(-2.22044604925032E-15,-1.,0.));
#2317=DIRECTION('center_axis',(-2.53765262771465E-15,-1.,0.));
#2318=DIRECTION('ref_axis',(1.,-2.53765262771465E-15,0.));
#2319=DIRECTION('center_axis',(0.,0.,1.));
#2320=DIRECTION('ref_axis',(1.,0.,0.));
#2321=DIRECTION('',(0.,0.,-1.));
#2322=DIRECTION('center_axis',(-1.,-4.44089209850063E-16,0.));
#2323=DIRECTION('ref_axis',(4.44089209850063E-16,-1.,0.));
#2324=DIRECTION('',(0.,0.,1.));
#2325=DIRECTION('center_axis',(-1.,-5.55111512312578E-16,0.));
#2326=DIRECTION('ref_axis',(5.55111512312578E-16,-1.,0.));
#2327=DIRECTION('center_axis',(-1.,-4.22942104619108E-16,0.));
#2328=DIRECTION('ref_axis',(4.22942104619108E-16,-1.,0.));
#2329=DIRECTION('center_axis',(1.,-2.96059473233376E-15,0.));
#2330=DIRECTION('ref_axis',(2.96059473233376E-15,1.,0.));
#2331=DIRECTION('',(0.,0.,1.));
#2332=DIRECTION('center_axis',(2.34380416309755E-15,1.,0.));
#2333=DIRECTION('ref_axis',(-1.,2.34380416309755E-15,0.));
#2334=DIRECTION('center_axis',(-9.56025382316106E-16,-1.,0.));
#2335=DIRECTION('ref_axis',(1.,-9.56025382316106E-16,0.));
#2336=DIRECTION('',(0.,0.,1.));
#2337=DIRECTION('center_axis',(1.,-2.66453525910038E-15,0.));
#2338=DIRECTION('ref_axis',(2.66453525910038E-15,1.,0.));
#2339=DIRECTION('',(0.,0.,1.));
#2340=DIRECTION('center_axis',(6.16790569236198E-17,1.,0.));
#2341=DIRECTION('ref_axis',(-1.,6.16790569236198E-17,0.));
#2342=DIRECTION('center_axis',(-1.37573188656198E-15,-1.,0.));
#2343=DIRECTION('ref_axis',(1.,-1.37573188656198E-15,0.));
#2344=DIRECTION('center_axis',(-1.48029736616686E-15,-1.,0.));
#2345=DIRECTION('ref_axis',(1.,-1.48029736616686E-15,0.));
#2346=DIRECTION('center_axis',(-5.00266140567994E-16,-1.,0.));
#2347=DIRECTION('ref_axis',(1.,-5.00266140567994E-16,0.));
#2348=DIRECTION('center_axis',(5.55111512312578E-16,1.,0.));
#2349=DIRECTION('ref_axis',(-1.,5.55111512312578E-16,0.));
#2350=CARTESIAN_POINT('',(0.,0.,0.));
#2351=CARTESIAN_POINT('Origin',(31.2459376290613,-21.5211253583097,0.));
#2352=CARTESIAN_POINT('',(32.2459376290613,-20.5211253583097,0.));
#2353=CARTESIAN_POINT('',(30.2459376290612,-22.5211253583097,0.));
#2354=CARTESIAN_POINT('',(34.6209376290613,-18.1461253583098,0.));
#2355=CARTESIAN_POINT('',(30.2459376290612,-22.5211253583097,8.));
#2356=CARTESIAN_POINT('',(30.2459376290612,-22.5211253583097,0.));
#2357=CARTESIAN_POINT('',(32.2459376290613,-20.5211253583097,8.));
#2358=CARTESIAN_POINT('',(34.6209376290613,-18.1461253583098,8.));
#2359=CARTESIAN_POINT('',(32.2459376290613,-20.5211253583097,0.));
#2360=CARTESIAN_POINT('Origin',(32.2459376290612,-22.5211253583097,0.));
#2361=CARTESIAN_POINT('',(20.2459376290614,-22.5211253583097,0.));
#2362=CARTESIAN_POINT('',(18.2459376290614,-22.5211253583097,0.));
#2363=CARTESIAN_POINT('',(20.2459376290614,-22.5211253583097,8.));
#2364=CARTESIAN_POINT('',(20.2459376290614,-22.5211253583097,0.));
#2365=CARTESIAN_POINT('',(18.2459376290614,-22.5211253583097,8.));
#2366=CARTESIAN_POINT('Origin',(19.2459376290614,-21.5211253583097,0.));
#2367=CARTESIAN_POINT('',(18.2459376290614,-20.5211253583097,0.));
#2368=CARTESIAN_POINT('',(15.8709376290614,-18.1461253583098,0.));
#2369=CARTESIAN_POINT('',(18.2459376290614,-20.5211253583097,8.));
#2370=CARTESIAN_POINT('',(18.2459376290614,-20.5211253583097,0.));
#2371=CARTESIAN_POINT('',(15.8709376290614,-18.1461253583098,8.));
#2372=CARTESIAN_POINT('Origin',(17.491819417269,19.4788746416903,0.));
#2373=CARTESIAN_POINT('',(14.2459376290614,21.8164484730338,10.));
#2374=CARTESIAN_POINT('',(17.491819417269,23.4788746416903,10.));
#2375=CARTESIAN_POINT('Origin',(17.491819417269,19.4788746416903,10.));
#2376=CARTESIAN_POINT('',(17.491819417269,23.4788746416903,0.));
#2377=CARTESIAN_POINT('',(17.491819417269,23.4788746416903,0.));
#2378=CARTESIAN_POINT('',(13.491819417269,19.4788746416903,0.));
#2379=CARTESIAN_POINT('Origin',(17.491819417269,19.4788746416903,0.));
#2380=CARTESIAN_POINT('',(13.491819417269,19.4788746416903,8.));
#2381=CARTESIAN_POINT('',(13.491819417269,19.4788746416903,0.));
#2382=CARTESIAN_POINT('',(14.2459376290614,21.8164484730338,8.));
#2383=CARTESIAN_POINT('Origin',(17.491819417269,19.4788746416903,8.));
#2384=CARTESIAN_POINT('',(14.2459376290614,21.8164484730338,0.));
#2385=CARTESIAN_POINT('Origin',(25.2459376290614,0.478874641690314,10.));
#2386=CARTESIAN_POINT('',(14.2459376290614,-22.5211253583097,10.));
#2387=CARTESIAN_POINT('',(14.2459376290614,-22.5211253583097,10.));
#2388=CARTESIAN_POINT('',(16.2459376290634,-22.5211253583097,10.));
#2389=CARTESIAN_POINT('',(36.2459376290613,-22.5211253583097,10.));
#2390=CARTESIAN_POINT('',(16.2459376290614,21.4788746416903,10.));
#2391=CARTESIAN_POINT('',(16.2459376290614,-20.5211253583097,10.));
#2392=CARTESIAN_POINT('',(34.2459376290614,21.4788746416903,10.));
#2393=CARTESIAN_POINT('',(16.2459376290614,21.4788746416903,10.));
#2394=CARTESIAN_POINT('',(34.2459376290599,-22.5211253583097,10.));
#2395=CARTESIAN_POINT('',(34.2459376290614,21.4788746416903,10.));
#2396=CARTESIAN_POINT('',(36.2459376290613,-22.5211253583097,10.));
#2397=CARTESIAN_POINT('',(36.2459376290613,-22.5211253583097,10.));
#2398=CARTESIAN_POINT('',(36.2459376290613,21.8164484730338,10.));
#2399=CARTESIAN_POINT('',(36.2459376290613,23.4788746416903,10.));
#2400=CARTESIAN_POINT('',(33.0000558408537,23.4788746416903,10.));
#2401=CARTESIAN_POINT('Origin',(33.0000558408537,19.4788746416903,10.));
#2402=CARTESIAN_POINT('',(14.2459376290614,23.4788746416903,10.));
#2403=CARTESIAN_POINT('Origin',(14.2459376290614,23.4788746416903,8.));
#2404=CARTESIAN_POINT('',(14.2459376290614,-22.5211253583097,8.));
#2405=CARTESIAN_POINT('',(14.2459376290614,10.7288746416903,8.));
#2406=CARTESIAN_POINT('',(14.2459376290614,-22.5211253583097,8.));
#2407=CARTESIAN_POINT('Origin',(25.2459376290614,-2.0211253583097,8.));
#2408=CARTESIAN_POINT('',(13.491819417269,12.9788746416903,8.));
#2409=CARTESIAN_POINT('',(13.491819417269,12.9788746416903,8.));
#2410=CARTESIAN_POINT('',(-0.508180582730969,12.9788746416903,8.));
#2411=CARTESIAN_POINT('',(-4.50818058273097,12.9788746416903,8.));
#2412=CARTESIAN_POINT('',(-4.50818058273097,8.97887464169033,8.));
#2413=CARTESIAN_POINT('Origin',(-0.508180582730968,8.97887464169033,8.));
#2414=CARTESIAN_POINT('',(-4.50818058273097,6.97887464169032,8.));
#2415=CARTESIAN_POINT('',(-4.50818058273097,2.97887464169032,8.));
#2416=CARTESIAN_POINT('',(-0.508180582730973,2.97887464169032,8.));
#2417=CARTESIAN_POINT('Origin',(-0.508180582730967,6.97887464169032,8.));
#2418=CARTESIAN_POINT('',(13.4918194172691,2.9788746416903,8.));
#2419=CARTESIAN_POINT('',(13.4918194172691,2.9788746416903,8.));
#2420=CARTESIAN_POINT('',(13.4918194172691,-7.02112535830969,8.));
#2421=CARTESIAN_POINT('',(13.4918194172691,-7.02112535830969,8.));
#2422=CARTESIAN_POINT('',(-0.508180582730937,-7.02112535830969,8.));
#2423=CARTESIAN_POINT('',(13.4918194172691,-7.02112535830969,8.));
#2424=CARTESIAN_POINT('',(-4.50818058273094,-11.0211253583097,8.));
#2425=CARTESIAN_POINT('Origin',(-0.50818058273094,-11.0211253583097,8.));
#2426=CARTESIAN_POINT('',(-4.50818058273094,-13.0211253583097,8.));
#2427=CARTESIAN_POINT('',(-4.50818058273094,-7.02112535830968,8.));
#2428=CARTESIAN_POINT('',(-0.508180582730942,-17.0211253583097,8.));
#2429=CARTESIAN_POINT('Origin',(-0.50818058273094,-13.0211253583097,8.));
#2430=CARTESIAN_POINT('',(13.2459376290613,-17.0211253583097,8.));
#2431=CARTESIAN_POINT('',(-4.50818058273094,-17.0211253583097,8.));
#2432=CARTESIAN_POINT('',(13.2459376290612,-23.5211253583097,8.));
#2433=CARTESIAN_POINT('',(13.2459376290613,-17.0211253583097,8.));
#2434=CARTESIAN_POINT('',(17.2459376290612,-27.5211253583097,8.));
#2435=CARTESIAN_POINT('Origin',(17.2459376290612,-23.5211253583097,8.));
#2436=CARTESIAN_POINT('',(33.2459376290614,-27.5211253583097,8.));
#2437=CARTESIAN_POINT('',(13.2459376290612,-27.5211253583097,8.));
#2438=CARTESIAN_POINT('',(37.2459376290614,-23.5211253583097,8.));
#2439=CARTESIAN_POINT('Origin',(33.2459376290614,-23.5211253583097,8.));
#2440=CARTESIAN_POINT('',(37.2459376290613,-17.0211253583097,8.));
#2441=CARTESIAN_POINT('',(37.2459376290613,-17.0211253583097,8.));
#2442=CARTESIAN_POINT('',(51.0000558408536,-17.0211253583097,8.));
#2443=CARTESIAN_POINT('',(55.0000558408536,-17.0211253583098,8.));
#2444=CARTESIAN_POINT('',(55.0000558408536,-13.0211253583098,8.));
#2445=CARTESIAN_POINT('Origin',(51.0000558408536,-13.0211253583097,8.));
#2446=CARTESIAN_POINT('',(55.0000558408536,-11.0211253583097,8.));
#2447=CARTESIAN_POINT('',(55.0000558408536,-7.02112535830972,8.));
#2448=CARTESIAN_POINT('',(51.0000558408536,-7.02112535830972,8.));
#2449=CARTESIAN_POINT('Origin',(51.0000558408536,-11.0211253583097,8.));
#2450=CARTESIAN_POINT('',(37.0000558408536,-7.02112535830972,8.));
#2451=CARTESIAN_POINT('',(37.0000558408536,-7.02112535830972,8.));
#2452=CARTESIAN_POINT('',(37.0000558408536,2.97887464169027,8.));
#2453=CARTESIAN_POINT('',(37.0000558408536,-7.02112535830972,8.));
#2454=CARTESIAN_POINT('',(51.0000558408537,2.97887464169026,8.));
#2455=CARTESIAN_POINT('',(37.0000558408536,2.97887464169028,8.));
#2456=CARTESIAN_POINT('',(55.0000558408537,6.97887464169025,8.));
#2457=CARTESIAN_POINT('Origin',(51.0000558408537,6.97887464169026,8.));
#2458=CARTESIAN_POINT('',(55.0000558408537,8.97887464169027,8.));
#2459=CARTESIAN_POINT('',(55.0000558408536,2.97887464169026,8.));
#2460=CARTESIAN_POINT('',(51.0000558408537,12.9788746416903,8.));
#2461=CARTESIAN_POINT('Origin',(51.0000558408537,8.97887464169028,8.));
#2462=CARTESIAN_POINT('',(37.0000558408537,12.9788746416903,8.));
#2463=CARTESIAN_POINT('',(55.0000558408537,12.9788746416903,8.));
#2464=CARTESIAN_POINT('',(37.0000558408537,19.4788746416903,8.));
#2465=CARTESIAN_POINT('',(37.0000558408537,12.9788746416903,8.));
#2466=CARTESIAN_POINT('',(36.2459376290613,21.8164484730338,8.));
#2467=CARTESIAN_POINT('Origin',(33.0000558408537,19.4788746416903,8.));
#2468=CARTESIAN_POINT('',(36.2459376290613,-22.5211253583097,8.));
#2469=CARTESIAN_POINT('',(36.2459376290613,-12.2711253583097,8.));
#2470=CARTESIAN_POINT('',(34.2459376290599,-22.5211253583097,8.));
#2471=CARTESIAN_POINT('',(29.7459376290607,-22.5211253583097,8.));
#2472=CARTESIAN_POINT('',(34.2459376290613,-20.5211253583097,8.));
#2473=CARTESIAN_POINT('',(34.2459376290613,9.72887464169029,8.));
#2474=CARTESIAN_POINT('',(34.2459376290613,-20.5211253583097,8.));
#2475=CARTESIAN_POINT('',(16.2459376290614,-20.5211253583097,8.));
#2476=CARTESIAN_POINT('',(16.2459376290614,-20.5211253583097,8.));
#2477=CARTESIAN_POINT('',(16.2459376290634,-22.5211253583097,8.));
#2478=CARTESIAN_POINT('',(16.2459376290614,-12.2711253583097,8.));
#2479=CARTESIAN_POINT('',(19.7459376290614,-22.5211253583097,8.));
#2480=CARTESIAN_POINT('',(16.8459376290613,-24.0211253583097,8.));
#2481=CARTESIAN_POINT('Origin',(18.2459376290613,-24.0211253583097,8.));
#2482=CARTESIAN_POINT('',(0.491819417269052,11.2697711760712,8.));
#2483=CARTESIAN_POINT('',(3.34181941726905,9.62432290888075,8.));
#2484=CARTESIAN_POINT('',(12.6521772561523,4.24898530434979,8.));
#2485=CARTESIAN_POINT('',(3.34181941726905,6.33342637449988,8.));
#2486=CARTESIAN_POINT('',(3.34181941726905,3.80159877528553,8.));
#2487=CARTESIAN_POINT('',(0.49181941726905,4.68797810730945,8.));
#2488=CARTESIAN_POINT('',(9.74705023723006,10.0314881126261,8.));
#2489=CARTESIAN_POINT('',(-2.35818058273095,6.33342637449988,8.));
#2490=CARTESIAN_POINT('',(11.2271772561523,-1.51008363081674,8.));
#2491=CARTESIAN_POINT('',(-2.35818058273095,9.62432290888075,8.));
#2492=CARTESIAN_POINT('',(-2.35818058273095,2.15615050809509,8.));
#2493=CARTESIAN_POINT('',(5.47205023723007,14.1451087806021,8.));
#2494=CARTESIAN_POINT('',(0.491819417269067,-8.73022882392881,8.));
#2495=CARTESIAN_POINT('',(3.34181941726907,-10.3756770911193,8.));
#2496=CARTESIAN_POINT('',(8.32205023723007,-13.2510146956502,8.));
#2497=CARTESIAN_POINT('',(3.34181941726906,-13.6665736255001,8.));
#2498=CARTESIAN_POINT('',(3.34181941726907,-6.19840122471446,8.));
#2499=CARTESIAN_POINT('',(0.491819417269057,-15.3120218926906,8.));
#2500=CARTESIAN_POINT('',(14.0771772561523,-7.46851188737395,8.));
#2501=CARTESIAN_POINT('',(-2.35818058273094,-13.6665736255001,8.));
#2502=CARTESIAN_POINT('',(6.89705023723005,-19.0100836308167,8.));
#2503=CARTESIAN_POINT('',(-2.35818058273094,-10.3756770911192,8.));
#2504=CARTESIAN_POINT('',(-2.35818058273093,-7.84384949190489,8.));
#2505=CARTESIAN_POINT('',(9.80217725615228,-3.35489121939787,8.));
#2506=CARTESIAN_POINT('',(50.0000558408537,11.2697711760711,8.));
#2507=CARTESIAN_POINT('',(52.8500558408536,9.62432290888068,8.));
#2508=CARTESIAN_POINT('',(43.5948250208926,14.9678329141973,8.));
#2509=CARTESIAN_POINT('',(52.8500558408536,6.33342637449984,8.));
#2510=CARTESIAN_POINT('',(52.8500558408536,3.80159877528545,8.));
#2511=CARTESIAN_POINT('',(50.0000558408536,4.68797810730943,8.));
#2512=CARTESIAN_POINT('',(40.6896980019704,-0.687359497221514,8.));
#2513=CARTESIAN_POINT('',(47.1500558408537,6.33342637449985,8.));
#2514=CARTESIAN_POINT('',(42.1698250208927,9.20876397903084,8.));
#2515=CARTESIAN_POINT('',(47.1500558408537,9.62432290888069,8.));
#2516=CARTESIAN_POINT('',(47.1500558408537,2.15615050809507,8.));
#2517=CARTESIAN_POINT('',(36.4146980019705,3.42626117075452,8.));
#2518=CARTESIAN_POINT('',(50.0000558408536,-8.73022882392888,8.));
#2519=CARTESIAN_POINT('',(52.8500558408536,-10.3756770911193,8.));
#2520=CARTESIAN_POINT('',(39.2646980019703,-2.53216708580282,8.));
#2521=CARTESIAN_POINT('',(52.8500558408536,-13.6665736255001,8.));
#2522=CARTESIAN_POINT('',(52.8500558408535,-6.19840122471434,8.));
#2523=CARTESIAN_POINT('',(50.0000558408536,-15.3120218926906,8.));
#2524=CARTESIAN_POINT('',(45.0198250208928,-18.1873594972215,8.));
#2525=CARTESIAN_POINT('',(47.1500558408536,-13.6665736255002,8.));
#2526=CARTESIAN_POINT('',(37.8396980019703,-8.29123602096933,8.));
#2527=CARTESIAN_POINT('',(47.1500558408536,-10.3756770911193,8.));
#2528=CARTESIAN_POINT('',(47.1500558408536,-7.84384949190483,8.));
#2529=CARTESIAN_POINT('',(40.7448250208927,-14.0737388292455,8.));
#2530=CARTESIAN_POINT('Origin',(33.0000558408537,19.4788746416903,0.));
#2531=CARTESIAN_POINT('',(37.0000558408537,19.4788746416903,0.));
#2532=CARTESIAN_POINT('',(37.0000558408537,19.4788746416903,0.));
#2533=CARTESIAN_POINT('',(33.0000558408537,23.4788746416903,0.));
#2534=CARTESIAN_POINT('Origin',(33.0000558408537,19.4788746416903,0.));
#2535=CARTESIAN_POINT('',(33.0000558408537,23.4788746416903,0.));
#2536=CARTESIAN_POINT('',(36.2459376290613,21.8164484730338,0.));
#2537=CARTESIAN_POINT('Origin',(37.0000558408537,23.4788746416903,0.));
#2538=CARTESIAN_POINT('',(32.2459376290614,23.4788746416903,0.));
#2539=CARTESIAN_POINT('',(25.2459376290614,23.4788746416903,0.));
#2540=CARTESIAN_POINT('',(32.2459376290614,23.4788746416903,8.));
#2541=CARTESIAN_POINT('',(32.2459376290614,23.4788746416903,4.));
#2542=CARTESIAN_POINT('',(18.2459376290614,23.4788746416903,8.));
#2543=CARTESIAN_POINT('',(27.6229967349576,23.4788746416903,8.));
#2544=CARTESIAN_POINT('',(18.2459376290614,23.4788746416903,0.));
#2545=CARTESIAN_POINT('',(18.2459376290614,23.4788746416903,1.22210365745679E-46));
#2546=CARTESIAN_POINT('',(25.2459376290614,23.4788746416903,0.));
#2547=CARTESIAN_POINT('Origin',(25.2459376290614,-2.0211253583097,0.));
#2548=CARTESIAN_POINT('',(18.2459376290614,19.4788746416903,0.));
#2549=CARTESIAN_POINT('',(18.2459376290614,9.72887464169032,0.));
#2550=CARTESIAN_POINT('',(16.2459376290614,19.4788746416903,0.));
#2551=CARTESIAN_POINT('',(18.2459376290614,19.4788746416903,0.));
#2552=CARTESIAN_POINT('',(16.2459376290614,-20.5211253583097,0.));
#2553=CARTESIAN_POINT('',(16.2459376290614,19.4788746416903,0.));
#2554=CARTESIAN_POINT('',(16.2459376290614,-20.5211253583097,0.));
#2555=CARTESIAN_POINT('',(34.2459376290613,-20.5211253583097,0.));
#2556=CARTESIAN_POINT('',(34.2459376290613,-20.5211253583097,0.));
#2557=CARTESIAN_POINT('',(34.2459376290614,19.4788746416903,0.));
#2558=CARTESIAN_POINT('',(34.2459376290614,19.4788746416903,0.));
#2559=CARTESIAN_POINT('',(32.2459376290614,19.4788746416903,0.));
#2560=CARTESIAN_POINT('',(32.2459376290614,19.4788746416903,0.));
#2561=CARTESIAN_POINT('',(32.2459376290614,9.72887464169028,0.));
#2562=CARTESIAN_POINT('',(37.0000558408537,12.9788746416903,0.));
#2563=CARTESIAN_POINT('',(37.0000558408537,12.9788746416903,0.));
#2564=CARTESIAN_POINT('',(51.0000558408537,12.9788746416903,0.));
#2565=CARTESIAN_POINT('',(55.0000558408537,12.9788746416903,0.));
#2566=CARTESIAN_POINT('',(55.0000558408537,8.97887464169027,0.));
#2567=CARTESIAN_POINT('Origin',(51.0000558408537,8.97887464169028,0.));
#2568=CARTESIAN_POINT('',(55.0000558408537,6.97887464169025,0.));
#2569=CARTESIAN_POINT('',(55.0000558408536,2.97887464169026,0.));
#2570=CARTESIAN_POINT('',(51.0000558408537,2.97887464169026,0.));
#2571=CARTESIAN_POINT('Origin',(51.0000558408537,6.97887464169026,0.));
#2572=CARTESIAN_POINT('',(37.0000558408536,2.97887464169028,0.));
#2573=CARTESIAN_POINT('',(37.0000558408536,2.97887464169028,0.));
#2574=CARTESIAN_POINT('',(37.0000558408536,-7.02112535830972,0.));
#2575=CARTESIAN_POINT('',(37.0000558408536,-7.02112535830972,0.));
#2576=CARTESIAN_POINT('',(51.0000558408536,-7.02112535830972,0.));
#2577=CARTESIAN_POINT('',(37.0000558408536,-7.02112535830972,0.));
#2578=CARTESIAN_POINT('',(55.0000558408536,-11.0211253583097,0.));
#2579=CARTESIAN_POINT('Origin',(51.0000558408536,-11.0211253583097,0.));
#2580=CARTESIAN_POINT('',(55.0000558408536,-13.0211253583098,0.));
#2581=CARTESIAN_POINT('',(55.0000558408536,-7.02112535830972,0.));
#2582=CARTESIAN_POINT('',(51.0000558408536,-17.0211253583097,0.));
#2583=CARTESIAN_POINT('Origin',(51.0000558408536,-13.0211253583097,0.));
#2584=CARTESIAN_POINT('',(37.2459376290613,-17.0211253583097,0.));
#2585=CARTESIAN_POINT('',(55.0000558408536,-17.0211253583098,0.));
#2586=CARTESIAN_POINT('',(37.2459376290614,-23.5211253583097,0.));
#2587=CARTESIAN_POINT('',(37.2459376290613,-17.0211253583097,0.));
#2588=CARTESIAN_POINT('',(33.2459376290614,-27.5211253583097,0.));
#2589=CARTESIAN_POINT('Origin',(33.2459376290614,-23.5211253583097,0.));
#2590=CARTESIAN_POINT('',(17.2459376290612,-27.5211253583097,0.));
#2591=CARTESIAN_POINT('',(13.2459376290612,-27.5211253583097,0.));
#2592=CARTESIAN_POINT('',(13.2459376290612,-23.5211253583097,0.));
#2593=CARTESIAN_POINT('Origin',(17.2459376290612,-23.5211253583097,0.));
#2594=CARTESIAN_POINT('',(13.2459376290613,-17.0211253583097,0.));
#2595=CARTESIAN_POINT('',(13.2459376290613,-17.0211253583097,0.));
#2596=CARTESIAN_POINT('',(-0.508180582730942,-17.0211253583097,0.));
#2597=CARTESIAN_POINT('',(-4.50818058273094,-17.0211253583097,0.));
#2598=CARTESIAN_POINT('',(-4.50818058273094,-13.0211253583097,0.));
#2599=CARTESIAN_POINT('Origin',(-0.50818058273094,-13.0211253583097,0.));
#2600=CARTESIAN_POINT('',(-4.50818058273094,-11.0211253583097,0.));
#2601=CARTESIAN_POINT('',(-4.50818058273094,-7.02112535830968,0.));
#2602=CARTESIAN_POINT('',(-0.508180582730937,-7.02112535830969,0.));
#2603=CARTESIAN_POINT('Origin',(-0.50818058273094,-11.0211253583097,0.));
#2604=CARTESIAN_POINT('',(13.4918194172691,-7.02112535830969,0.));
#2605=CARTESIAN_POINT('',(13.4918194172691,-7.02112535830969,0.));
#2606=CARTESIAN_POINT('',(13.4918194172691,2.9788746416903,0.));
#2607=CARTESIAN_POINT('',(13.4918194172691,-7.02112535830969,0.));
#2608=CARTESIAN_POINT('',(-0.508180582730973,2.97887464169032,0.));
#2609=CARTESIAN_POINT('',(13.4918194172691,2.9788746416903,0.));
#2610=CARTESIAN_POINT('',(-4.50818058273097,6.97887464169032,0.));
#2611=CARTESIAN_POINT('Origin',(-0.508180582730967,6.97887464169032,0.));
#2612=CARTESIAN_POINT('',(-4.50818058273097,8.97887464169033,0.));
#2613=CARTESIAN_POINT('',(-4.50818058273097,2.97887464169032,0.));
#2614=CARTESIAN_POINT('',(-0.508180582730969,12.9788746416903,0.));
#2615=CARTESIAN_POINT('Origin',(-0.508180582730968,8.97887464169033,0.));
#2616=CARTESIAN_POINT('',(13.491819417269,12.9788746416903,0.));
#2617=CARTESIAN_POINT('',(-4.50818058273097,12.9788746416903,0.));
#2618=CARTESIAN_POINT('',(13.491819417269,12.9788746416903,0.));
#2619=CARTESIAN_POINT('',(16.8459376290613,-24.0211253583097,0.));
#2620=CARTESIAN_POINT('Origin',(18.2459376290613,-24.0211253583097,0.));
#2621=CARTESIAN_POINT('',(48.4000558408536,7.97887464169027,0.));
#2622=CARTESIAN_POINT('Origin',(50.0000558408536,7.97887464169027,0.));
#2623=CARTESIAN_POINT('',(48.4000558408536,-12.0211253583097,0.));
#2624=CARTESIAN_POINT('Origin',(50.0000558408536,-12.0211253583097,0.));
#2625=CARTESIAN_POINT('',(-1.10818058273095,7.97887464169032,0.));
#2626=CARTESIAN_POINT('Origin',(0.491819417269052,7.97887464169032,0.));
#2627=CARTESIAN_POINT('',(-1.10818058273094,-12.0211253583097,0.));
#2628=CARTESIAN_POINT('Origin',(0.491819417269062,-12.0211253583097,0.));
#2629=CARTESIAN_POINT('Origin',(51.0000558408537,6.97887464169026,0.));
#2630=CARTESIAN_POINT('',(51.0000558408537,2.97887464169026,0.));
#2631=CARTESIAN_POINT('',(55.0000558408537,6.97887464169025,0.));
#2632=CARTESIAN_POINT('Origin',(55.0000558408536,2.97887464169026,0.));
#2633=CARTESIAN_POINT('',(55.0000558408537,8.97887464169027,0.));
#2634=CARTESIAN_POINT('Origin',(51.0000558408537,8.97887464169028,0.));
#2635=CARTESIAN_POINT('',(51.0000558408537,12.9788746416903,0.));
#2636=CARTESIAN_POINT('Origin',(-0.508180582730967,6.97887464169032,0.));
#2637=CARTESIAN_POINT('',(-4.50818058273097,6.97887464169032,0.));
#2638=CARTESIAN_POINT('',(-0.508180582730972,2.97887464169032,0.));
#2639=CARTESIAN_POINT('Origin',(-4.50818058273097,2.97887464169032,0.));
#2640=CARTESIAN_POINT('',(13.4918194172691,2.9788746416903,0.));
#2641=CARTESIAN_POINT('Origin',(-0.508180582730968,8.97887464169033,0.));
#2642=CARTESIAN_POINT('',(-0.508180582730969,12.9788746416903,0.));
#2643=CARTESIAN_POINT('',(-4.50818058273097,8.97887464169033,0.));
#2644=CARTESIAN_POINT('Origin',(13.491819417269,12.9788746416903,0.));
#2645=CARTESIAN_POINT('',(13.491819417269,12.9788746416903,0.));
#2646=CARTESIAN_POINT('Origin',(51.0000558408536,-11.0211253583097,0.));
#2647=CARTESIAN_POINT('',(55.0000558408536,-11.0211253583097,0.));
#2648=CARTESIAN_POINT('',(51.0000558408536,-7.02112535830972,0.));
#2649=CARTESIAN_POINT('Origin',(55.0000558408536,-17.0211253583098,0.));
#2650=CARTESIAN_POINT('',(55.0000558408536,-13.0211253583098,0.));
#2651=CARTESIAN_POINT('Origin',(51.0000558408536,-13.0211253583097,0.));
#2652=CARTESIAN_POINT('',(51.0000558408536,-17.0211253583097,0.));
#2653=CARTESIAN_POINT('Origin',(-0.50818058273094,-11.0211253583097,0.));
#2654=CARTESIAN_POINT('',(-0.508180582730938,-7.02112535830969,0.));
#2655=CARTESIAN_POINT('',(-4.50818058273094,-11.0211253583097,0.));
#2656=CARTESIAN_POINT('Origin',(-4.50818058273094,-7.02112535830968,0.));
#2657=CARTESIAN_POINT('',(-4.50818058273094,-13.0211253583097,0.));
#2658=CARTESIAN_POINT('Origin',(-0.50818058273094,-13.0211253583097,0.));
#2659=CARTESIAN_POINT('',(-0.508180582730942,-17.0211253583097,0.));
#2660=CARTESIAN_POINT('Origin',(33.2459376290614,-23.5211253583097,0.));
#2661=CARTESIAN_POINT('',(33.2459376290614,-27.5211253583097,0.));
#2662=CARTESIAN_POINT('',(37.2459376290614,-23.5211253583097,0.));
#2663=CARTESIAN_POINT('Origin',(37.2459376290614,-27.5211253583097,0.));
#2664=CARTESIAN_POINT('',(37.2459376290613,-17.0211253583097,0.));
#2665=CARTESIAN_POINT('Origin',(17.2459376290612,-23.5211253583097,0.));
#2666=CARTESIAN_POINT('',(13.2459376290612,-23.5211253583097,0.));
#2667=CARTESIAN_POINT('',(17.2459376290612,-27.5211253583097,0.));
#2668=CARTESIAN_POINT('Origin',(13.2459376290613,-17.0211253583097,0.));
#2669=CARTESIAN_POINT('',(13.2459376290613,-17.0211253583097,0.));
#2670=CARTESIAN_POINT('Origin',(50.0000558408536,-8.73022882392888,8.));
#2671=CARTESIAN_POINT('',(50.0000558408536,-8.73022882392888,1.));
#2672=CARTESIAN_POINT('',(50.0000558408536,-8.73022882392888,8.));
#2673=CARTESIAN_POINT('',(52.8500558408536,-10.3756770911193,1.));
#2674=CARTESIAN_POINT('',(52.8500558408536,-10.3756770911193,1.));
#2675=CARTESIAN_POINT('',(52.8500558408536,-10.3756770911193,8.));
#2676=CARTESIAN_POINT('Origin',(47.1500558408536,-10.3756770911193,8.));
#2677=CARTESIAN_POINT('',(47.1500558408536,-10.3756770911193,1.));
#2678=CARTESIAN_POINT('',(47.1500558408536,-10.3756770911193,8.));
#2679=CARTESIAN_POINT('',(50.0000558408536,-8.73022882392888,1.));
#2680=CARTESIAN_POINT('Origin',(47.1500558408536,-13.6665736255002,8.));
#2681=CARTESIAN_POINT('',(47.1500558408536,-13.6665736255002,1.));
#2682=CARTESIAN_POINT('',(47.1500558408536,-13.6665736255002,8.));
#2683=CARTESIAN_POINT('',(47.1500558408536,-10.3756770911193,1.));
#2684=CARTESIAN_POINT('Origin',(50.0000558408536,-15.3120218926906,8.));
#2685=CARTESIAN_POINT('',(50.0000558408536,-15.3120218926906,1.));
#2686=CARTESIAN_POINT('',(50.0000558408536,-15.3120218926906,8.));
#2687=CARTESIAN_POINT('',(47.1500558408536,-13.6665736255002,1.));
#2688=CARTESIAN_POINT('Origin',(52.8500558408536,-13.6665736255001,8.));
#2689=CARTESIAN_POINT('',(52.8500558408536,-13.6665736255001,1.));
#2690=CARTESIAN_POINT('',(52.8500558408536,-13.6665736255001,8.));
#2691=CARTESIAN_POINT('',(50.0000558408536,-15.3120218926906,1.));
#2692=CARTESIAN_POINT('Origin',(52.8500558408536,-10.3756770911193,8.));
#2693=CARTESIAN_POINT('',(52.8500558408536,-13.6665736255001,1.));
#2694=CARTESIAN_POINT('Origin',(50.0000558408536,-12.0211253583097,1.));
#2695=CARTESIAN_POINT('',(48.4000558408536,-12.0211253583097,1.));
#2696=CARTESIAN_POINT('Origin',(50.0000558408536,-12.0211253583097,1.));
#2697=CARTESIAN_POINT('Origin',(50.0000558408537,11.2697711760711,8.));
#2698=CARTESIAN_POINT('',(50.0000558408537,11.2697711760711,1.));
#2699=CARTESIAN_POINT('',(50.0000558408537,11.2697711760711,8.));
#2700=CARTESIAN_POINT('',(52.8500558408536,9.62432290888068,1.));
#2701=CARTESIAN_POINT('',(52.8500558408536,9.62432290888068,1.));
#2702=CARTESIAN_POINT('',(52.8500558408536,9.62432290888068,8.));
#2703=CARTESIAN_POINT('Origin',(47.1500558408537,9.62432290888069,8.));
#2704=CARTESIAN_POINT('',(47.1500558408537,9.62432290888069,1.));
#2705=CARTESIAN_POINT('',(47.1500558408537,9.62432290888069,8.));
#2706=CARTESIAN_POINT('',(50.0000558408537,11.2697711760711,1.));
#2707=CARTESIAN_POINT('Origin',(47.1500558408537,6.33342637449985,8.));
#2708=CARTESIAN_POINT('',(47.1500558408537,6.33342637449985,1.));
#2709=CARTESIAN_POINT('',(47.1500558408537,6.33342637449985,8.));
#2710=CARTESIAN_POINT('',(47.1500558408537,9.62432290888069,1.));
#2711=CARTESIAN_POINT('Origin',(50.0000558408536,4.68797810730943,8.));
#2712=CARTESIAN_POINT('',(50.0000558408536,4.68797810730943,1.));
#2713=CARTESIAN_POINT('',(50.0000558408536,4.68797810730943,8.));
#2714=CARTESIAN_POINT('',(47.1500558408537,6.33342637449985,1.));
#2715=CARTESIAN_POINT('Origin',(52.8500558408536,6.33342637449984,8.));
#2716=CARTESIAN_POINT('',(52.8500558408536,6.33342637449984,1.));
#2717=CARTESIAN_POINT('',(52.8500558408536,6.33342637449984,8.));
#2718=CARTESIAN_POINT('',(50.0000558408536,4.68797810730943,1.));
#2719=CARTESIAN_POINT('Origin',(52.8500558408536,9.62432290888068,8.));
#2720=CARTESIAN_POINT('',(52.8500558408536,6.33342637449984,1.));
#2721=CARTESIAN_POINT('Origin',(50.0000558408536,7.97887464169026,1.));
#2722=CARTESIAN_POINT('',(48.4000558408536,7.97887464169027,1.));
#2723=CARTESIAN_POINT('Origin',(50.0000558408536,7.97887464169027,1.));
#2724=CARTESIAN_POINT('Origin',(0.491819417269067,-8.73022882392881,8.));
#2725=CARTESIAN_POINT('',(0.491819417269067,-8.73022882392881,1.));
#2726=CARTESIAN_POINT('',(0.491819417269067,-8.73022882392881,8.));
#2727=CARTESIAN_POINT('',(3.34181941726907,-10.3756770911193,1.));
#2728=CARTESIAN_POINT('',(3.34181941726907,-10.3756770911193,1.));
#2729=CARTESIAN_POINT('',(3.34181941726907,-10.3756770911193,8.));
#2730=CARTESIAN_POINT('Origin',(-2.35818058273094,-10.3756770911192,8.));
#2731=CARTESIAN_POINT('',(-2.35818058273094,-10.3756770911192,1.));
#2732=CARTESIAN_POINT('',(-2.35818058273094,-10.3756770911192,8.));
#2733=CARTESIAN_POINT('',(0.491819417269067,-8.73022882392881,1.));
#2734=CARTESIAN_POINT('Origin',(-2.35818058273094,-13.6665736255001,8.));
#2735=CARTESIAN_POINT('',(-2.35818058273094,-13.6665736255001,1.));
#2736=CARTESIAN_POINT('',(-2.35818058273094,-13.6665736255001,8.));
#2737=CARTESIAN_POINT('',(-2.35818058273094,-10.3756770911192,1.));
#2738=CARTESIAN_POINT('Origin',(0.491819417269057,-15.3120218926906,8.));
#2739=CARTESIAN_POINT('',(0.491819417269057,-15.3120218926906,1.));
#2740=CARTESIAN_POINT('',(0.491819417269057,-15.3120218926906,8.));
#2741=CARTESIAN_POINT('',(-2.35818058273094,-13.6665736255001,1.));
#2742=CARTESIAN_POINT('Origin',(3.34181941726906,-13.6665736255001,8.));
#2743=CARTESIAN_POINT('',(3.34181941726906,-13.6665736255001,1.));
#2744=CARTESIAN_POINT('',(3.34181941726906,-13.6665736255001,8.));
#2745=CARTESIAN_POINT('',(0.491819417269057,-15.3120218926906,1.));
#2746=CARTESIAN_POINT('Origin',(3.34181941726907,-10.3756770911193,8.));
#2747=CARTESIAN_POINT('',(3.34181941726906,-13.6665736255001,1.));
#2748=CARTESIAN_POINT('Origin',(0.491819417269063,-12.0211253583097,1.));
#2749=CARTESIAN_POINT('',(-1.10818058273094,-12.0211253583097,1.));
#2750=CARTESIAN_POINT('Origin',(0.491819417269062,-12.0211253583097,1.));
#2751=CARTESIAN_POINT('Origin',(0.491819417269052,11.2697711760712,8.));
#2752=CARTESIAN_POINT('',(0.491819417269052,11.2697711760712,1.));
#2753=CARTESIAN_POINT('',(0.491819417269052,11.2697711760712,8.));
#2754=CARTESIAN_POINT('',(3.34181941726905,9.62432290888075,1.));
#2755=CARTESIAN_POINT('',(3.34181941726905,9.62432290888075,1.));
#2756=CARTESIAN_POINT('',(3.34181941726905,9.62432290888075,8.));
#2757=CARTESIAN_POINT('Origin',(-2.35818058273095,9.62432290888075,8.));
#2758=CARTESIAN_POINT('',(-2.35818058273095,9.62432290888075,1.));
#2759=CARTESIAN_POINT('',(-2.35818058273095,9.62432290888075,8.));
#2760=CARTESIAN_POINT('',(0.491819417269052,11.2697711760712,1.));
#2761=CARTESIAN_POINT('Origin',(-2.35818058273095,6.33342637449988,8.));
#2762=CARTESIAN_POINT('',(-2.35818058273095,6.33342637449988,1.));
#2763=CARTESIAN_POINT('',(-2.35818058273095,6.33342637449988,8.));
#2764=CARTESIAN_POINT('',(-2.35818058273095,9.62432290888075,1.));
#2765=CARTESIAN_POINT('Origin',(0.491819417269049,4.68797810730945,8.));
#2766=CARTESIAN_POINT('',(0.49181941726905,4.68797810730945,1.));
#2767=CARTESIAN_POINT('',(0.49181941726905,4.68797810730945,8.));
#2768=CARTESIAN_POINT('',(-2.35818058273095,6.33342637449988,1.));
#2769=CARTESIAN_POINT('Origin',(3.34181941726905,6.33342637449988,8.));
#2770=CARTESIAN_POINT('',(3.34181941726905,6.33342637449988,1.));
#2771=CARTESIAN_POINT('',(3.34181941726905,6.33342637449988,8.));
#2772=CARTESIAN_POINT('',(0.49181941726905,4.68797810730945,1.));
#2773=CARTESIAN_POINT('Origin',(3.34181941726905,9.62432290888075,8.));
#2774=CARTESIAN_POINT('',(3.34181941726905,6.33342637449988,1.));
#2775=CARTESIAN_POINT('Origin',(0.491819417269052,7.97887464169032,1.));
#2776=CARTESIAN_POINT('',(-1.10818058273095,7.97887464169032,1.));
#2777=CARTESIAN_POINT('Origin',(0.491819417269052,7.97887464169032,1.));
#2778=CARTESIAN_POINT('Origin',(18.2459376290614,21.4788746416903,8.));
#2779=CARTESIAN_POINT('',(32.2459376290614,21.4788746416903,8.));
#2780=CARTESIAN_POINT('',(32.2459376290614,21.4788746416903,8.));
#2781=CARTESIAN_POINT('',(18.2459376290614,21.4788746416903,8.));
#2782=CARTESIAN_POINT('',(18.2459376290614,21.4788746416903,8.));
#2783=CARTESIAN_POINT('',(18.2459376290614,21.4788746416903,8.));
#2784=CARTESIAN_POINT('Origin',(14.2459376290614,-22.5211253583097,8.));
#2785=CARTESIAN_POINT('',(16.2459376290634,-22.5211253583097,8.));
#2786=CARTESIAN_POINT('Origin',(36.2459376290613,-22.5211253583097,8.));
#2787=CARTESIAN_POINT('',(36.2459376290613,-22.5211253583097,8.));
#2788=CARTESIAN_POINT('Origin',(34.2459376290599,-22.5211253583097,8.));
#2789=CARTESIAN_POINT('',(34.2459376290599,-22.5211253583097,8.));
#2790=CARTESIAN_POINT('Origin',(25.2459376290614,-2.0211253583097,8.));
#2791=CARTESIAN_POINT('',(16.2459376290614,21.4788746416903,8.));
#2792=CARTESIAN_POINT('',(20.7459376290614,21.4788746416903,8.));
#2793=CARTESIAN_POINT('',(16.2459376290614,19.4788746416903,8.));
#2794=CARTESIAN_POINT('',(16.2459376290614,-12.2711253583097,8.));
#2795=CARTESIAN_POINT('',(18.2459376290614,19.4788746416903,8.));
#2796=CARTESIAN_POINT('',(18.2459376290614,19.4788746416903,8.));
#2797=CARTESIAN_POINT('',(18.2459376290614,21.4788746416903,8.));
#2798=CARTESIAN_POINT('Origin',(25.2459376290614,-2.0211253583097,8.));
#2799=CARTESIAN_POINT('',(34.2459376290614,19.4788746416903,8.));
#2800=CARTESIAN_POINT('',(34.2459376290614,21.4788746416903,8.));
#2801=CARTESIAN_POINT('',(34.2459376290613,9.72887464169029,8.));
#2802=CARTESIAN_POINT('',(20.7459376290614,21.4788746416903,8.));
#2803=CARTESIAN_POINT('',(32.2459376290614,19.4788746416903,8.));
#2804=CARTESIAN_POINT('',(32.2459376290614,21.4788746416903,8.));
#2805=CARTESIAN_POINT('',(32.2459376290614,19.4788746416903,8.));
#2806=CARTESIAN_POINT('Origin',(0.491819417269062,-12.0211253583097,0.));
#2807=CARTESIAN_POINT('',(-1.10818058273094,-12.0211253583097,0.));
#2808=CARTESIAN_POINT('Origin',(0.491819417269052,7.97887464169032,0.));
#2809=CARTESIAN_POINT('',(-1.10818058273095,7.97887464169032,0.));
#2810=CARTESIAN_POINT('Origin',(50.0000558408536,-12.0211253583097,0.));
#2811=CARTESIAN_POINT('',(48.4000558408536,-12.0211253583097,0.));
#2812=CARTESIAN_POINT('Origin',(50.0000558408536,7.97887464169027,0.));
#2813=CARTESIAN_POINT('',(48.4000558408536,7.97887464169027,0.));
#2814=CARTESIAN_POINT('Origin',(18.2459376290614,19.4788746416903,0.));
#2815=CARTESIAN_POINT('',(18.2459376290614,19.4788746416903,0.));
#2816=CARTESIAN_POINT('Origin',(16.2459376290614,19.4788746416903,0.));
#2817=CARTESIAN_POINT('',(16.2459376290614,19.4788746416903,0.));
#2818=CARTESIAN_POINT('Origin',(16.2459376290614,-20.5211253583097,0.));
#2819=CARTESIAN_POINT('',(16.2459376290614,21.4788746416903,8.));
#2820=CARTESIAN_POINT('',(16.2459376290614,-20.5211253583097,0.));
#2821=CARTESIAN_POINT('Origin',(18.2459376290614,-20.5211253583097,0.));
#2822=CARTESIAN_POINT('Origin',(34.2459376290613,-20.5211253583097,0.));
#2823=CARTESIAN_POINT('',(34.2459376290613,-20.5211253583097,0.));
#2824=CARTESIAN_POINT('Origin',(34.2459376290614,19.4788746416903,0.));
#2825=CARTESIAN_POINT('',(34.2459376290614,21.4788746416903,8.));
#2826=CARTESIAN_POINT('',(34.2459376290614,19.4788746416903,0.));
#2827=CARTESIAN_POINT('Origin',(32.2459376290614,19.4788746416903,0.));
#2828=CARTESIAN_POINT('',(32.2459376290614,19.4788746416903,0.));
#2829=CARTESIAN_POINT('Origin',(32.2459376290614,21.4788746416903,0.));
#2830=CARTESIAN_POINT('Origin',(18.2459376290614,21.4788746416903,0.));
#2831=CARTESIAN_POINT('Origin',(18.2459376290613,-24.0211253583097,0.));
#2832=CARTESIAN_POINT('',(16.8459376290613,-24.0211253583097,0.));
#2833=CARTESIAN_POINT('Origin',(13.4918194172691,2.9788746416903,0.));
#2834=CARTESIAN_POINT('',(13.4918194172691,-7.02112535830969,0.));
#2835=CARTESIAN_POINT('Origin',(-4.50818058273097,12.9788746416903,0.));
#2836=CARTESIAN_POINT('Origin',(13.491819417269,23.4788746416903,0.));
#2837=CARTESIAN_POINT('Origin',(37.0000558408537,12.9788746416903,0.));
#2838=CARTESIAN_POINT('',(37.0000558408537,12.9788746416903,0.));
#2839=CARTESIAN_POINT('Origin',(55.0000558408537,12.9788746416903,0.));
#2840=CARTESIAN_POINT('Origin',(37.0000558408536,2.97887464169028,0.));
#2841=CARTESIAN_POINT('',(37.0000558408536,2.97887464169028,0.));
#2842=CARTESIAN_POINT('Origin',(37.0000558408536,-7.02112535830972,0.));
#2843=CARTESIAN_POINT('',(37.0000558408536,-7.02112535830972,0.));
#2844=CARTESIAN_POINT('Origin',(55.0000558408536,-7.02112535830972,0.));
#2845=CARTESIAN_POINT('Origin',(37.2459376290613,-17.0211253583097,0.));
#2846=CARTESIAN_POINT('Origin',(13.2459376290612,-27.5211253583097,0.));
#2847=CARTESIAN_POINT('Origin',(-4.50818058273094,-17.0211253583097,0.));
#2848=CARTESIAN_POINT('Origin',(13.4918194172691,-7.02112535830969,0.));
#2849=UNCERTAINTY_MEASURE_WITH_UNIT(LENGTH_MEASURE(0.01),#2853,
'DISTANCE_ACCURACY_VALUE',
'Maximum model space distance between geometric entities at asserted c
onnectivities');
#2850=UNCERTAINTY_MEASURE_WITH_UNIT(LENGTH_MEASURE(0.01),#2853,
'DISTANCE_ACCURACY_VALUE',
'Maximum model space distance between geometric entities at asserted c
onnectivities');
#2851=(
GEOMETRIC_REPRESENTATION_CONTEXT(3)
GLOBAL_UNCERTAINTY_ASSIGNED_CONTEXT((#2849))
GLOBAL_UNIT_ASSIGNED_CONTEXT((#2853,#2855,#2856))
REPRESENTATION_CONTEXT('','3D')
);
#2852=(
GEOMETRIC_REPRESENTATION_CONTEXT(3)
GLOBAL_UNCERTAINTY_ASSIGNED_CONTEXT((#2850))
GLOBAL_UNIT_ASSIGNED_CONTEXT((#2853,#2855,#2856))
REPRESENTATION_CONTEXT('','3D')
);
#2853=(
LENGTH_UNIT()
NAMED_UNIT(*)
SI_UNIT(.MILLI.,.METRE.)
);
#2854=(
LENGTH_UNIT()
NAMED_UNIT(*)
SI_UNIT($,.METRE.)
);
#2855=(
NAMED_UNIT(*)
PLANE_ANGLE_UNIT()
SI_UNIT($,.RADIAN.)
);
#2856=(
NAMED_UNIT(*)
SI_UNIT($,.STERADIAN.)
SOLID_ANGLE_UNIT()
);
#2857=SHAPE_DEFINITION_REPRESENTATION(#2858,#2859);
#2858=PRODUCT_DEFINITION_SHAPE('',$,#2861);
#2859=SHAPE_REPRESENTATION('',(#1767),#2851);
#2860=PRODUCT_DEFINITION_CONTEXT('part definition',#2865,'design');
#2861=PRODUCT_DEFINITION('Halter_Arduino','Halter_Arduino v2',#2862,#2860);
#2862=PRODUCT_DEFINITION_FORMATION('',$,#2867);
#2863=PRODUCT_RELATED_PRODUCT_CATEGORY('Halter_Arduino v2',
'Halter_Arduino v2',(#2867));
#2864=APPLICATION_PROTOCOL_DEFINITION('international standard',
'automotive_design',2009,#2865);
#2865=APPLICATION_CONTEXT(
'Core Data for Automotive Mechanical Design Process');
#2866=PRODUCT_CONTEXT('part definition',#2865,'mechanical');
#2867=PRODUCT('Halter_Arduino','Halter_Arduino v2',$,(#2866));
#2868=PRESENTATION_STYLE_ASSIGNMENT((#2869));
#2869=SURFACE_STYLE_USAGE(.BOTH.,#2870);
#2870=SURFACE_SIDE_STYLE('',(#2871));
#2871=SURFACE_STYLE_FILL_AREA(#2872);
#2872=FILL_AREA_STYLE('Stahl - satiniert',(#2873));
#2873=FILL_AREA_STYLE_COLOUR('Stahl - satiniert',#2874);
#2874=COLOUR_RGB('Stahl - satiniert',0.627450980392157,0.627450980392157,
0.627450980392157);
ENDSEC;
END-ISO-10303-21;
