ISO-10303-21;
HEADER;
/* Generated by software containing ST-Developer
 * from STEP Tools, Inc. (www.steptools.com) 
 */

FILE_DESCRIPTION(
/* description */ (''),
/* implementation_level */ '2;1');

FILE_NAME(
/* name */ 'Kran_Seiltrommel_gespiegelt.step',
/* time_stamp */ '2026-06-28T17:05:02+02:00',
/* author */ (''),
/* organization */ (''),
/* preprocessor_version */ 'ST-DEVELOPER v20.1',
/* originating_system */ 'Autodesk Translation Framework v15.8.0.0',
/* authorisation */ '');

FILE_SCHEMA (('AUTOMOTIVE_DESIGN { 1 0 10303 214 3 1 1 }'));
ENDSEC;

DATA;
#10=MECHANICAL_DESIGN_GEOMETRIC_PRESENTATION_REPRESENTATION('',(#13),#2618);
#11=SHAPE_REPRESENTATION_RELATIONSHIP('SRR','None',#2625,#12);
#12=ADVANCED_BREP_SHAPE_REPRESENTATION('',(#14),#2617);
#13=STYLED_ITEM('',(#2634),#14);
#14=MANIFOLD_SOLID_BREP('Seiltrommel_V',#1402);
#15=FACE_BOUND('',#174,.T.);
#16=FACE_BOUND('',#175,.T.);
#17=FACE_BOUND('',#176,.T.);
#18=FACE_BOUND('',#177,.T.);
#19=FACE_BOUND('',#178,.T.);
#20=FACE_BOUND('',#181,.T.);
#21=FACE_BOUND('',#185,.T.);
#22=FACE_BOUND('',#186,.T.);
#23=FACE_BOUND('',#191,.T.);
#24=FACE_BOUND('',#193,.T.);
#25=FACE_BOUND('',#194,.T.);
#26=FACE_BOUND('',#195,.T.);
#27=FACE_BOUND('',#241,.T.);
#28=FACE_BOUND('',#253,.T.);
#29=FACE_BOUND('',#256,.T.);
#30=FACE_BOUND('',#258,.T.);
#31=FACE_BOUND('',#259,.T.);
#32=FACE_BOUND('',#260,.T.);
#33=FACE_BOUND('',#262,.T.);
#34=FACE_BOUND('',#265,.T.);
#35=ELLIPSE('',#1422,1.81173331571764,1.75);
#36=B_SPLINE_CURVE_WITH_KNOTS('',3,(#1950,#1951,#1952,#1953,#1954,#1955,
#1956,#1957,#1958,#1959,#1960,#1961,#1962,#1963,#1964),.UNSPECIFIED.,.F.,
 .F.,(4,2,2,3,2,2,4),(-0.195791197151755,-0.133079078473325,-0.0665395392366623,
0.,0.0665395392366624,0.133079078473325,0.195791197155456),
 .UNSPECIFIED.);
#37=B_SPLINE_CURVE_WITH_KNOTS('',3,(#1971,#1972,#1973,#1974,#1975,#1976,
#1977,#1978,#1979,#1980,#1981,#1982,#1983,#1984,#1985,#1986,#1987,#1988,
#1989,#1990,#1991,#1992,#1993,#1994,#1995,#1996),.UNSPECIFIED.,.F.,.F.,
(4,2,2,2,2,2,2,2,2,2,2,2,4),(0.,0.0665395392366624,0.133079078473325,0.199582238702854,
0.266085398932383,0.332588559161912,0.399091719391441,0.465631258628104,
0.532170797864766,0.598710337101428,0.665249876338091,0.73175303656762,
0.798256196797149),.UNSPECIFIED.);
#38=B_SPLINE_CURVE_WITH_KNOTS('',3,(#1997,#1998,#1999,#2000,#2001,#2002,
#2003,#2004,#2005,#2006),.UNSPECIFIED.,.F.,.F.,(4,2,2,2,4),(0.798256196797149,
0.864759357026678,0.931262517256207,0.99780205649287,1.06434159572953),
 .UNSPECIFIED.);
#39=B_SPLINE_CURVE_WITH_KNOTS('',3,(#2008,#2009,#2010,#2011,#2012,#2013,
#2014,#2015,#2016,#2017,#2018,#2019,#2020,#2021),.UNSPECIFIED.,.F.,.F.,
(4,2,2,2,2,2,4),(0.336379600709307,0.399091719391441,0.465631258628104,
0.532170797864766,0.598710337101429,0.665249876338091,0.727961995020225),
 .UNSPECIFIED.);
#40=B_SPLINE_CURVE_WITH_KNOTS('',3,(#2065,#2066,#2067,#2068,#2069,#2070,
#2071,#2072,#2073,#2074,#2075,#2076,#2077,#2078,#2079,#2080,#2081,#2082,
#2083,#2084,#2085,#2086,#2087,#2088,#2089,#2090,#2091,#2092,#2093,#2094,
#2095,#2096),.UNSPECIFIED.,.F.,.F.,(4,2,2,2,2,2,2,2,2,2,2,2,2,2,2,4),(0.,
0.0258885306109353,0.0517770612218706,0.103554122443741,0.153222073340037,
0.202890024236333,0.253136618565085,0.303383212893837,0.355769361046,0.381962435122082,
0.408155509198163,0.434348583274245,0.460541657350326,0.512927805502489,
0.563174399831242,0.613420994159994),.UNSPECIFIED.);
#41=B_SPLINE_CURVE_WITH_KNOTS('',3,(#2097,#2098,#2099,#2100,#2101,#2102,
#2103,#2104,#2105,#2106,#2107,#2108),.UNSPECIFIED.,.F.,.F.,(4,2,2,2,2,4),
(0.613420994159994,0.66308894505629,0.712756895952586,0.764533957174456,
0.790422487785391,0.816311018396327),.UNSPECIFIED.);
#42=B_SPLINE_CURVE_WITH_KNOTS('',3,(#2115,#2116,#2117,#2118,#2119,#2120,
#2121,#2122,#2123,#2124,#2125,#2126,#2127,#2128,#2129,#2130,#2131,#2132),
 .UNSPECIFIED.,.F.,.F.,(4,2,2,2,2,2,2,2,4),(0.455064911568751,0.568814191156352,
0.682563470743952,0.796346646940728,0.910129823137503,1.02391299933428,
1.13769617553105,1.25144545511865,1.36519473470625),.UNSPECIFIED.);
#43=B_SPLINE_CURVE_WITH_KNOTS('',3,(#2134,#2135,#2136,#2137,#2138,#2139,
#2140,#2141,#2142,#2143),.UNSPECIFIED.,.F.,.F.,(4,2,2,2,4),(1.82025964627501,
1.93404282247178,2.04782599866856,2.16157527825616,2.27532455784376),
 .UNSPECIFIED.);
#44=B_SPLINE_CURVE_WITH_KNOTS('',3,(#2145,#2146,#2147,#2148,#2149,#2150,
#2151,#2152,#2153,#2154),.UNSPECIFIED.,.F.,.F.,(4,2,2,2,4),(1.36519473470625,
1.47894401429385,1.59269329388146,1.70647647007823,1.82025964627501),
 .UNSPECIFIED.);
#45=B_SPLINE_CURVE_WITH_KNOTS('',3,(#2158,#2159,#2160,#2161,#2162,#2163,
#2164,#2165,#2166,#2167,#2168,#2169),.UNSPECIFIED.,.F.,.F.,(4,2,2,2,2,4),
(0.,0.0258885306109353,0.0517770612218706,0.103554122443741,0.153222073340037,
0.202890024236333),.UNSPECIFIED.);
#46=B_SPLINE_CURVE_WITH_KNOTS('',3,(#2170,#2171,#2172,#2173,#2174,#2175,
#2176,#2177,#2178,#2179,#2180,#2181,#2182,#2183,#2184,#2185,#2186,#2187,
#2188,#2189,#2190,#2191,#2192,#2193,#2194,#2195,#2196,#2197,#2198,#2199,
#2200,#2201),.UNSPECIFIED.,.F.,.F.,(4,2,2,2,2,2,2,2,2,2,2,2,2,2,2,4),(0.202890024236333,
0.253136618565085,0.303383212893837,0.355769361046,0.381962435122082,0.408155509198163,
0.434348583274245,0.460541657350326,0.512927805502489,0.563174399831242,
0.613420994159994,0.66308894505629,0.712756895952586,0.764533957174456,
0.790422487785391,0.816311018396327),.UNSPECIFIED.);
#47=B_SPLINE_CURVE_WITH_KNOTS('',3,(#2205,#2206,#2207,#2208,#2209,#2210,
#2211,#2212,#2213,#2214),.UNSPECIFIED.,.F.,.F.,(4,2,2,2,4),(0.565665723963061,
0.61280433739166,0.659942950820259,0.70708195805217,0.754220965284082),
 .UNSPECIFIED.);
#48=B_SPLINE_CURVE_WITH_KNOTS('',3,(#2216,#2217,#2218,#2219,#2220,#2221,
#2222,#2223,#2224,#2225,#2226,#2227,#2228,#2229,#2230,#2231,#2232,#2233),
 .UNSPECIFIED.,.F.,.F.,(4,2,2,2,2,2,2,2,4),(0.188555241321021,0.235693854749619,
0.282832468178217,0.329971475410129,0.377110482642041,0.424249489873953,
0.471388497105864,0.518527110534463,0.565665723963061),.UNSPECIFIED.);
#49=B_SPLINE_CURVE_WITH_KNOTS('',3,(#2234,#2235,#2236,#2237,#2238,#2239,
#2240,#2241,#2242,#2243),.UNSPECIFIED.,.F.,.F.,(4,2,2,2,4),(0.754220965284082,
0.801359972515993,0.848498979747905,0.895637593176504,0.942776206605102),
 .UNSPECIFIED.);
#50=B_SPLINE_CURVE_WITH_KNOTS('',3,(#2247,#2248,#2249,#2250,#2251,#2252,
#2253,#2254,#2255,#2256,#2257,#2258,#2259,#2260,#2261,#2262,#2263,#2264),
 .UNSPECIFIED.,.F.,.F.,(4,2,2,2,2,2,2,2,4),(0.226379399433971,0.282973755892787,
0.339568112351604,0.396163455609773,0.452758798867942,0.509354142126112,
0.565949485384281,0.622543841843098,0.679138198301914),.UNSPECIFIED.);
#51=B_SPLINE_CURVE_WITH_KNOTS('',3,(#2265,#2266,#2267,#2268,#2269,#2270,
#2271,#2272,#2273,#2274,#2275,#2276,#2277,#2278,#2279,#2280,#2281,#2282,
#2283),.UNSPECIFIED.,.F.,.F.,(4,2,2,2,3,2,2,2,4),(0.679138198301914,0.73573255476073,
0.792326911219546,0.848922254477716,0.905517597735885,0.962112940994054,
1.01870828425222,1.07530264071104,1.13189699716986),.UNSPECIFIED.);
#52=B_SPLINE_CURVE_WITH_KNOTS('',3,(#2287,#2288,#2289,#2290,#2291,#2292,
#2293,#2294,#2295,#2296),.UNSPECIFIED.,.F.,.F.,(4,2,2,2,4),(0.,0.0565953432581694,
0.113190686516339,0.169785042975155,0.226379399433971),.UNSPECIFIED.);
#53=B_SPLINE_CURVE_WITH_KNOTS('',3,(#2297,#2298,#2299,#2300,#2301,#2302,
#2303,#2304,#2305,#2306,#2307,#2308,#2309,#2310,#2311,#2312,#2313,#2314,
#2315,#2316,#2317,#2318,#2319,#2320,#2321,#2322),.UNSPECIFIED.,.F.,.F.,
(4,2,2,2,2,2,2,2,2,2,2,2,4),(0.226379399433971,0.282973755892787,0.339568112351604,
0.396163455609773,0.452758798867942,0.509354142126112,0.565949485384281,
0.622543841843098,0.679138198301914,0.73573255476073,0.792326911219546,
0.848922254477716,0.905517597735885),.UNSPECIFIED.);
#54=CYLINDRICAL_SURFACE('',#1420,1.75);
#55=CYLINDRICAL_SURFACE('',#1421,1.75);
#56=CYLINDRICAL_SURFACE('',#1423,1.75);
#57=CYLINDRICAL_SURFACE('',#1424,1.35);
#58=CYLINDRICAL_SURFACE('',#1428,1.35);
#59=CYLINDRICAL_SURFACE('',#1432,1.35);
#60=CYLINDRICAL_SURFACE('',#1436,1.35);
#61=CYLINDRICAL_SURFACE('',#1440,11.15);
#62=CYLINDRICAL_SURFACE('',#1445,1.25);
#63=CYLINDRICAL_SURFACE('',#1449,3.);
#64=CYLINDRICAL_SURFACE('',#1450,1.25);
#65=CYLINDRICAL_SURFACE('',#1451,1.5);
#66=CYLINDRICAL_SURFACE('',#1452,8.5);
#67=CYLINDRICAL_SURFACE('',#1456,9.5);
#68=CYLINDRICAL_SURFACE('',#1460,5.05);
#69=CYLINDRICAL_SURFACE('',#1537,25.);
#70=CYLINDRICAL_SURFACE('',#1541,10.);
#71=CYLINDRICAL_SURFACE('',#1545,25.);
#72=FACE_OUTER_BOUND('',#159,.T.);
#73=FACE_OUTER_BOUND('',#160,.T.);
#74=FACE_OUTER_BOUND('',#161,.T.);
#75=FACE_OUTER_BOUND('',#162,.T.);
#76=FACE_OUTER_BOUND('',#163,.T.);
#77=FACE_OUTER_BOUND('',#164,.T.);
#78=FACE_OUTER_BOUND('',#165,.T.);
#79=FACE_OUTER_BOUND('',#166,.T.);
#80=FACE_OUTER_BOUND('',#167,.T.);
#81=FACE_OUTER_BOUND('',#168,.T.);
#82=FACE_OUTER_BOUND('',#169,.T.);
#83=FACE_OUTER_BOUND('',#170,.T.);
#84=FACE_OUTER_BOUND('',#171,.T.);
#85=FACE_OUTER_BOUND('',#172,.T.);
#86=FACE_OUTER_BOUND('',#173,.T.);
#87=FACE_OUTER_BOUND('',#179,.T.);
#88=FACE_OUTER_BOUND('',#180,.T.);
#89=FACE_OUTER_BOUND('',#182,.T.);
#90=FACE_OUTER_BOUND('',#183,.T.);
#91=FACE_OUTER_BOUND('',#184,.T.);
#92=FACE_OUTER_BOUND('',#187,.T.);
#93=FACE_OUTER_BOUND('',#188,.T.);
#94=FACE_OUTER_BOUND('',#189,.T.);
#95=FACE_OUTER_BOUND('',#190,.T.);
#96=FACE_OUTER_BOUND('',#192,.T.);
#97=FACE_OUTER_BOUND('',#196,.T.);
#98=FACE_OUTER_BOUND('',#197,.T.);
#99=FACE_OUTER_BOUND('',#198,.T.);
#100=FACE_OUTER_BOUND('',#199,.T.);
#101=FACE_OUTER_BOUND('',#200,.T.);
#102=FACE_OUTER_BOUND('',#201,.T.);
#103=FACE_OUTER_BOUND('',#202,.T.);
#104=FACE_OUTER_BOUND('',#203,.T.);
#105=FACE_OUTER_BOUND('',#204,.T.);
#106=FACE_OUTER_BOUND('',#205,.T.);
#107=FACE_OUTER_BOUND('',#206,.T.);
#108=FACE_OUTER_BOUND('',#207,.T.);
#109=FACE_OUTER_BOUND('',#208,.T.);
#110=FACE_OUTER_BOUND('',#209,.T.);
#111=FACE_OUTER_BOUND('',#210,.T.);
#112=FACE_OUTER_BOUND('',#211,.T.);
#113=FACE_OUTER_BOUND('',#212,.T.);
#114=FACE_OUTER_BOUND('',#213,.T.);
#115=FACE_OUTER_BOUND('',#214,.T.);
#116=FACE_OUTER_BOUND('',#215,.T.);
#117=FACE_OUTER_BOUND('',#216,.T.);
#118=FACE_OUTER_BOUND('',#217,.T.);
#119=FACE_OUTER_BOUND('',#218,.T.);
#120=FACE_OUTER_BOUND('',#219,.T.);
#121=FACE_OUTER_BOUND('',#220,.T.);
#122=FACE_OUTER_BOUND('',#221,.T.);
#123=FACE_OUTER_BOUND('',#222,.T.);
#124=FACE_OUTER_BOUND('',#223,.T.);
#125=FACE_OUTER_BOUND('',#224,.T.);
#126=FACE_OUTER_BOUND('',#225,.T.);
#127=FACE_OUTER_BOUND('',#226,.T.);
#128=FACE_OUTER_BOUND('',#227,.T.);
#129=FACE_OUTER_BOUND('',#228,.T.);
#130=FACE_OUTER_BOUND('',#229,.T.);
#131=FACE_OUTER_BOUND('',#230,.T.);
#132=FACE_OUTER_BOUND('',#231,.T.);
#133=FACE_OUTER_BOUND('',#232,.T.);
#134=FACE_OUTER_BOUND('',#233,.T.);
#135=FACE_OUTER_BOUND('',#234,.T.);
#136=FACE_OUTER_BOUND('',#235,.T.);
#137=FACE_OUTER_BOUND('',#236,.T.);
#138=FACE_OUTER_BOUND('',#237,.T.);
#139=FACE_OUTER_BOUND('',#238,.T.);
#140=FACE_OUTER_BOUND('',#239,.T.);
#141=FACE_OUTER_BOUND('',#240,.T.);
#142=FACE_OUTER_BOUND('',#242,.T.);
#143=FACE_OUTER_BOUND('',#243,.T.);
#144=FACE_OUTER_BOUND('',#244,.T.);
#145=FACE_OUTER_BOUND('',#245,.T.);
#146=FACE_OUTER_BOUND('',#246,.T.);
#147=FACE_OUTER_BOUND('',#247,.T.);
#148=FACE_OUTER_BOUND('',#248,.T.);
#149=FACE_OUTER_BOUND('',#249,.T.);
#150=FACE_OUTER_BOUND('',#250,.T.);
#151=FACE_OUTER_BOUND('',#251,.T.);
#152=FACE_OUTER_BOUND('',#252,.T.);
#153=FACE_OUTER_BOUND('',#254,.T.);
#154=FACE_OUTER_BOUND('',#255,.T.);
#155=FACE_OUTER_BOUND('',#257,.T.);
#156=FACE_OUTER_BOUND('',#261,.T.);
#157=FACE_OUTER_BOUND('',#263,.T.);
#158=FACE_OUTER_BOUND('',#264,.T.);
#159=EDGE_LOOP('',(#868,#869));
#160=EDGE_LOOP('',(#870,#871));
#161=EDGE_LOOP('',(#872,#873));
#162=EDGE_LOOP('',(#874,#875,#876,#877,#878));
#163=EDGE_LOOP('',(#879,#880));
#164=EDGE_LOOP('',(#881,#882,#883,#884));
#165=EDGE_LOOP('',(#885));
#166=EDGE_LOOP('',(#886,#887,#888,#889));
#167=EDGE_LOOP('',(#890));
#168=EDGE_LOOP('',(#891,#892,#893,#894));
#169=EDGE_LOOP('',(#895));
#170=EDGE_LOOP('',(#896,#897,#898,#899));
#171=EDGE_LOOP('',(#900));
#172=EDGE_LOOP('',(#901,#902,#903,#904));
#173=EDGE_LOOP('',(#905));
#174=EDGE_LOOP('',(#906));
#175=EDGE_LOOP('',(#907));
#176=EDGE_LOOP('',(#908));
#177=EDGE_LOOP('',(#909));
#178=EDGE_LOOP('',(#910));
#179=EDGE_LOOP('',(#911,#912,#913,#914,#915));
#180=EDGE_LOOP('',(#916));
#181=EDGE_LOOP('',(#917));
#182=EDGE_LOOP('',(#918,#919,#920,#921,#922,#923));
#183=EDGE_LOOP('',(#924,#925,#926,#927,#928,#929,#930));
#184=EDGE_LOOP('',(#931,#932,#933,#934,#935,#936));
#185=EDGE_LOOP('',(#937,#938));
#186=EDGE_LOOP('',(#939,#940));
#187=EDGE_LOOP('',(#941,#942,#943,#944));
#188=EDGE_LOOP('',(#945));
#189=EDGE_LOOP('',(#946,#947,#948,#949));
#190=EDGE_LOOP('',(#950));
#191=EDGE_LOOP('',(#951));
#192=EDGE_LOOP('',(#952,#953,#954,#955));
#193=EDGE_LOOP('',(#956,#957));
#194=EDGE_LOOP('',(#958,#959));
#195=EDGE_LOOP('',(#960,#961));
#196=EDGE_LOOP('',(#962));
#197=EDGE_LOOP('',(#963,#964,#965,#966));
#198=EDGE_LOOP('',(#967,#968,#969,#970));
#199=EDGE_LOOP('',(#971,#972,#973));
#200=EDGE_LOOP('',(#974,#975,#976,#977));
#201=EDGE_LOOP('',(#978,#979,#980,#981));
#202=EDGE_LOOP('',(#982,#983,#984));
#203=EDGE_LOOP('',(#985,#986,#987,#988));
#204=EDGE_LOOP('',(#989,#990,#991,#992));
#205=EDGE_LOOP('',(#993,#994,#995));
#206=EDGE_LOOP('',(#996,#997,#998,#999));
#207=EDGE_LOOP('',(#1000,#1001,#1002,#1003));
#208=EDGE_LOOP('',(#1004,#1005,#1006));
#209=EDGE_LOOP('',(#1007,#1008,#1009,#1010));
#210=EDGE_LOOP('',(#1011,#1012,#1013,#1014));
#211=EDGE_LOOP('',(#1015,#1016,#1017));
#212=EDGE_LOOP('',(#1018,#1019,#1020,#1021));
#213=EDGE_LOOP('',(#1022,#1023,#1024,#1025));
#214=EDGE_LOOP('',(#1026,#1027,#1028));
#215=EDGE_LOOP('',(#1029,#1030,#1031,#1032));
#216=EDGE_LOOP('',(#1033,#1034,#1035,#1036));
#217=EDGE_LOOP('',(#1037,#1038,#1039));
#218=EDGE_LOOP('',(#1040,#1041,#1042,#1043));
#219=EDGE_LOOP('',(#1044,#1045,#1046,#1047));
#220=EDGE_LOOP('',(#1048,#1049,#1050));
#221=EDGE_LOOP('',(#1051,#1052,#1053,#1054));
#222=EDGE_LOOP('',(#1055,#1056,#1057,#1058));
#223=EDGE_LOOP('',(#1059,#1060,#1061));
#224=EDGE_LOOP('',(#1062,#1063,#1064,#1065));
#225=EDGE_LOOP('',(#1066,#1067,#1068,#1069));
#226=EDGE_LOOP('',(#1070,#1071,#1072));
#227=EDGE_LOOP('',(#1073,#1074,#1075,#1076));
#228=EDGE_LOOP('',(#1077,#1078,#1079,#1080));
#229=EDGE_LOOP('',(#1081,#1082,#1083));
#230=EDGE_LOOP('',(#1084,#1085,#1086,#1087));
#231=EDGE_LOOP('',(#1088,#1089,#1090,#1091));
#232=EDGE_LOOP('',(#1092,#1093,#1094));
#233=EDGE_LOOP('',(#1095,#1096,#1097,#1098));
#234=EDGE_LOOP('',(#1099,#1100,#1101,#1102));
#235=EDGE_LOOP('',(#1103,#1104,#1105));
#236=EDGE_LOOP('',(#1106,#1107,#1108,#1109));
#237=EDGE_LOOP('',(#1110,#1111,#1112,#1113));
#238=EDGE_LOOP('',(#1114,#1115,#1116));
#239=EDGE_LOOP('',(#1117,#1118,#1119,#1120));
#240=EDGE_LOOP('',(#1121,#1122,#1123,#1124));
#241=EDGE_LOOP('',(#1125));
#242=EDGE_LOOP('',(#1126,#1127,#1128));
#243=EDGE_LOOP('',(#1129,#1130,#1131,#1132));
#244=EDGE_LOOP('',(#1133,#1134,#1135,#1136));
#245=EDGE_LOOP('',(#1137,#1138,#1139));
#246=EDGE_LOOP('',(#1140,#1141,#1142,#1143));
#247=EDGE_LOOP('',(#1144,#1145,#1146,#1147));
#248=EDGE_LOOP('',(#1148,#1149,#1150));
#249=EDGE_LOOP('',(#1151,#1152,#1153,#1154));
#250=EDGE_LOOP('',(#1155,#1156,#1157,#1158));
#251=EDGE_LOOP('',(#1159,#1160,#1161));
#252=EDGE_LOOP('',(#1162));
#253=EDGE_LOOP('',(#1163));
#254=EDGE_LOOP('',(#1164,#1165,#1166,#1167));
#255=EDGE_LOOP('',(#1168));
#256=EDGE_LOOP('',(#1169));
#257=EDGE_LOOP('',(#1170,#1171,#1172,#1173,#1174,#1175,#1176,#1177,#1178));
#258=EDGE_LOOP('',(#1179,#1180,#1181));
#259=EDGE_LOOP('',(#1182,#1183));
#260=EDGE_LOOP('',(#1184,#1185));
#261=EDGE_LOOP('',(#1186));
#262=EDGE_LOOP('',(#1187));
#263=EDGE_LOOP('',(#1188,#1189,#1190,#1191,#1192,#1193,#1194,#1195,#1196,
#1197,#1198,#1199,#1200,#1201,#1202,#1203,#1204,#1205,#1206,#1207,#1208));
#264=EDGE_LOOP('',(#1209,#1210,#1211,#1212,#1213,#1214,#1215,#1216,#1217,
#1218,#1219,#1220,#1221,#1222,#1223,#1224,#1225,#1226,#1227,#1228,#1229,
#1230,#1231,#1232,#1233,#1234,#1235,#1236,#1237,#1238,#1239,#1240,#1241,
#1242,#1243,#1244));
#265=EDGE_LOOP('',(#1245));
#266=CIRCLE('',#1417,1.75);
#267=CIRCLE('',#1419,1.75);
#268=CIRCLE('',#1425,1.35);
#269=CIRCLE('',#1426,1.35);
#270=CIRCLE('',#1429,1.35);
#271=CIRCLE('',#1430,1.35);
#272=CIRCLE('',#1433,1.35);
#273=CIRCLE('',#1434,1.35);
#274=CIRCLE('',#1437,1.35);
#275=CIRCLE('',#1438,1.35);
#276=CIRCLE('',#1441,11.15);
#277=CIRCLE('',#1442,11.15);
#278=CIRCLE('',#1444,5.05);
#279=CIRCLE('',#1446,1.25);
#280=CIRCLE('',#1448,3.);
#281=CIRCLE('',#1453,8.5);
#282=CIRCLE('',#1454,8.5);
#283=CIRCLE('',#1457,9.5);
#284=CIRCLE('',#1458,9.5);
#285=CIRCLE('',#1461,5.05);
#286=CIRCLE('',#1466,25.);
#287=CIRCLE('',#1470,25.);
#288=CIRCLE('',#1474,25.);
#289=CIRCLE('',#1478,25.);
#290=CIRCLE('',#1482,25.);
#291=CIRCLE('',#1486,25.);
#292=CIRCLE('',#1490,25.);
#293=CIRCLE('',#1494,25.);
#294=CIRCLE('',#1498,25.);
#295=CIRCLE('',#1502,25.);
#296=CIRCLE('',#1506,25.);
#297=CIRCLE('',#1510,25.);
#298=CIRCLE('',#1514,25.);
#299=CIRCLE('',#1518,25.);
#300=CIRCLE('',#1522,25.);
#301=CIRCLE('',#1526,25.);
#302=CIRCLE('',#1530,25.);
#303=CIRCLE('',#1534,25.);
#304=CIRCLE('',#1536,25.);
#305=CIRCLE('',#1538,25.);
#306=CIRCLE('',#1540,9.99999999999999);
#307=CIRCLE('',#1542,10.);
#308=CIRCLE('',#1544,25.);
#309=LINE('',#1942,#436);
#310=LINE('',#1947,#437);
#311=LINE('',#1969,#438);
#312=LINE('',#2026,#439);
#313=LINE('',#2033,#440);
#314=LINE('',#2040,#441);
#315=LINE('',#2047,#442);
#316=LINE('',#2054,#443);
#317=LINE('',#2063,#444);
#318=LINE('',#2144,#445);
#319=LINE('',#2203,#446);
#320=LINE('',#2285,#447);
#321=LINE('',#2327,#448);
#322=LINE('',#2334,#449);
#323=LINE('',#2339,#450);
#324=LINE('',#2345,#451);
#325=LINE('',#2347,#452);
#326=LINE('',#2349,#453);
#327=LINE('',#2350,#454);
#328=LINE('',#2353,#455);
#329=LINE('',#2355,#456);
#330=LINE('',#2356,#457);
#331=LINE('',#2362,#458);
#332=LINE('',#2364,#459);
#333=LINE('',#2366,#460);
#334=LINE('',#2367,#461);
#335=LINE('',#2369,#462);
#336=LINE('',#2370,#463);
#337=LINE('',#2376,#464);
#338=LINE('',#2378,#465);
#339=LINE('',#2380,#466);
#340=LINE('',#2381,#467);
#341=LINE('',#2383,#468);
#342=LINE('',#2384,#469);
#343=LINE('',#2390,#470);
#344=LINE('',#2392,#471);
#345=LINE('',#2394,#472);
#346=LINE('',#2395,#473);
#347=LINE('',#2398,#474);
#348=LINE('',#2400,#475);
#349=LINE('',#2401,#476);
#350=LINE('',#2407,#477);
#351=LINE('',#2409,#478);
#352=LINE('',#2411,#479);
#353=LINE('',#2412,#480);
#354=LINE('',#2414,#481);
#355=LINE('',#2415,#482);
#356=LINE('',#2421,#483);
#357=LINE('',#2423,#484);
#358=LINE('',#2425,#485);
#359=LINE('',#2426,#486);
#360=LINE('',#2429,#487);
#361=LINE('',#2431,#488);
#362=LINE('',#2432,#489);
#363=LINE('',#2437,#490);
#364=LINE('',#2439,#491);
#365=LINE('',#2440,#492);
#366=LINE('',#2443,#493);
#367=LINE('',#2445,#494);
#368=LINE('',#2446,#495);
#369=LINE('',#2452,#496);
#370=LINE('',#2454,#497);
#371=LINE('',#2456,#498);
#372=LINE('',#2457,#499);
#373=LINE('',#2460,#500);
#374=LINE('',#2462,#501);
#375=LINE('',#2463,#502);
#376=LINE('',#2468,#503);
#377=LINE('',#2470,#504);
#378=LINE('',#2471,#505);
#379=LINE('',#2473,#506);
#380=LINE('',#2474,#507);
#381=LINE('',#2480,#508);
#382=LINE('',#2482,#509);
#383=LINE('',#2484,#510);
#384=LINE('',#2485,#511);
#385=LINE('',#2487,#512);
#386=LINE('',#2488,#513);
#387=LINE('',#2493,#514);
#388=LINE('',#2495,#515);
#389=LINE('',#2496,#516);
#390=LINE('',#2498,#517);
#391=LINE('',#2499,#518);
#392=LINE('',#2505,#519);
#393=LINE('',#2507,#520);
#394=LINE('',#2509,#521);
#395=LINE('',#2510,#522);
#396=LINE('',#2512,#523);
#397=LINE('',#2513,#524);
#398=LINE('',#2519,#525);
#399=LINE('',#2521,#526);
#400=LINE('',#2523,#527);
#401=LINE('',#2524,#528);
#402=LINE('',#2527,#529);
#403=LINE('',#2529,#530);
#404=LINE('',#2530,#531);
#405=LINE('',#2535,#532);
#406=LINE('',#2537,#533);
#407=LINE('',#2538,#534);
#408=LINE('',#2540,#535);
#409=LINE('',#2541,#536);
#410=LINE('',#2546,#537);
#411=LINE('',#2548,#538);
#412=LINE('',#2549,#539);
#413=LINE('',#2552,#540);
#414=LINE('',#2554,#541);
#415=LINE('',#2555,#542);
#416=LINE('',#2560,#543);
#417=LINE('',#2562,#544);
#418=LINE('',#2563,#545);
#419=LINE('',#2565,#546);
#420=LINE('',#2566,#547);
#421=LINE('',#2571,#548);
#422=LINE('',#2573,#549);
#423=LINE('',#2574,#550);
#424=LINE('',#2577,#551);
#425=LINE('',#2579,#552);
#426=LINE('',#2580,#553);
#427=LINE('',#2585,#554);
#428=LINE('',#2587,#555);
#429=LINE('',#2588,#556);
#430=LINE('',#2590,#557);
#431=LINE('',#2591,#558);
#432=LINE('',#2600,#559);
#433=LINE('',#2607,#560);
#434=LINE('',#2608,#561);
#435=LINE('',#2613,#562);
#436=VECTOR('',#1551,10.);
#437=VECTOR('',#1556,10.);
#438=VECTOR('',#1565,1.75);
#439=VECTOR('',#1572,1.35);
#440=VECTOR('',#1581,1.35);
#441=VECTOR('',#1590,1.35);
#442=VECTOR('',#1599,1.35);
#443=VECTOR('',#1608,11.15);
#444=VECTOR('',#1619,1.25);
#445=VECTOR('',#1626,3.);
#446=VECTOR('',#1629,1.25);
#447=VECTOR('',#1632,1.5);
#448=VECTOR('',#1637,8.5);
#449=VECTOR('',#1646,9.5);
#450=VECTOR('',#1653,5.05);
#451=VECTOR('',#1660,10.);
#452=VECTOR('',#1661,10.);
#453=VECTOR('',#1662,10.);
#454=VECTOR('',#1663,10.);
#455=VECTOR('',#1666,10.);
#456=VECTOR('',#1667,10.);
#457=VECTOR('',#1668,10.);
#458=VECTOR('',#1675,10.);
#459=VECTOR('',#1676,10.);
#460=VECTOR('',#1677,10.);
#461=VECTOR('',#1678,10.);
#462=VECTOR('',#1681,10.);
#463=VECTOR('',#1682,10.);
#464=VECTOR('',#1689,10.);
#465=VECTOR('',#1690,10.);
#466=VECTOR('',#1691,10.);
#467=VECTOR('',#1692,10.);
#468=VECTOR('',#1695,10.);
#469=VECTOR('',#1696,10.);
#470=VECTOR('',#1703,10.);
#471=VECTOR('',#1704,10.);
#472=VECTOR('',#1705,10.);
#473=VECTOR('',#1706,10.);
#474=VECTOR('',#1709,10.);
#475=VECTOR('',#1710,10.);
#476=VECTOR('',#1711,10.);
#477=VECTOR('',#1718,10.);
#478=VECTOR('',#1719,10.);
#479=VECTOR('',#1720,10.);
#480=VECTOR('',#1721,10.);
#481=VECTOR('',#1724,10.);
#482=VECTOR('',#1725,10.);
#483=VECTOR('',#1732,10.);
#484=VECTOR('',#1733,10.);
#485=VECTOR('',#1734,10.);
#486=VECTOR('',#1735,10.);
#487=VECTOR('',#1738,10.);
#488=VECTOR('',#1739,10.);
#489=VECTOR('',#1740,10.);
#490=VECTOR('',#1747,10.);
#491=VECTOR('',#1748,10.);
#492=VECTOR('',#1749,10.);
#493=VECTOR('',#1752,10.);
#494=VECTOR('',#1753,10.);
#495=VECTOR('',#1754,10.);
#496=VECTOR('',#1761,10.);
#497=VECTOR('',#1762,10.);
#498=VECTOR('',#1763,10.);
#499=VECTOR('',#1764,10.);
#500=VECTOR('',#1767,10.);
#501=VECTOR('',#1768,10.);
#502=VECTOR('',#1769,10.);
#503=VECTOR('',#1776,10.);
#504=VECTOR('',#1777,10.);
#505=VECTOR('',#1778,10.);
#506=VECTOR('',#1781,10.);
#507=VECTOR('',#1782,10.);
#508=VECTOR('',#1789,10.);
#509=VECTOR('',#1790,10.);
#510=VECTOR('',#1791,10.);
#511=VECTOR('',#1792,10.);
#512=VECTOR('',#1795,10.);
#513=VECTOR('',#1796,10.);
#514=VECTOR('',#1803,10.);
#515=VECTOR('',#1804,10.);
#516=VECTOR('',#1805,10.);
#517=VECTOR('',#1808,10.);
#518=VECTOR('',#1809,10.);
#519=VECTOR('',#1816,10.);
#520=VECTOR('',#1817,10.);
#521=VECTOR('',#1818,10.);
#522=VECTOR('',#1819,10.);
#523=VECTOR('',#1822,10.);
#524=VECTOR('',#1823,10.);
#525=VECTOR('',#1830,10.);
#526=VECTOR('',#1831,10.);
#527=VECTOR('',#1832,10.);
#528=VECTOR('',#1833,10.);
#529=VECTOR('',#1836,10.);
#530=VECTOR('',#1837,10.);
#531=VECTOR('',#1838,10.);
#532=VECTOR('',#1845,10.);
#533=VECTOR('',#1846,10.);
#534=VECTOR('',#1847,10.);
#535=VECTOR('',#1850,10.);
#536=VECTOR('',#1851,10.);
#537=VECTOR('',#1858,10.);
#538=VECTOR('',#1859,10.);
#539=VECTOR('',#1860,10.);
#540=VECTOR('',#1863,10.);
#541=VECTOR('',#1864,10.);
#542=VECTOR('',#1865,10.);
#543=VECTOR('',#1872,10.);
#544=VECTOR('',#1873,10.);
#545=VECTOR('',#1874,10.);
#546=VECTOR('',#1877,10.);
#547=VECTOR('',#1878,10.);
#548=VECTOR('',#1885,10.);
#549=VECTOR('',#1886,10.);
#550=VECTOR('',#1887,10.);
#551=VECTOR('',#1890,10.);
#552=VECTOR('',#1891,10.);
#553=VECTOR('',#1892,10.);
#554=VECTOR('',#1899,10.);
#555=VECTOR('',#1900,10.);
#556=VECTOR('',#1901,10.);
#557=VECTOR('',#1904,10.);
#558=VECTOR('',#1905,10.);
#559=VECTOR('',#1918,25.);
#560=VECTOR('',#1927,10.);
#561=VECTOR('',#1928,10.);
#562=VECTOR('',#1935,25.);
#563=VERTEX_POINT('',#1940);
#564=VERTEX_POINT('',#1941);
#565=VERTEX_POINT('',#1945);
#566=VERTEX_POINT('',#1946);
#567=VERTEX_POINT('',#1966);
#568=VERTEX_POINT('',#1968);
#569=VERTEX_POINT('',#1970);
#570=VERTEX_POINT('',#2023);
#571=VERTEX_POINT('',#2025);
#572=VERTEX_POINT('',#2030);
#573=VERTEX_POINT('',#2032);
#574=VERTEX_POINT('',#2037);
#575=VERTEX_POINT('',#2039);
#576=VERTEX_POINT('',#2044);
#577=VERTEX_POINT('',#2046);
#578=VERTEX_POINT('',#2051);
#579=VERTEX_POINT('',#2053);
#580=VERTEX_POINT('',#2057);
#581=VERTEX_POINT('',#2060);
#582=VERTEX_POINT('',#2062);
#583=VERTEX_POINT('',#2064);
#584=VERTEX_POINT('',#2110);
#585=VERTEX_POINT('',#2113);
#586=VERTEX_POINT('',#2114);
#587=VERTEX_POINT('',#2133);
#588=VERTEX_POINT('',#2156);
#589=VERTEX_POINT('',#2157);
#590=VERTEX_POINT('',#2202);
#591=VERTEX_POINT('',#2204);
#592=VERTEX_POINT('',#2215);
#593=VERTEX_POINT('',#2245);
#594=VERTEX_POINT('',#2246);
#595=VERTEX_POINT('',#2284);
#596=VERTEX_POINT('',#2286);
#597=VERTEX_POINT('',#2324);
#598=VERTEX_POINT('',#2326);
#599=VERTEX_POINT('',#2331);
#600=VERTEX_POINT('',#2333);
#601=VERTEX_POINT('',#2338);
#602=VERTEX_POINT('',#2343);
#603=VERTEX_POINT('',#2344);
#604=VERTEX_POINT('',#2346);
#605=VERTEX_POINT('',#2348);
#606=VERTEX_POINT('',#2352);
#607=VERTEX_POINT('',#2354);
#608=VERTEX_POINT('',#2360);
#609=VERTEX_POINT('',#2361);
#610=VERTEX_POINT('',#2363);
#611=VERTEX_POINT('',#2365);
#612=VERTEX_POINT('',#2374);
#613=VERTEX_POINT('',#2375);
#614=VERTEX_POINT('',#2377);
#615=VERTEX_POINT('',#2379);
#616=VERTEX_POINT('',#2388);
#617=VERTEX_POINT('',#2389);
#618=VERTEX_POINT('',#2391);
#619=VERTEX_POINT('',#2393);
#620=VERTEX_POINT('',#2397);
#621=VERTEX_POINT('',#2399);
#622=VERTEX_POINT('',#2405);
#623=VERTEX_POINT('',#2406);
#624=VERTEX_POINT('',#2408);
#625=VERTEX_POINT('',#2410);
#626=VERTEX_POINT('',#2419);
#627=VERTEX_POINT('',#2420);
#628=VERTEX_POINT('',#2422);
#629=VERTEX_POINT('',#2424);
#630=VERTEX_POINT('',#2428);
#631=VERTEX_POINT('',#2430);
#632=VERTEX_POINT('',#2436);
#633=VERTEX_POINT('',#2438);
#634=VERTEX_POINT('',#2442);
#635=VERTEX_POINT('',#2444);
#636=VERTEX_POINT('',#2450);
#637=VERTEX_POINT('',#2451);
#638=VERTEX_POINT('',#2453);
#639=VERTEX_POINT('',#2455);
#640=VERTEX_POINT('',#2459);
#641=VERTEX_POINT('',#2461);
#642=VERTEX_POINT('',#2467);
#643=VERTEX_POINT('',#2469);
#644=VERTEX_POINT('',#2478);
#645=VERTEX_POINT('',#2479);
#646=VERTEX_POINT('',#2481);
#647=VERTEX_POINT('',#2483);
#648=VERTEX_POINT('',#2492);
#649=VERTEX_POINT('',#2494);
#650=VERTEX_POINT('',#2503);
#651=VERTEX_POINT('',#2504);
#652=VERTEX_POINT('',#2506);
#653=VERTEX_POINT('',#2508);
#654=VERTEX_POINT('',#2517);
#655=VERTEX_POINT('',#2518);
#656=VERTEX_POINT('',#2520);
#657=VERTEX_POINT('',#2522);
#658=VERTEX_POINT('',#2526);
#659=VERTEX_POINT('',#2528);
#660=VERTEX_POINT('',#2534);
#661=VERTEX_POINT('',#2536);
#662=VERTEX_POINT('',#2545);
#663=VERTEX_POINT('',#2547);
#664=VERTEX_POINT('',#2551);
#665=VERTEX_POINT('',#2553);
#666=VERTEX_POINT('',#2559);
#667=VERTEX_POINT('',#2561);
#668=VERTEX_POINT('',#2570);
#669=VERTEX_POINT('',#2572);
#670=VERTEX_POINT('',#2576);
#671=VERTEX_POINT('',#2578);
#672=VERTEX_POINT('',#2584);
#673=VERTEX_POINT('',#2586);
#674=VERTEX_POINT('',#2595);
#675=VERTEX_POINT('',#2598);
#676=VERTEX_POINT('',#2602);
#677=VERTEX_POINT('',#2605);
#678=VERTEX_POINT('',#2610);
#679=EDGE_CURVE('',#563,#564,#309,.T.);
#680=EDGE_CURVE('',#564,#563,#266,.T.);
#681=EDGE_CURVE('',#565,#566,#310,.T.);
#682=EDGE_CURVE('',#566,#565,#267,.T.);
#683=EDGE_CURVE('',#564,#563,#36,.T.);
#684=EDGE_CURVE('',#567,#567,#35,.T.);
#685=EDGE_CURVE('',#567,#568,#311,.T.);
#686=EDGE_CURVE('',#569,#568,#37,.T.);
#687=EDGE_CURVE('',#568,#569,#38,.T.);
#688=EDGE_CURVE('',#566,#565,#39,.T.);
#689=EDGE_CURVE('',#570,#570,#268,.T.);
#690=EDGE_CURVE('',#570,#571,#312,.T.);
#691=EDGE_CURVE('',#571,#571,#269,.T.);
#692=EDGE_CURVE('',#572,#572,#270,.T.);
#693=EDGE_CURVE('',#572,#573,#313,.T.);
#694=EDGE_CURVE('',#573,#573,#271,.T.);
#695=EDGE_CURVE('',#574,#574,#272,.T.);
#696=EDGE_CURVE('',#574,#575,#314,.T.);
#697=EDGE_CURVE('',#575,#575,#273,.T.);
#698=EDGE_CURVE('',#576,#576,#274,.T.);
#699=EDGE_CURVE('',#576,#577,#315,.T.);
#700=EDGE_CURVE('',#577,#577,#275,.T.);
#701=EDGE_CURVE('',#578,#578,#276,.T.);
#702=EDGE_CURVE('',#578,#579,#316,.T.);
#703=EDGE_CURVE('',#579,#579,#277,.T.);
#704=EDGE_CURVE('',#580,#580,#278,.T.);
#705=EDGE_CURVE('',#581,#581,#279,.T.);
#706=EDGE_CURVE('',#581,#582,#317,.T.);
#707=EDGE_CURVE('',#583,#582,#40,.T.);
#708=EDGE_CURVE('',#582,#583,#41,.T.);
#709=EDGE_CURVE('',#584,#584,#280,.T.);
#710=EDGE_CURVE('',#585,#586,#42,.T.);
#711=EDGE_CURVE('',#587,#585,#43,.T.);
#712=EDGE_CURVE('',#587,#584,#318,.T.);
#713=EDGE_CURVE('',#586,#587,#44,.T.);
#714=EDGE_CURVE('',#588,#589,#45,.T.);
#715=EDGE_CURVE('',#589,#588,#46,.T.);
#716=EDGE_CURVE('',#589,#590,#319,.T.);
#717=EDGE_CURVE('',#591,#590,#47,.T.);
#718=EDGE_CURVE('',#592,#591,#48,.T.);
#719=EDGE_CURVE('',#590,#592,#49,.T.);
#720=EDGE_CURVE('',#593,#594,#50,.T.);
#721=EDGE_CURVE('',#594,#593,#51,.T.);
#722=EDGE_CURVE('',#594,#595,#320,.T.);
#723=EDGE_CURVE('',#596,#595,#52,.T.);
#724=EDGE_CURVE('',#595,#596,#53,.T.);
#725=EDGE_CURVE('',#597,#597,#281,.T.);
#726=EDGE_CURVE('',#597,#598,#321,.T.);
#727=EDGE_CURVE('',#598,#598,#282,.T.);
#728=EDGE_CURVE('',#599,#599,#283,.T.);
#729=EDGE_CURVE('',#599,#600,#322,.T.);
#730=EDGE_CURVE('',#600,#600,#284,.T.);
#731=EDGE_CURVE('',#580,#601,#323,.T.);
#732=EDGE_CURVE('',#601,#601,#285,.T.);
#733=EDGE_CURVE('',#602,#603,#324,.T.);
#734=EDGE_CURVE('',#602,#604,#325,.T.);
#735=EDGE_CURVE('',#604,#605,#326,.T.);
#736=EDGE_CURVE('',#603,#605,#327,.T.);
#737=EDGE_CURVE('',#606,#602,#328,.T.);
#738=EDGE_CURVE('',#607,#606,#329,.T.);
#739=EDGE_CURVE('',#607,#604,#330,.T.);
#740=EDGE_CURVE('',#605,#607,#286,.T.);
#741=EDGE_CURVE('',#608,#609,#331,.T.);
#742=EDGE_CURVE('',#608,#610,#332,.T.);
#743=EDGE_CURVE('',#610,#611,#333,.T.);
#744=EDGE_CURVE('',#609,#611,#334,.T.);
#745=EDGE_CURVE('',#603,#608,#335,.T.);
#746=EDGE_CURVE('',#605,#610,#336,.T.);
#747=EDGE_CURVE('',#611,#605,#287,.T.);
#748=EDGE_CURVE('',#612,#613,#337,.T.);
#749=EDGE_CURVE('',#612,#614,#338,.T.);
#750=EDGE_CURVE('',#614,#615,#339,.T.);
#751=EDGE_CURVE('',#613,#615,#340,.T.);
#752=EDGE_CURVE('',#609,#612,#341,.T.);
#753=EDGE_CURVE('',#611,#614,#342,.T.);
#754=EDGE_CURVE('',#615,#611,#288,.T.);
#755=EDGE_CURVE('',#616,#617,#343,.T.);
#756=EDGE_CURVE('',#616,#618,#344,.T.);
#757=EDGE_CURVE('',#618,#619,#345,.T.);
#758=EDGE_CURVE('',#617,#619,#346,.T.);
#759=EDGE_CURVE('',#620,#616,#347,.T.);
#760=EDGE_CURVE('',#621,#620,#348,.T.);
#761=EDGE_CURVE('',#621,#618,#349,.T.);
#762=EDGE_CURVE('',#619,#621,#289,.T.);
#763=EDGE_CURVE('',#622,#623,#350,.T.);
#764=EDGE_CURVE('',#622,#624,#351,.T.);
#765=EDGE_CURVE('',#624,#625,#352,.T.);
#766=EDGE_CURVE('',#623,#625,#353,.T.);
#767=EDGE_CURVE('',#617,#622,#354,.T.);
#768=EDGE_CURVE('',#619,#624,#355,.T.);
#769=EDGE_CURVE('',#625,#619,#290,.T.);
#770=EDGE_CURVE('',#626,#627,#356,.T.);
#771=EDGE_CURVE('',#626,#628,#357,.T.);
#772=EDGE_CURVE('',#628,#629,#358,.T.);
#773=EDGE_CURVE('',#627,#629,#359,.T.);
#774=EDGE_CURVE('',#630,#626,#360,.T.);
#775=EDGE_CURVE('',#631,#630,#361,.T.);
#776=EDGE_CURVE('',#631,#628,#362,.T.);
#777=EDGE_CURVE('',#629,#631,#291,.T.);
#778=EDGE_CURVE('',#632,#630,#363,.T.);
#779=EDGE_CURVE('',#632,#633,#364,.T.);
#780=EDGE_CURVE('',#633,#631,#365,.T.);
#781=EDGE_CURVE('',#634,#632,#366,.T.);
#782=EDGE_CURVE('',#635,#634,#367,.T.);
#783=EDGE_CURVE('',#635,#633,#368,.T.);
#784=EDGE_CURVE('',#631,#635,#292,.T.);
#785=EDGE_CURVE('',#636,#637,#369,.T.);
#786=EDGE_CURVE('',#636,#638,#370,.T.);
#787=EDGE_CURVE('',#638,#639,#371,.T.);
#788=EDGE_CURVE('',#637,#639,#372,.T.);
#789=EDGE_CURVE('',#640,#636,#373,.T.);
#790=EDGE_CURVE('',#641,#640,#374,.T.);
#791=EDGE_CURVE('',#641,#638,#375,.T.);
#792=EDGE_CURVE('',#639,#641,#293,.T.);
#793=EDGE_CURVE('',#642,#640,#376,.T.);
#794=EDGE_CURVE('',#642,#643,#377,.T.);
#795=EDGE_CURVE('',#643,#641,#378,.T.);
#796=EDGE_CURVE('',#623,#642,#379,.T.);
#797=EDGE_CURVE('',#625,#643,#380,.T.);
#798=EDGE_CURVE('',#641,#625,#294,.T.);
#799=EDGE_CURVE('',#644,#645,#381,.T.);
#800=EDGE_CURVE('',#644,#646,#382,.T.);
#801=EDGE_CURVE('',#646,#647,#383,.T.);
#802=EDGE_CURVE('',#645,#647,#384,.T.);
#803=EDGE_CURVE('',#637,#644,#385,.T.);
#804=EDGE_CURVE('',#639,#646,#386,.T.);
#805=EDGE_CURVE('',#647,#639,#295,.T.);
#806=EDGE_CURVE('',#648,#634,#387,.T.);
#807=EDGE_CURVE('',#648,#649,#388,.T.);
#808=EDGE_CURVE('',#649,#635,#389,.T.);
#809=EDGE_CURVE('',#645,#648,#390,.T.);
#810=EDGE_CURVE('',#647,#649,#391,.T.);
#811=EDGE_CURVE('',#635,#647,#296,.T.);
#812=EDGE_CURVE('',#650,#651,#392,.T.);
#813=EDGE_CURVE('',#650,#652,#393,.T.);
#814=EDGE_CURVE('',#652,#653,#394,.T.);
#815=EDGE_CURVE('',#651,#653,#395,.T.);
#816=EDGE_CURVE('',#627,#650,#396,.T.);
#817=EDGE_CURVE('',#629,#652,#397,.T.);
#818=EDGE_CURVE('',#653,#629,#297,.T.);
#819=EDGE_CURVE('',#654,#655,#398,.T.);
#820=EDGE_CURVE('',#654,#656,#399,.T.);
#821=EDGE_CURVE('',#656,#657,#400,.T.);
#822=EDGE_CURVE('',#655,#657,#401,.T.);
#823=EDGE_CURVE('',#658,#654,#402,.T.);
#824=EDGE_CURVE('',#659,#658,#403,.T.);
#825=EDGE_CURVE('',#659,#656,#404,.T.);
#826=EDGE_CURVE('',#657,#659,#298,.T.);
#827=EDGE_CURVE('',#660,#658,#405,.T.);
#828=EDGE_CURVE('',#660,#661,#406,.T.);
#829=EDGE_CURVE('',#661,#659,#407,.T.);
#830=EDGE_CURVE('',#651,#660,#408,.T.);
#831=EDGE_CURVE('',#653,#661,#409,.T.);
#832=EDGE_CURVE('',#659,#653,#299,.T.);
#833=EDGE_CURVE('',#662,#606,#410,.T.);
#834=EDGE_CURVE('',#662,#663,#411,.T.);
#835=EDGE_CURVE('',#663,#607,#412,.T.);
#836=EDGE_CURVE('',#664,#662,#413,.T.);
#837=EDGE_CURVE('',#665,#664,#414,.T.);
#838=EDGE_CURVE('',#665,#663,#415,.T.);
#839=EDGE_CURVE('',#607,#665,#300,.T.);
#840=EDGE_CURVE('',#666,#664,#416,.T.);
#841=EDGE_CURVE('',#666,#667,#417,.T.);
#842=EDGE_CURVE('',#667,#665,#418,.T.);
#843=EDGE_CURVE('',#655,#666,#419,.T.);
#844=EDGE_CURVE('',#657,#667,#420,.T.);
#845=EDGE_CURVE('',#665,#657,#301,.T.);
#846=EDGE_CURVE('',#668,#620,#421,.T.);
#847=EDGE_CURVE('',#668,#669,#422,.T.);
#848=EDGE_CURVE('',#669,#621,#423,.T.);
#849=EDGE_CURVE('',#670,#668,#424,.T.);
#850=EDGE_CURVE('',#671,#670,#425,.T.);
#851=EDGE_CURVE('',#671,#669,#426,.T.);
#852=EDGE_CURVE('',#621,#671,#302,.T.);
#853=EDGE_CURVE('',#672,#670,#427,.T.);
#854=EDGE_CURVE('',#672,#673,#428,.T.);
#855=EDGE_CURVE('',#673,#671,#429,.T.);
#856=EDGE_CURVE('',#613,#672,#430,.T.);
#857=EDGE_CURVE('',#615,#673,#431,.T.);
#858=EDGE_CURVE('',#671,#615,#303,.T.);
#859=EDGE_CURVE('',#674,#674,#304,.T.);
#860=EDGE_CURVE('',#675,#675,#305,.T.);
#861=EDGE_CURVE('',#675,#674,#432,.T.);
#862=EDGE_CURVE('',#676,#676,#306,.T.);
#863=EDGE_CURVE('',#677,#677,#307,.T.);
#864=EDGE_CURVE('',#677,#591,#433,.T.);
#865=EDGE_CURVE('',#592,#676,#434,.T.);
#866=EDGE_CURVE('',#678,#678,#308,.T.);
#867=EDGE_CURVE('',#671,#678,#435,.T.);
#868=ORIENTED_EDGE('',*,*,#679,.F.);
#869=ORIENTED_EDGE('',*,*,#680,.F.);
#870=ORIENTED_EDGE('',*,*,#681,.F.);
#871=ORIENTED_EDGE('',*,*,#682,.F.);
#872=ORIENTED_EDGE('',*,*,#683,.F.);
#873=ORIENTED_EDGE('',*,*,#680,.T.);
#874=ORIENTED_EDGE('',*,*,#684,.F.);
#875=ORIENTED_EDGE('',*,*,#685,.T.);
#876=ORIENTED_EDGE('',*,*,#686,.F.);
#877=ORIENTED_EDGE('',*,*,#687,.F.);
#878=ORIENTED_EDGE('',*,*,#685,.F.);
#879=ORIENTED_EDGE('',*,*,#688,.F.);
#880=ORIENTED_EDGE('',*,*,#682,.T.);
#881=ORIENTED_EDGE('',*,*,#689,.F.);
#882=ORIENTED_EDGE('',*,*,#690,.T.);
#883=ORIENTED_EDGE('',*,*,#691,.T.);
#884=ORIENTED_EDGE('',*,*,#690,.F.);
#885=ORIENTED_EDGE('',*,*,#691,.F.);
#886=ORIENTED_EDGE('',*,*,#692,.F.);
#887=ORIENTED_EDGE('',*,*,#693,.T.);
#888=ORIENTED_EDGE('',*,*,#694,.T.);
#889=ORIENTED_EDGE('',*,*,#693,.F.);
#890=ORIENTED_EDGE('',*,*,#694,.F.);
#891=ORIENTED_EDGE('',*,*,#695,.F.);
#892=ORIENTED_EDGE('',*,*,#696,.T.);
#893=ORIENTED_EDGE('',*,*,#697,.T.);
#894=ORIENTED_EDGE('',*,*,#696,.F.);
#895=ORIENTED_EDGE('',*,*,#697,.F.);
#896=ORIENTED_EDGE('',*,*,#698,.F.);
#897=ORIENTED_EDGE('',*,*,#699,.T.);
#898=ORIENTED_EDGE('',*,*,#700,.T.);
#899=ORIENTED_EDGE('',*,*,#699,.F.);
#900=ORIENTED_EDGE('',*,*,#700,.F.);
#901=ORIENTED_EDGE('',*,*,#701,.F.);
#902=ORIENTED_EDGE('',*,*,#702,.T.);
#903=ORIENTED_EDGE('',*,*,#703,.T.);
#904=ORIENTED_EDGE('',*,*,#702,.F.);
#905=ORIENTED_EDGE('',*,*,#703,.F.);
#906=ORIENTED_EDGE('',*,*,#704,.F.);
#907=ORIENTED_EDGE('',*,*,#698,.T.);
#908=ORIENTED_EDGE('',*,*,#695,.T.);
#909=ORIENTED_EDGE('',*,*,#692,.T.);
#910=ORIENTED_EDGE('',*,*,#689,.T.);
#911=ORIENTED_EDGE('',*,*,#705,.F.);
#912=ORIENTED_EDGE('',*,*,#706,.T.);
#913=ORIENTED_EDGE('',*,*,#707,.F.);
#914=ORIENTED_EDGE('',*,*,#708,.F.);
#915=ORIENTED_EDGE('',*,*,#706,.F.);
#916=ORIENTED_EDGE('',*,*,#709,.F.);
#917=ORIENTED_EDGE('',*,*,#705,.T.);
#918=ORIENTED_EDGE('',*,*,#710,.F.);
#919=ORIENTED_EDGE('',*,*,#711,.F.);
#920=ORIENTED_EDGE('',*,*,#712,.T.);
#921=ORIENTED_EDGE('',*,*,#709,.T.);
#922=ORIENTED_EDGE('',*,*,#712,.F.);
#923=ORIENTED_EDGE('',*,*,#713,.F.);
#924=ORIENTED_EDGE('',*,*,#714,.F.);
#925=ORIENTED_EDGE('',*,*,#715,.F.);
#926=ORIENTED_EDGE('',*,*,#716,.T.);
#927=ORIENTED_EDGE('',*,*,#717,.F.);
#928=ORIENTED_EDGE('',*,*,#718,.F.);
#929=ORIENTED_EDGE('',*,*,#719,.F.);
#930=ORIENTED_EDGE('',*,*,#716,.F.);
#931=ORIENTED_EDGE('',*,*,#720,.F.);
#932=ORIENTED_EDGE('',*,*,#721,.F.);
#933=ORIENTED_EDGE('',*,*,#722,.T.);
#934=ORIENTED_EDGE('',*,*,#723,.F.);
#935=ORIENTED_EDGE('',*,*,#724,.F.);
#936=ORIENTED_EDGE('',*,*,#722,.F.);
#937=ORIENTED_EDGE('',*,*,#714,.T.);
#938=ORIENTED_EDGE('',*,*,#715,.T.);
#939=ORIENTED_EDGE('',*,*,#707,.T.);
#940=ORIENTED_EDGE('',*,*,#708,.T.);
#941=ORIENTED_EDGE('',*,*,#725,.F.);
#942=ORIENTED_EDGE('',*,*,#726,.T.);
#943=ORIENTED_EDGE('',*,*,#727,.T.);
#944=ORIENTED_EDGE('',*,*,#726,.F.);
#945=ORIENTED_EDGE('',*,*,#727,.F.);
#946=ORIENTED_EDGE('',*,*,#728,.F.);
#947=ORIENTED_EDGE('',*,*,#729,.T.);
#948=ORIENTED_EDGE('',*,*,#730,.T.);
#949=ORIENTED_EDGE('',*,*,#729,.F.);
#950=ORIENTED_EDGE('',*,*,#730,.F.);
#951=ORIENTED_EDGE('',*,*,#725,.T.);
#952=ORIENTED_EDGE('',*,*,#704,.T.);
#953=ORIENTED_EDGE('',*,*,#731,.T.);
#954=ORIENTED_EDGE('',*,*,#732,.T.);
#955=ORIENTED_EDGE('',*,*,#731,.F.);
#956=ORIENTED_EDGE('',*,*,#688,.T.);
#957=ORIENTED_EDGE('',*,*,#681,.T.);
#958=ORIENTED_EDGE('',*,*,#683,.T.);
#959=ORIENTED_EDGE('',*,*,#679,.T.);
#960=ORIENTED_EDGE('',*,*,#686,.T.);
#961=ORIENTED_EDGE('',*,*,#687,.T.);
#962=ORIENTED_EDGE('',*,*,#732,.F.);
#963=ORIENTED_EDGE('',*,*,#733,.F.);
#964=ORIENTED_EDGE('',*,*,#734,.T.);
#965=ORIENTED_EDGE('',*,*,#735,.T.);
#966=ORIENTED_EDGE('',*,*,#736,.F.);
#967=ORIENTED_EDGE('',*,*,#737,.F.);
#968=ORIENTED_EDGE('',*,*,#738,.F.);
#969=ORIENTED_EDGE('',*,*,#739,.T.);
#970=ORIENTED_EDGE('',*,*,#734,.F.);
#971=ORIENTED_EDGE('',*,*,#740,.F.);
#972=ORIENTED_EDGE('',*,*,#735,.F.);
#973=ORIENTED_EDGE('',*,*,#739,.F.);
#974=ORIENTED_EDGE('',*,*,#741,.F.);
#975=ORIENTED_EDGE('',*,*,#742,.T.);
#976=ORIENTED_EDGE('',*,*,#743,.T.);
#977=ORIENTED_EDGE('',*,*,#744,.F.);
#978=ORIENTED_EDGE('',*,*,#745,.F.);
#979=ORIENTED_EDGE('',*,*,#736,.T.);
#980=ORIENTED_EDGE('',*,*,#746,.T.);
#981=ORIENTED_EDGE('',*,*,#742,.F.);
#982=ORIENTED_EDGE('',*,*,#747,.F.);
#983=ORIENTED_EDGE('',*,*,#743,.F.);
#984=ORIENTED_EDGE('',*,*,#746,.F.);
#985=ORIENTED_EDGE('',*,*,#748,.F.);
#986=ORIENTED_EDGE('',*,*,#749,.T.);
#987=ORIENTED_EDGE('',*,*,#750,.T.);
#988=ORIENTED_EDGE('',*,*,#751,.F.);
#989=ORIENTED_EDGE('',*,*,#752,.F.);
#990=ORIENTED_EDGE('',*,*,#744,.T.);
#991=ORIENTED_EDGE('',*,*,#753,.T.);
#992=ORIENTED_EDGE('',*,*,#749,.F.);
#993=ORIENTED_EDGE('',*,*,#754,.F.);
#994=ORIENTED_EDGE('',*,*,#750,.F.);
#995=ORIENTED_EDGE('',*,*,#753,.F.);
#996=ORIENTED_EDGE('',*,*,#755,.F.);
#997=ORIENTED_EDGE('',*,*,#756,.T.);
#998=ORIENTED_EDGE('',*,*,#757,.T.);
#999=ORIENTED_EDGE('',*,*,#758,.F.);
#1000=ORIENTED_EDGE('',*,*,#759,.F.);
#1001=ORIENTED_EDGE('',*,*,#760,.F.);
#1002=ORIENTED_EDGE('',*,*,#761,.T.);
#1003=ORIENTED_EDGE('',*,*,#756,.F.);
#1004=ORIENTED_EDGE('',*,*,#762,.F.);
#1005=ORIENTED_EDGE('',*,*,#757,.F.);
#1006=ORIENTED_EDGE('',*,*,#761,.F.);
#1007=ORIENTED_EDGE('',*,*,#763,.F.);
#1008=ORIENTED_EDGE('',*,*,#764,.T.);
#1009=ORIENTED_EDGE('',*,*,#765,.T.);
#1010=ORIENTED_EDGE('',*,*,#766,.F.);
#1011=ORIENTED_EDGE('',*,*,#767,.F.);
#1012=ORIENTED_EDGE('',*,*,#758,.T.);
#1013=ORIENTED_EDGE('',*,*,#768,.T.);
#1014=ORIENTED_EDGE('',*,*,#764,.F.);
#1015=ORIENTED_EDGE('',*,*,#769,.F.);
#1016=ORIENTED_EDGE('',*,*,#765,.F.);
#1017=ORIENTED_EDGE('',*,*,#768,.F.);
#1018=ORIENTED_EDGE('',*,*,#770,.F.);
#1019=ORIENTED_EDGE('',*,*,#771,.T.);
#1020=ORIENTED_EDGE('',*,*,#772,.T.);
#1021=ORIENTED_EDGE('',*,*,#773,.F.);
#1022=ORIENTED_EDGE('',*,*,#774,.F.);
#1023=ORIENTED_EDGE('',*,*,#775,.F.);
#1024=ORIENTED_EDGE('',*,*,#776,.T.);
#1025=ORIENTED_EDGE('',*,*,#771,.F.);
#1026=ORIENTED_EDGE('',*,*,#777,.F.);
#1027=ORIENTED_EDGE('',*,*,#772,.F.);
#1028=ORIENTED_EDGE('',*,*,#776,.F.);
#1029=ORIENTED_EDGE('',*,*,#778,.F.);
#1030=ORIENTED_EDGE('',*,*,#779,.T.);
#1031=ORIENTED_EDGE('',*,*,#780,.T.);
#1032=ORIENTED_EDGE('',*,*,#775,.T.);
#1033=ORIENTED_EDGE('',*,*,#781,.F.);
#1034=ORIENTED_EDGE('',*,*,#782,.F.);
#1035=ORIENTED_EDGE('',*,*,#783,.T.);
#1036=ORIENTED_EDGE('',*,*,#779,.F.);
#1037=ORIENTED_EDGE('',*,*,#784,.F.);
#1038=ORIENTED_EDGE('',*,*,#780,.F.);
#1039=ORIENTED_EDGE('',*,*,#783,.F.);
#1040=ORIENTED_EDGE('',*,*,#785,.F.);
#1041=ORIENTED_EDGE('',*,*,#786,.T.);
#1042=ORIENTED_EDGE('',*,*,#787,.T.);
#1043=ORIENTED_EDGE('',*,*,#788,.F.);
#1044=ORIENTED_EDGE('',*,*,#789,.F.);
#1045=ORIENTED_EDGE('',*,*,#790,.F.);
#1046=ORIENTED_EDGE('',*,*,#791,.T.);
#1047=ORIENTED_EDGE('',*,*,#786,.F.);
#1048=ORIENTED_EDGE('',*,*,#792,.F.);
#1049=ORIENTED_EDGE('',*,*,#787,.F.);
#1050=ORIENTED_EDGE('',*,*,#791,.F.);
#1051=ORIENTED_EDGE('',*,*,#793,.F.);
#1052=ORIENTED_EDGE('',*,*,#794,.T.);
#1053=ORIENTED_EDGE('',*,*,#795,.T.);
#1054=ORIENTED_EDGE('',*,*,#790,.T.);
#1055=ORIENTED_EDGE('',*,*,#796,.F.);
#1056=ORIENTED_EDGE('',*,*,#766,.T.);
#1057=ORIENTED_EDGE('',*,*,#797,.T.);
#1058=ORIENTED_EDGE('',*,*,#794,.F.);
#1059=ORIENTED_EDGE('',*,*,#798,.F.);
#1060=ORIENTED_EDGE('',*,*,#795,.F.);
#1061=ORIENTED_EDGE('',*,*,#797,.F.);
#1062=ORIENTED_EDGE('',*,*,#799,.F.);
#1063=ORIENTED_EDGE('',*,*,#800,.T.);
#1064=ORIENTED_EDGE('',*,*,#801,.T.);
#1065=ORIENTED_EDGE('',*,*,#802,.F.);
#1066=ORIENTED_EDGE('',*,*,#803,.F.);
#1067=ORIENTED_EDGE('',*,*,#788,.T.);
#1068=ORIENTED_EDGE('',*,*,#804,.T.);
#1069=ORIENTED_EDGE('',*,*,#800,.F.);
#1070=ORIENTED_EDGE('',*,*,#805,.F.);
#1071=ORIENTED_EDGE('',*,*,#801,.F.);
#1072=ORIENTED_EDGE('',*,*,#804,.F.);
#1073=ORIENTED_EDGE('',*,*,#806,.F.);
#1074=ORIENTED_EDGE('',*,*,#807,.T.);
#1075=ORIENTED_EDGE('',*,*,#808,.T.);
#1076=ORIENTED_EDGE('',*,*,#782,.T.);
#1077=ORIENTED_EDGE('',*,*,#809,.F.);
#1078=ORIENTED_EDGE('',*,*,#802,.T.);
#1079=ORIENTED_EDGE('',*,*,#810,.T.);
#1080=ORIENTED_EDGE('',*,*,#807,.F.);
#1081=ORIENTED_EDGE('',*,*,#811,.F.);
#1082=ORIENTED_EDGE('',*,*,#808,.F.);
#1083=ORIENTED_EDGE('',*,*,#810,.F.);
#1084=ORIENTED_EDGE('',*,*,#812,.F.);
#1085=ORIENTED_EDGE('',*,*,#813,.T.);
#1086=ORIENTED_EDGE('',*,*,#814,.T.);
#1087=ORIENTED_EDGE('',*,*,#815,.F.);
#1088=ORIENTED_EDGE('',*,*,#816,.F.);
#1089=ORIENTED_EDGE('',*,*,#773,.T.);
#1090=ORIENTED_EDGE('',*,*,#817,.T.);
#1091=ORIENTED_EDGE('',*,*,#813,.F.);
#1092=ORIENTED_EDGE('',*,*,#818,.F.);
#1093=ORIENTED_EDGE('',*,*,#814,.F.);
#1094=ORIENTED_EDGE('',*,*,#817,.F.);
#1095=ORIENTED_EDGE('',*,*,#819,.F.);
#1096=ORIENTED_EDGE('',*,*,#820,.T.);
#1097=ORIENTED_EDGE('',*,*,#821,.T.);
#1098=ORIENTED_EDGE('',*,*,#822,.F.);
#1099=ORIENTED_EDGE('',*,*,#823,.F.);
#1100=ORIENTED_EDGE('',*,*,#824,.F.);
#1101=ORIENTED_EDGE('',*,*,#825,.T.);
#1102=ORIENTED_EDGE('',*,*,#820,.F.);
#1103=ORIENTED_EDGE('',*,*,#826,.F.);
#1104=ORIENTED_EDGE('',*,*,#821,.F.);
#1105=ORIENTED_EDGE('',*,*,#825,.F.);
#1106=ORIENTED_EDGE('',*,*,#827,.F.);
#1107=ORIENTED_EDGE('',*,*,#828,.T.);
#1108=ORIENTED_EDGE('',*,*,#829,.T.);
#1109=ORIENTED_EDGE('',*,*,#824,.T.);
#1110=ORIENTED_EDGE('',*,*,#830,.F.);
#1111=ORIENTED_EDGE('',*,*,#815,.T.);
#1112=ORIENTED_EDGE('',*,*,#831,.T.);
#1113=ORIENTED_EDGE('',*,*,#828,.F.);
#1114=ORIENTED_EDGE('',*,*,#832,.F.);
#1115=ORIENTED_EDGE('',*,*,#829,.F.);
#1116=ORIENTED_EDGE('',*,*,#831,.F.);
#1117=ORIENTED_EDGE('',*,*,#833,.F.);
#1118=ORIENTED_EDGE('',*,*,#834,.T.);
#1119=ORIENTED_EDGE('',*,*,#835,.T.);
#1120=ORIENTED_EDGE('',*,*,#738,.T.);
#1121=ORIENTED_EDGE('',*,*,#836,.F.);
#1122=ORIENTED_EDGE('',*,*,#837,.F.);
#1123=ORIENTED_EDGE('',*,*,#838,.T.);
#1124=ORIENTED_EDGE('',*,*,#834,.F.);
#1125=ORIENTED_EDGE('',*,*,#684,.T.);
#1126=ORIENTED_EDGE('',*,*,#839,.F.);
#1127=ORIENTED_EDGE('',*,*,#835,.F.);
#1128=ORIENTED_EDGE('',*,*,#838,.F.);
#1129=ORIENTED_EDGE('',*,*,#840,.F.);
#1130=ORIENTED_EDGE('',*,*,#841,.T.);
#1131=ORIENTED_EDGE('',*,*,#842,.T.);
#1132=ORIENTED_EDGE('',*,*,#837,.T.);
#1133=ORIENTED_EDGE('',*,*,#843,.F.);
#1134=ORIENTED_EDGE('',*,*,#822,.T.);
#1135=ORIENTED_EDGE('',*,*,#844,.T.);
#1136=ORIENTED_EDGE('',*,*,#841,.F.);
#1137=ORIENTED_EDGE('',*,*,#845,.F.);
#1138=ORIENTED_EDGE('',*,*,#842,.F.);
#1139=ORIENTED_EDGE('',*,*,#844,.F.);
#1140=ORIENTED_EDGE('',*,*,#846,.F.);
#1141=ORIENTED_EDGE('',*,*,#847,.T.);
#1142=ORIENTED_EDGE('',*,*,#848,.T.);
#1143=ORIENTED_EDGE('',*,*,#760,.T.);
#1144=ORIENTED_EDGE('',*,*,#849,.F.);
#1145=ORIENTED_EDGE('',*,*,#850,.F.);
#1146=ORIENTED_EDGE('',*,*,#851,.T.);
#1147=ORIENTED_EDGE('',*,*,#847,.F.);
#1148=ORIENTED_EDGE('',*,*,#852,.F.);
#1149=ORIENTED_EDGE('',*,*,#848,.F.);
#1150=ORIENTED_EDGE('',*,*,#851,.F.);
#1151=ORIENTED_EDGE('',*,*,#853,.F.);
#1152=ORIENTED_EDGE('',*,*,#854,.T.);
#1153=ORIENTED_EDGE('',*,*,#855,.T.);
#1154=ORIENTED_EDGE('',*,*,#850,.T.);
#1155=ORIENTED_EDGE('',*,*,#856,.F.);
#1156=ORIENTED_EDGE('',*,*,#751,.T.);
#1157=ORIENTED_EDGE('',*,*,#857,.T.);
#1158=ORIENTED_EDGE('',*,*,#854,.F.);
#1159=ORIENTED_EDGE('',*,*,#858,.F.);
#1160=ORIENTED_EDGE('',*,*,#855,.F.);
#1161=ORIENTED_EDGE('',*,*,#857,.F.);
#1162=ORIENTED_EDGE('',*,*,#859,.F.);
#1163=ORIENTED_EDGE('',*,*,#728,.T.);
#1164=ORIENTED_EDGE('',*,*,#860,.F.);
#1165=ORIENTED_EDGE('',*,*,#861,.T.);
#1166=ORIENTED_EDGE('',*,*,#859,.T.);
#1167=ORIENTED_EDGE('',*,*,#861,.F.);
#1168=ORIENTED_EDGE('',*,*,#860,.T.);
#1169=ORIENTED_EDGE('',*,*,#862,.F.);
#1170=ORIENTED_EDGE('',*,*,#863,.F.);
#1171=ORIENTED_EDGE('',*,*,#864,.T.);
#1172=ORIENTED_EDGE('',*,*,#717,.T.);
#1173=ORIENTED_EDGE('',*,*,#719,.T.);
#1174=ORIENTED_EDGE('',*,*,#865,.T.);
#1175=ORIENTED_EDGE('',*,*,#862,.T.);
#1176=ORIENTED_EDGE('',*,*,#865,.F.);
#1177=ORIENTED_EDGE('',*,*,#718,.T.);
#1178=ORIENTED_EDGE('',*,*,#864,.F.);
#1179=ORIENTED_EDGE('',*,*,#710,.T.);
#1180=ORIENTED_EDGE('',*,*,#713,.T.);
#1181=ORIENTED_EDGE('',*,*,#711,.T.);
#1182=ORIENTED_EDGE('',*,*,#723,.T.);
#1183=ORIENTED_EDGE('',*,*,#724,.T.);
#1184=ORIENTED_EDGE('',*,*,#720,.T.);
#1185=ORIENTED_EDGE('',*,*,#721,.T.);
#1186=ORIENTED_EDGE('',*,*,#866,.F.);
#1187=ORIENTED_EDGE('',*,*,#863,.T.);
#1188=ORIENTED_EDGE('',*,*,#858,.T.);
#1189=ORIENTED_EDGE('',*,*,#754,.T.);
#1190=ORIENTED_EDGE('',*,*,#747,.T.);
#1191=ORIENTED_EDGE('',*,*,#740,.T.);
#1192=ORIENTED_EDGE('',*,*,#839,.T.);
#1193=ORIENTED_EDGE('',*,*,#845,.T.);
#1194=ORIENTED_EDGE('',*,*,#826,.T.);
#1195=ORIENTED_EDGE('',*,*,#832,.T.);
#1196=ORIENTED_EDGE('',*,*,#818,.T.);
#1197=ORIENTED_EDGE('',*,*,#777,.T.);
#1198=ORIENTED_EDGE('',*,*,#784,.T.);
#1199=ORIENTED_EDGE('',*,*,#811,.T.);
#1200=ORIENTED_EDGE('',*,*,#805,.T.);
#1201=ORIENTED_EDGE('',*,*,#792,.T.);
#1202=ORIENTED_EDGE('',*,*,#798,.T.);
#1203=ORIENTED_EDGE('',*,*,#769,.T.);
#1204=ORIENTED_EDGE('',*,*,#762,.T.);
#1205=ORIENTED_EDGE('',*,*,#852,.T.);
#1206=ORIENTED_EDGE('',*,*,#867,.T.);
#1207=ORIENTED_EDGE('',*,*,#866,.T.);
#1208=ORIENTED_EDGE('',*,*,#867,.F.);
#1209=ORIENTED_EDGE('',*,*,#849,.T.);
#1210=ORIENTED_EDGE('',*,*,#846,.T.);
#1211=ORIENTED_EDGE('',*,*,#759,.T.);
#1212=ORIENTED_EDGE('',*,*,#755,.T.);
#1213=ORIENTED_EDGE('',*,*,#767,.T.);
#1214=ORIENTED_EDGE('',*,*,#763,.T.);
#1215=ORIENTED_EDGE('',*,*,#796,.T.);
#1216=ORIENTED_EDGE('',*,*,#793,.T.);
#1217=ORIENTED_EDGE('',*,*,#789,.T.);
#1218=ORIENTED_EDGE('',*,*,#785,.T.);
#1219=ORIENTED_EDGE('',*,*,#803,.T.);
#1220=ORIENTED_EDGE('',*,*,#799,.T.);
#1221=ORIENTED_EDGE('',*,*,#809,.T.);
#1222=ORIENTED_EDGE('',*,*,#806,.T.);
#1223=ORIENTED_EDGE('',*,*,#781,.T.);
#1224=ORIENTED_EDGE('',*,*,#778,.T.);
#1225=ORIENTED_EDGE('',*,*,#774,.T.);
#1226=ORIENTED_EDGE('',*,*,#770,.T.);
#1227=ORIENTED_EDGE('',*,*,#816,.T.);
#1228=ORIENTED_EDGE('',*,*,#812,.T.);
#1229=ORIENTED_EDGE('',*,*,#830,.T.);
#1230=ORIENTED_EDGE('',*,*,#827,.T.);
#1231=ORIENTED_EDGE('',*,*,#823,.T.);
#1232=ORIENTED_EDGE('',*,*,#819,.T.);
#1233=ORIENTED_EDGE('',*,*,#843,.T.);
#1234=ORIENTED_EDGE('',*,*,#840,.T.);
#1235=ORIENTED_EDGE('',*,*,#836,.T.);
#1236=ORIENTED_EDGE('',*,*,#833,.T.);
#1237=ORIENTED_EDGE('',*,*,#737,.T.);
#1238=ORIENTED_EDGE('',*,*,#733,.T.);
#1239=ORIENTED_EDGE('',*,*,#745,.T.);
#1240=ORIENTED_EDGE('',*,*,#741,.T.);
#1241=ORIENTED_EDGE('',*,*,#752,.T.);
#1242=ORIENTED_EDGE('',*,*,#748,.T.);
#1243=ORIENTED_EDGE('',*,*,#856,.T.);
#1244=ORIENTED_EDGE('',*,*,#853,.T.);
#1245=ORIENTED_EDGE('',*,*,#701,.T.);
#1246=PLANE('',#1416);
#1247=PLANE('',#1418);
#1248=PLANE('',#1427);
#1249=PLANE('',#1431);
#1250=PLANE('',#1435);
#1251=PLANE('',#1439);
#1252=PLANE('',#1443);
#1253=PLANE('',#1447);
#1254=PLANE('',#1455);
#1255=PLANE('',#1459);
#1256=PLANE('',#1462);
#1257=PLANE('',#1463);
#1258=PLANE('',#1464);
#1259=PLANE('',#1465);
#1260=PLANE('',#1467);
#1261=PLANE('',#1468);
#1262=PLANE('',#1469);
#1263=PLANE('',#1471);
#1264=PLANE('',#1472);
#1265=PLANE('',#1473);
#1266=PLANE('',#1475);
#1267=PLANE('',#1476);
#1268=PLANE('',#1477);
#1269=PLANE('',#1479);
#1270=PLANE('',#1480);
#1271=PLANE('',#1481);
#1272=PLANE('',#1483);
#1273=PLANE('',#1484);
#1274=PLANE('',#1485);
#1275=PLANE('',#1487);
#1276=PLANE('',#1488);
#1277=PLANE('',#1489);
#1278=PLANE('',#1491);
#1279=PLANE('',#1492);
#1280=PLANE('',#1493);
#1281=PLANE('',#1495);
#1282=PLANE('',#1496);
#1283=PLANE('',#1497);
#1284=PLANE('',#1499);
#1285=PLANE('',#1500);
#1286=PLANE('',#1501);
#1287=PLANE('',#1503);
#1288=PLANE('',#1504);
#1289=PLANE('',#1505);
#1290=PLANE('',#1507);
#1291=PLANE('',#1508);
#1292=PLANE('',#1509);
#1293=PLANE('',#1511);
#1294=PLANE('',#1512);
#1295=PLANE('',#1513);
#1296=PLANE('',#1515);
#1297=PLANE('',#1516);
#1298=PLANE('',#1517);
#1299=PLANE('',#1519);
#1300=PLANE('',#1520);
#1301=PLANE('',#1521);
#1302=PLANE('',#1523);
#1303=PLANE('',#1524);
#1304=PLANE('',#1525);
#1305=PLANE('',#1527);
#1306=PLANE('',#1528);
#1307=PLANE('',#1529);
#1308=PLANE('',#1531);
#1309=PLANE('',#1532);
#1310=PLANE('',#1533);
#1311=PLANE('',#1535);
#1312=PLANE('',#1539);
#1313=PLANE('',#1543);
#1314=PLANE('',#1546);
#1315=ADVANCED_FACE('',(#72),#1246,.T.);
#1316=ADVANCED_FACE('',(#73),#1247,.T.);
#1317=ADVANCED_FACE('',(#74),#54,.F.);
#1318=ADVANCED_FACE('',(#75),#55,.F.);
#1319=ADVANCED_FACE('',(#76),#56,.F.);
#1320=ADVANCED_FACE('',(#77),#57,.F.);
#1321=ADVANCED_FACE('',(#78),#1248,.T.);
#1322=ADVANCED_FACE('',(#79),#58,.F.);
#1323=ADVANCED_FACE('',(#80),#1249,.T.);
#1324=ADVANCED_FACE('',(#81),#59,.F.);
#1325=ADVANCED_FACE('',(#82),#1250,.T.);
#1326=ADVANCED_FACE('',(#83),#60,.F.);
#1327=ADVANCED_FACE('',(#84),#1251,.T.);
#1328=ADVANCED_FACE('',(#85),#61,.F.);
#1329=ADVANCED_FACE('',(#86,#15,#16,#17,#18,#19),#1252,.T.);
#1330=ADVANCED_FACE('',(#87),#62,.F.);
#1331=ADVANCED_FACE('',(#88,#20),#1253,.F.);
#1332=ADVANCED_FACE('',(#89),#63,.F.);
#1333=ADVANCED_FACE('',(#90),#64,.F.);
#1334=ADVANCED_FACE('',(#91,#21,#22),#65,.F.);
#1335=ADVANCED_FACE('',(#92),#66,.F.);
#1336=ADVANCED_FACE('',(#93),#1254,.T.);
#1337=ADVANCED_FACE('',(#94),#67,.F.);
#1338=ADVANCED_FACE('',(#95,#23),#1255,.T.);
#1339=ADVANCED_FACE('',(#96,#24,#25,#26),#68,.F.);
#1340=ADVANCED_FACE('',(#97),#1256,.T.);
#1341=ADVANCED_FACE('',(#98),#1257,.F.);
#1342=ADVANCED_FACE('',(#99),#1258,.F.);
#1343=ADVANCED_FACE('',(#100),#1259,.T.);
#1344=ADVANCED_FACE('',(#101),#1260,.F.);
#1345=ADVANCED_FACE('',(#102),#1261,.F.);
#1346=ADVANCED_FACE('',(#103),#1262,.T.);
#1347=ADVANCED_FACE('',(#104),#1263,.F.);
#1348=ADVANCED_FACE('',(#105),#1264,.F.);
#1349=ADVANCED_FACE('',(#106),#1265,.T.);
#1350=ADVANCED_FACE('',(#107),#1266,.F.);
#1351=ADVANCED_FACE('',(#108),#1267,.F.);
#1352=ADVANCED_FACE('',(#109),#1268,.T.);
#1353=ADVANCED_FACE('',(#110),#1269,.F.);
#1354=ADVANCED_FACE('',(#111),#1270,.F.);
#1355=ADVANCED_FACE('',(#112),#1271,.T.);
#1356=ADVANCED_FACE('',(#113),#1272,.F.);
#1357=ADVANCED_FACE('',(#114),#1273,.F.);
#1358=ADVANCED_FACE('',(#115),#1274,.T.);
#1359=ADVANCED_FACE('',(#116),#1275,.F.);
#1360=ADVANCED_FACE('',(#117),#1276,.F.);
#1361=ADVANCED_FACE('',(#118),#1277,.T.);
#1362=ADVANCED_FACE('',(#119),#1278,.F.);
#1363=ADVANCED_FACE('',(#120),#1279,.F.);
#1364=ADVANCED_FACE('',(#121),#1280,.T.);
#1365=ADVANCED_FACE('',(#122),#1281,.F.);
#1366=ADVANCED_FACE('',(#123),#1282,.F.);
#1367=ADVANCED_FACE('',(#124),#1283,.T.);
#1368=ADVANCED_FACE('',(#125),#1284,.F.);
#1369=ADVANCED_FACE('',(#126),#1285,.F.);
#1370=ADVANCED_FACE('',(#127),#1286,.T.);
#1371=ADVANCED_FACE('',(#128),#1287,.F.);
#1372=ADVANCED_FACE('',(#129),#1288,.F.);
#1373=ADVANCED_FACE('',(#130),#1289,.T.);
#1374=ADVANCED_FACE('',(#131),#1290,.F.);
#1375=ADVANCED_FACE('',(#132),#1291,.F.);
#1376=ADVANCED_FACE('',(#133),#1292,.T.);
#1377=ADVANCED_FACE('',(#134),#1293,.F.);
#1378=ADVANCED_FACE('',(#135),#1294,.F.);
#1379=ADVANCED_FACE('',(#136),#1295,.T.);
#1380=ADVANCED_FACE('',(#137),#1296,.F.);
#1381=ADVANCED_FACE('',(#138),#1297,.F.);
#1382=ADVANCED_FACE('',(#139),#1298,.T.);
#1383=ADVANCED_FACE('',(#140),#1299,.F.);
#1384=ADVANCED_FACE('',(#141,#27),#1300,.F.);
#1385=ADVANCED_FACE('',(#142),#1301,.T.);
#1386=ADVANCED_FACE('',(#143),#1302,.F.);
#1387=ADVANCED_FACE('',(#144),#1303,.F.);
#1388=ADVANCED_FACE('',(#145),#1304,.T.);
#1389=ADVANCED_FACE('',(#146),#1305,.F.);
#1390=ADVANCED_FACE('',(#147),#1306,.F.);
#1391=ADVANCED_FACE('',(#148),#1307,.T.);
#1392=ADVANCED_FACE('',(#149),#1308,.F.);
#1393=ADVANCED_FACE('',(#150),#1309,.F.);
#1394=ADVANCED_FACE('',(#151),#1310,.T.);
#1395=ADVANCED_FACE('',(#152,#28),#1311,.T.);
#1396=ADVANCED_FACE('',(#153),#69,.T.);
#1397=ADVANCED_FACE('',(#154,#29),#1312,.T.);
#1398=ADVANCED_FACE('',(#155,#30,#31,#32),#70,.T.);
#1399=ADVANCED_FACE('',(#156,#33),#1313,.T.);
#1400=ADVANCED_FACE('',(#157),#71,.T.);
#1401=ADVANCED_FACE('',(#158,#34),#1314,.T.);
#1402=CLOSED_SHELL('',(#1315,#1316,#1317,#1318,#1319,#1320,#1321,#1322,
#1323,#1324,#1325,#1326,#1327,#1328,#1329,#1330,#1331,#1332,#1333,#1334,
#1335,#1336,#1337,#1338,#1339,#1340,#1341,#1342,#1343,#1344,#1345,#1346,
#1347,#1348,#1349,#1350,#1351,#1352,#1353,#1354,#1355,#1356,#1357,#1358,
#1359,#1360,#1361,#1362,#1363,#1364,#1365,#1366,#1367,#1368,#1369,#1370,
#1371,#1372,#1373,#1374,#1375,#1376,#1377,#1378,#1379,#1380,#1381,#1382,
#1383,#1384,#1385,#1386,#1387,#1388,#1389,#1390,#1391,#1392,#1393,#1394,
#1395,#1396,#1397,#1398,#1399,#1400,#1401));
#1403=DERIVED_UNIT_ELEMENT(#1405,1.);
#1404=DERIVED_UNIT_ELEMENT(#2620,-3.);
#1405=(
MASS_UNIT()
NAMED_UNIT(*)
SI_UNIT(.KILO.,.GRAM.)
);
#1406=DERIVED_UNIT((#1403,#1404));
#1407=MEASURE_REPRESENTATION_ITEM('density measure',
POSITIVE_RATIO_MEASURE(7850.),#1406);
#1408=PROPERTY_DEFINITION_REPRESENTATION(#1413,#1410);
#1409=PROPERTY_DEFINITION_REPRESENTATION(#1414,#1411);
#1410=REPRESENTATION('material name',(#1412),#2617);
#1411=REPRESENTATION('density',(#1407),#2617);
#1412=DESCRIPTIVE_REPRESENTATION_ITEM('Stahl','Stahl');
#1413=PROPERTY_DEFINITION('material property','material name',#2627);
#1414=PROPERTY_DEFINITION('material property','density of part',#2627);
#1415=AXIS2_PLACEMENT_3D('',#1938,#1547,#1548);
#1416=AXIS2_PLACEMENT_3D('',#1939,#1549,#1550);
#1417=AXIS2_PLACEMENT_3D('',#1943,#1552,#1553);
#1418=AXIS2_PLACEMENT_3D('',#1944,#1554,#1555);
#1419=AXIS2_PLACEMENT_3D('',#1948,#1557,#1558);
#1420=AXIS2_PLACEMENT_3D('',#1949,#1559,#1560);
#1421=AXIS2_PLACEMENT_3D('',#1965,#1561,#1562);
#1422=AXIS2_PLACEMENT_3D('',#1967,#1563,#1564);
#1423=AXIS2_PLACEMENT_3D('',#2007,#1566,#1567);
#1424=AXIS2_PLACEMENT_3D('',#2022,#1568,#1569);
#1425=AXIS2_PLACEMENT_3D('',#2024,#1570,#1571);
#1426=AXIS2_PLACEMENT_3D('',#2027,#1573,#1574);
#1427=AXIS2_PLACEMENT_3D('',#2028,#1575,#1576);
#1428=AXIS2_PLACEMENT_3D('',#2029,#1577,#1578);
#1429=AXIS2_PLACEMENT_3D('',#2031,#1579,#1580);
#1430=AXIS2_PLACEMENT_3D('',#2034,#1582,#1583);
#1431=AXIS2_PLACEMENT_3D('',#2035,#1584,#1585);
#1432=AXIS2_PLACEMENT_3D('',#2036,#1586,#1587);
#1433=AXIS2_PLACEMENT_3D('',#2038,#1588,#1589);
#1434=AXIS2_PLACEMENT_3D('',#2041,#1591,#1592);
#1435=AXIS2_PLACEMENT_3D('',#2042,#1593,#1594);
#1436=AXIS2_PLACEMENT_3D('',#2043,#1595,#1596);
#1437=AXIS2_PLACEMENT_3D('',#2045,#1597,#1598);
#1438=AXIS2_PLACEMENT_3D('',#2048,#1600,#1601);
#1439=AXIS2_PLACEMENT_3D('',#2049,#1602,#1603);
#1440=AXIS2_PLACEMENT_3D('',#2050,#1604,#1605);
#1441=AXIS2_PLACEMENT_3D('',#2052,#1606,#1607);
#1442=AXIS2_PLACEMENT_3D('',#2055,#1609,#1610);
#1443=AXIS2_PLACEMENT_3D('',#2056,#1611,#1612);
#1444=AXIS2_PLACEMENT_3D('',#2058,#1613,#1614);
#1445=AXIS2_PLACEMENT_3D('',#2059,#1615,#1616);
#1446=AXIS2_PLACEMENT_3D('',#2061,#1617,#1618);
#1447=AXIS2_PLACEMENT_3D('',#2109,#1620,#1621);
#1448=AXIS2_PLACEMENT_3D('',#2111,#1622,#1623);
#1449=AXIS2_PLACEMENT_3D('',#2112,#1624,#1625);
#1450=AXIS2_PLACEMENT_3D('',#2155,#1627,#1628);
#1451=AXIS2_PLACEMENT_3D('',#2244,#1630,#1631);
#1452=AXIS2_PLACEMENT_3D('',#2323,#1633,#1634);
#1453=AXIS2_PLACEMENT_3D('',#2325,#1635,#1636);
#1454=AXIS2_PLACEMENT_3D('',#2328,#1638,#1639);
#1455=AXIS2_PLACEMENT_3D('',#2329,#1640,#1641);
#1456=AXIS2_PLACEMENT_3D('',#2330,#1642,#1643);
#1457=AXIS2_PLACEMENT_3D('',#2332,#1644,#1645);
#1458=AXIS2_PLACEMENT_3D('',#2335,#1647,#1648);
#1459=AXIS2_PLACEMENT_3D('',#2336,#1649,#1650);
#1460=AXIS2_PLACEMENT_3D('',#2337,#1651,#1652);
#1461=AXIS2_PLACEMENT_3D('',#2340,#1654,#1655);
#1462=AXIS2_PLACEMENT_3D('',#2341,#1656,#1657);
#1463=AXIS2_PLACEMENT_3D('',#2342,#1658,#1659);
#1464=AXIS2_PLACEMENT_3D('',#2351,#1664,#1665);
#1465=AXIS2_PLACEMENT_3D('',#2357,#1669,#1670);
#1466=AXIS2_PLACEMENT_3D('',#2358,#1671,#1672);
#1467=AXIS2_PLACEMENT_3D('',#2359,#1673,#1674);
#1468=AXIS2_PLACEMENT_3D('',#2368,#1679,#1680);
#1469=AXIS2_PLACEMENT_3D('',#2371,#1683,#1684);
#1470=AXIS2_PLACEMENT_3D('',#2372,#1685,#1686);
#1471=AXIS2_PLACEMENT_3D('',#2373,#1687,#1688);
#1472=AXIS2_PLACEMENT_3D('',#2382,#1693,#1694);
#1473=AXIS2_PLACEMENT_3D('',#2385,#1697,#1698);
#1474=AXIS2_PLACEMENT_3D('',#2386,#1699,#1700);
#1475=AXIS2_PLACEMENT_3D('',#2387,#1701,#1702);
#1476=AXIS2_PLACEMENT_3D('',#2396,#1707,#1708);
#1477=AXIS2_PLACEMENT_3D('',#2402,#1712,#1713);
#1478=AXIS2_PLACEMENT_3D('',#2403,#1714,#1715);
#1479=AXIS2_PLACEMENT_3D('',#2404,#1716,#1717);
#1480=AXIS2_PLACEMENT_3D('',#2413,#1722,#1723);
#1481=AXIS2_PLACEMENT_3D('',#2416,#1726,#1727);
#1482=AXIS2_PLACEMENT_3D('',#2417,#1728,#1729);
#1483=AXIS2_PLACEMENT_3D('',#2418,#1730,#1731);
#1484=AXIS2_PLACEMENT_3D('',#2427,#1736,#1737);
#1485=AXIS2_PLACEMENT_3D('',#2433,#1741,#1742);
#1486=AXIS2_PLACEMENT_3D('',#2434,#1743,#1744);
#1487=AXIS2_PLACEMENT_3D('',#2435,#1745,#1746);
#1488=AXIS2_PLACEMENT_3D('',#2441,#1750,#1751);
#1489=AXIS2_PLACEMENT_3D('',#2447,#1755,#1756);
#1490=AXIS2_PLACEMENT_3D('',#2448,#1757,#1758);
#1491=AXIS2_PLACEMENT_3D('',#2449,#1759,#1760);
#1492=AXIS2_PLACEMENT_3D('',#2458,#1765,#1766);
#1493=AXIS2_PLACEMENT_3D('',#2464,#1770,#1771);
#1494=AXIS2_PLACEMENT_3D('',#2465,#1772,#1773);
#1495=AXIS2_PLACEMENT_3D('',#2466,#1774,#1775);
#1496=AXIS2_PLACEMENT_3D('',#2472,#1779,#1780);
#1497=AXIS2_PLACEMENT_3D('',#2475,#1783,#1784);
#1498=AXIS2_PLACEMENT_3D('',#2476,#1785,#1786);
#1499=AXIS2_PLACEMENT_3D('',#2477,#1787,#1788);
#1500=AXIS2_PLACEMENT_3D('',#2486,#1793,#1794);
#1501=AXIS2_PLACEMENT_3D('',#2489,#1797,#1798);
#1502=AXIS2_PLACEMENT_3D('',#2490,#1799,#1800);
#1503=AXIS2_PLACEMENT_3D('',#2491,#1801,#1802);
#1504=AXIS2_PLACEMENT_3D('',#2497,#1806,#1807);
#1505=AXIS2_PLACEMENT_3D('',#2500,#1810,#1811);
#1506=AXIS2_PLACEMENT_3D('',#2501,#1812,#1813);
#1507=AXIS2_PLACEMENT_3D('',#2502,#1814,#1815);
#1508=AXIS2_PLACEMENT_3D('',#2511,#1820,#1821);
#1509=AXIS2_PLACEMENT_3D('',#2514,#1824,#1825);
#1510=AXIS2_PLACEMENT_3D('',#2515,#1826,#1827);
#1511=AXIS2_PLACEMENT_3D('',#2516,#1828,#1829);
#1512=AXIS2_PLACEMENT_3D('',#2525,#1834,#1835);
#1513=AXIS2_PLACEMENT_3D('',#2531,#1839,#1840);
#1514=AXIS2_PLACEMENT_3D('',#2532,#1841,#1842);
#1515=AXIS2_PLACEMENT_3D('',#2533,#1843,#1844);
#1516=AXIS2_PLACEMENT_3D('',#2539,#1848,#1849);
#1517=AXIS2_PLACEMENT_3D('',#2542,#1852,#1853);
#1518=AXIS2_PLACEMENT_3D('',#2543,#1854,#1855);
#1519=AXIS2_PLACEMENT_3D('',#2544,#1856,#1857);
#1520=AXIS2_PLACEMENT_3D('',#2550,#1861,#1862);
#1521=AXIS2_PLACEMENT_3D('',#2556,#1866,#1867);
#1522=AXIS2_PLACEMENT_3D('',#2557,#1868,#1869);
#1523=AXIS2_PLACEMENT_3D('',#2558,#1870,#1871);
#1524=AXIS2_PLACEMENT_3D('',#2564,#1875,#1876);
#1525=AXIS2_PLACEMENT_3D('',#2567,#1879,#1880);
#1526=AXIS2_PLACEMENT_3D('',#2568,#1881,#1882);
#1527=AXIS2_PLACEMENT_3D('',#2569,#1883,#1884);
#1528=AXIS2_PLACEMENT_3D('',#2575,#1888,#1889);
#1529=AXIS2_PLACEMENT_3D('',#2581,#1893,#1894);
#1530=AXIS2_PLACEMENT_3D('',#2582,#1895,#1896);
#1531=AXIS2_PLACEMENT_3D('',#2583,#1897,#1898);
#1532=AXIS2_PLACEMENT_3D('',#2589,#1902,#1903);
#1533=AXIS2_PLACEMENT_3D('',#2592,#1906,#1907);
#1534=AXIS2_PLACEMENT_3D('',#2593,#1908,#1909);
#1535=AXIS2_PLACEMENT_3D('',#2594,#1910,#1911);
#1536=AXIS2_PLACEMENT_3D('',#2596,#1912,#1913);
#1537=AXIS2_PLACEMENT_3D('',#2597,#1914,#1915);
#1538=AXIS2_PLACEMENT_3D('',#2599,#1916,#1917);
#1539=AXIS2_PLACEMENT_3D('',#2601,#1919,#1920);
#1540=AXIS2_PLACEMENT_3D('',#2603,#1921,#1922);
#1541=AXIS2_PLACEMENT_3D('',#2604,#1923,#1924);
#1542=AXIS2_PLACEMENT_3D('',#2606,#1925,#1926);
#1543=AXIS2_PLACEMENT_3D('',#2609,#1929,#1930);
#1544=AXIS2_PLACEMENT_3D('',#2611,#1931,#1932);
#1545=AXIS2_PLACEMENT_3D('',#2612,#1933,#1934);
#1546=AXIS2_PLACEMENT_3D('',#2614,#1936,#1937);
#1547=DIRECTION('axis',(0.,0.,1.));
#1548=DIRECTION('refdir',(1.,0.,0.));
#1549=DIRECTION('center_axis',(0.,0.,1.));
#1550=DIRECTION('ref_axis',(1.,0.,0.));
#1551=DIRECTION('',(1.,-6.93889390390723E-17,0.));
#1552=DIRECTION('center_axis',(0.,0.,-1.));
#1553=DIRECTION('ref_axis',(1.,0.,0.));
#1554=DIRECTION('center_axis',(0.,0.,1.));
#1555=DIRECTION('ref_axis',(1.,0.,0.));
#1556=DIRECTION('',(-1.,6.93889390390723E-17,0.));
#1557=DIRECTION('center_axis',(0.,0.,-1.));
#1558=DIRECTION('ref_axis',(1.,0.,0.));
#1559=DIRECTION('center_axis',(0.,0.,-1.));
#1560=DIRECTION('ref_axis',(1.,0.,0.));
#1561=DIRECTION('center_axis',(0.,0.,-1.));
#1562=DIRECTION('ref_axis',(1.,0.,0.));
#1563=DIRECTION('center_axis',(1.91564575389545E-17,0.258819045102522,-0.965925826289068));
#1564=DIRECTION('ref_axis',(0.,-0.965925826289068,-0.258819045102522));
#1565=DIRECTION('',(0.,0.,-1.));
#1566=DIRECTION('center_axis',(0.,0.,-1.));
#1567=DIRECTION('ref_axis',(1.,0.,0.));
#1568=DIRECTION('center_axis',(-1.,1.11022302462516E-16,0.));
#1569=DIRECTION('ref_axis',(1.11022302462516E-16,1.,0.));
#1570=DIRECTION('center_axis',(-1.,1.49289856790573E-16,0.));
#1571=DIRECTION('ref_axis',(1.11022302462516E-16,1.,0.));
#1572=DIRECTION('',(-1.,1.11022302462516E-16,0.));
#1573=DIRECTION('center_axis',(-1.,9.20045125763616E-17,0.));
#1574=DIRECTION('ref_axis',(9.20045125763616E-17,1.,0.));
#1575=DIRECTION('center_axis',(1.,-9.20045125763616E-17,0.));
#1576=DIRECTION('ref_axis',(9.20045125763616E-17,1.,0.));
#1577=DIRECTION('center_axis',(-1.,1.11022302462516E-16,0.));
#1578=DIRECTION('ref_axis',(1.11022302462516E-16,1.,0.));
#1579=DIRECTION('center_axis',(-1.,1.49289856790573E-16,0.));
#1580=DIRECTION('ref_axis',(1.11022302462516E-16,1.,0.));
#1581=DIRECTION('',(-1.,1.11022302462516E-16,0.));
#1582=DIRECTION('center_axis',(-1.,9.20045125763616E-17,0.));
#1583=DIRECTION('ref_axis',(9.20045125763616E-17,1.,0.));
#1584=DIRECTION('center_axis',(1.,-9.20045125763616E-17,0.));
#1585=DIRECTION('ref_axis',(9.20045125763616E-17,1.,0.));
#1586=DIRECTION('center_axis',(-1.,1.11022302462516E-16,0.));
#1587=DIRECTION('ref_axis',(1.11022302462516E-16,1.,0.));
#1588=DIRECTION('center_axis',(-1.,1.49289856790573E-16,0.));
#1589=DIRECTION('ref_axis',(1.11022302462516E-16,1.,0.));
#1590=DIRECTION('',(-1.,1.11022302462516E-16,0.));
#1591=DIRECTION('center_axis',(-1.,9.20045125763616E-17,0.));
#1592=DIRECTION('ref_axis',(9.20045125763616E-17,1.,0.));
#1593=DIRECTION('center_axis',(1.,-9.20045125763616E-17,0.));
#1594=DIRECTION('ref_axis',(9.20045125763616E-17,1.,0.));
#1595=DIRECTION('center_axis',(-1.,1.11022302462516E-16,0.));
#1596=DIRECTION('ref_axis',(1.11022302462516E-16,1.,0.));
#1597=DIRECTION('center_axis',(-1.,1.49289856790573E-16,0.));
#1598=DIRECTION('ref_axis',(1.11022302462516E-16,1.,0.));
#1599=DIRECTION('',(-1.,1.11022302462516E-16,0.));
#1600=DIRECTION('center_axis',(-1.,9.20045125763616E-17,0.));
#1601=DIRECTION('ref_axis',(9.20045125763616E-17,1.,0.));
#1602=DIRECTION('center_axis',(1.,-9.20045125763616E-17,0.));
#1603=DIRECTION('ref_axis',(9.20045125763616E-17,1.,0.));
#1604=DIRECTION('center_axis',(-1.,1.79068229778251E-16,0.));
#1605=DIRECTION('ref_axis',(1.79068229778251E-16,1.,0.));
#1606=DIRECTION('center_axis',(-1.,1.59804658227871E-16,0.));
#1607=DIRECTION('ref_axis',(1.79068229778251E-16,1.,0.));
#1608=DIRECTION('',(-1.,1.79068229778251E-16,0.));
#1609=DIRECTION('center_axis',(-1.,1.49289856790573E-16,0.));
#1610=DIRECTION('ref_axis',(1.49289856790573E-16,1.,0.));
#1611=DIRECTION('center_axis',(1.,-1.49289856790573E-16,0.));
#1612=DIRECTION('ref_axis',(1.49289856790573E-16,1.,0.));
#1613=DIRECTION('center_axis',(1.,-1.49289856790573E-16,0.));
#1614=DIRECTION('ref_axis',(6.93889390390723E-17,1.,0.));
#1615=DIRECTION('center_axis',(-1.59804658227871E-16,-1.,0.));
#1616=DIRECTION('ref_axis',(0.,0.,1.));
#1617=DIRECTION('center_axis',(-1.59804658227871E-16,-1.,0.));
#1618=DIRECTION('ref_axis',(0.,0.,1.));
#1619=DIRECTION('',(-1.59804658227871E-16,-1.,0.));
#1620=DIRECTION('center_axis',(-1.59804658227871E-16,-1.,0.));
#1621=DIRECTION('ref_axis',(0.,0.,1.));
#1622=DIRECTION('center_axis',(-1.59804658227871E-16,-1.,0.));
#1623=DIRECTION('ref_axis',(0.,0.,1.));
#1624=DIRECTION('center_axis',(-1.59804658227871E-16,-1.,0.));
#1625=DIRECTION('ref_axis',(0.,0.,1.));
#1626=DIRECTION('',(-1.59804658227871E-16,-1.,0.));
#1627=DIRECTION('center_axis',(-1.59804658227871E-16,-1.,0.));
#1628=DIRECTION('ref_axis',(0.,0.,1.));
#1629=DIRECTION('',(-1.59804658227871E-16,-1.,0.));
#1630=DIRECTION('center_axis',(0.,0.,-1.));
#1631=DIRECTION('ref_axis',(1.,0.,0.));
#1632=DIRECTION('',(0.,0.,-1.));
#1633=DIRECTION('center_axis',(1.,0.,0.));
#1634=DIRECTION('ref_axis',(0.,-1.,0.));
#1635=DIRECTION('center_axis',(1.,0.,0.));
#1636=DIRECTION('ref_axis',(0.,-1.,0.));
#1637=DIRECTION('',(1.,0.,0.));
#1638=DIRECTION('center_axis',(1.,0.,0.));
#1639=DIRECTION('ref_axis',(0.,-1.,0.));
#1640=DIRECTION('center_axis',(-1.,0.,0.));
#1641=DIRECTION('ref_axis',(0.,-1.,0.));
#1642=DIRECTION('center_axis',(1.,0.,0.));
#1643=DIRECTION('ref_axis',(0.,-1.,0.));
#1644=DIRECTION('center_axis',(1.,-1.59804658227871E-16,0.));
#1645=DIRECTION('ref_axis',(0.,-1.,0.));
#1646=DIRECTION('',(1.,0.,0.));
#1647=DIRECTION('center_axis',(1.,0.,0.));
#1648=DIRECTION('ref_axis',(0.,-1.,0.));
#1649=DIRECTION('center_axis',(-1.,0.,0.));
#1650=DIRECTION('ref_axis',(0.,-1.,0.));
#1651=DIRECTION('center_axis',(-1.,6.93889390390723E-17,0.));
#1652=DIRECTION('ref_axis',(6.93889390390723E-17,1.,0.));
#1653=DIRECTION('',(-1.,6.93889390390723E-17,0.));
#1654=DIRECTION('center_axis',(-1.,9.20045125763616E-17,0.));
#1655=DIRECTION('ref_axis',(9.20045125763616E-17,1.,0.));
#1656=DIRECTION('center_axis',(1.,-9.20045125763616E-17,0.));
#1657=DIRECTION('ref_axis',(9.20045125763616E-17,1.,0.));
#1658=DIRECTION('center_axis',(-5.23364152894591E-17,-0.707106781186547,
-0.707106781186548));
#1659=DIRECTION('ref_axis',(-6.50570147425083E-17,-0.707106781186548,0.707106781186547));
#1660=DIRECTION('',(-1.12998957498126E-16,-0.707106781186548,0.707106781186547));
#1661=DIRECTION('',(-1.,7.40148683083438E-17,0.));
#1662=DIRECTION('',(-6.50570147425083E-17,-0.707106781186548,0.707106781186547));
#1663=DIRECTION('',(-1.,1.59804658227871E-16,0.));
#1664=DIRECTION('center_axis',(4.24531844012919E-17,0.573576436351047,-0.819152044288991));
#1665=DIRECTION('ref_axis',(-7.53656845607387E-17,-0.819152044288991,-0.573576436351047));
#1666=DIRECTION('',(-1.30904312474264E-16,-0.819152044288991,-0.573576436351047));
#1667=DIRECTION('',(1.,-1.59804658227871E-16,0.));
#1668=DIRECTION('',(-7.53656845607387E-17,-0.819152044288991,-0.573576436351047));
#1669=DIRECTION('center_axis',(1.,-9.20045125763616E-17,0.));
#1670=DIRECTION('ref_axis',(9.20045125763616E-17,1.,0.));
#1671=DIRECTION('center_axis',(-1.,9.20045125763616E-17,0.));
#1672=DIRECTION('ref_axis',(3.14034271546229E-16,1.,0.));
#1673=DIRECTION('center_axis',(-6.25600699748782E-17,-0.422618261740701,
-0.906307787036649));
#1674=DIRECTION('ref_axis',(-8.33844061904678E-17,-0.906307787036649,0.422618261740701));
#1675=DIRECTION('',(-1.4483220615665E-16,-0.906307787036649,0.422618261740701));
#1676=DIRECTION('',(-1.,1.48029736616688E-16,0.));
#1677=DIRECTION('',(-8.33844061904678E-17,-0.906307787036649,0.422618261740701));
#1678=DIRECTION('',(-1.,1.59804658227871E-16,0.));
#1679=DIRECTION('center_axis',(1.21258861365121E-16,0.819152044288992,-0.573576436351045));
#1680=DIRECTION('ref_axis',(-5.27716204517644E-17,-0.573576436351045,-0.819152044288992));
#1681=DIRECTION('',(-9.16601863786391E-17,-0.573576436351045,-0.819152044288992));
#1682=DIRECTION('',(-5.27716204517644E-17,-0.573576436351045,-0.819152044288992));
#1683=DIRECTION('center_axis',(1.,-9.20045125763616E-17,0.));
#1684=DIRECTION('ref_axis',(9.20045125763616E-17,1.,0.));
#1685=DIRECTION('center_axis',(-1.,9.20045125763616E-17,0.));
#1686=DIRECTION('ref_axis',(3.14034271546229E-16,1.,0.));
#1687=DIRECTION('center_axis',(-1.29016416435677E-17,-0.0871557427476591,
-0.996194698091745));
#1688=DIRECTION('ref_axis',(-9.16544076290867E-17,-0.996194698091746,0.0871557427476591));
#1689=DIRECTION('',(-1.59196553256969E-16,-0.996194698091746,0.0871557427476591));
#1690=DIRECTION('',(-1.,1.48029736616688E-16,0.));
#1691=DIRECTION('',(-9.16544076290867E-17,-0.996194698091746,0.0871557427476591));
#1692=DIRECTION('',(-1.,1.59804658227871E-16,0.));
#1693=DIRECTION('center_axis',(1.42985745656827E-16,0.965925826289068,-0.25881904510252));
#1694=DIRECTION('ref_axis',(-2.38125200901367E-17,-0.25881904510252,-0.965925826289068));
#1695=DIRECTION('',(-4.13604890454722E-17,-0.25881904510252,-0.965925826289068));
#1696=DIRECTION('',(-2.38125200901367E-17,-0.25881904510252,-0.965925826289068));
#1697=DIRECTION('center_axis',(1.,-9.20045125763616E-17,0.));
#1698=DIRECTION('ref_axis',(9.20045125763616E-17,1.,0.));
#1699=DIRECTION('center_axis',(-1.,9.20045125763616E-17,0.));
#1700=DIRECTION('ref_axis',(3.14034271546229E-16,1.,0.));
#1701=DIRECTION('center_axis',(0.,0.819152044288991,-0.573576436351047));
#1702=DIRECTION('ref_axis',(-5.27716204517645E-17,-0.573576436351047,-0.819152044288991));
#1703=DIRECTION('',(-9.16601863786394E-17,-0.573576436351047,-0.819152044288991));
#1704=DIRECTION('',(-1.,0.,0.));
#1705=DIRECTION('',(-5.27716204517645E-17,-0.573576436351047,-0.819152044288991));
#1706=DIRECTION('',(-1.,1.59804658227871E-16,0.));
#1707=DIRECTION('center_axis',(0.,0.707106781186546,0.707106781186549));
#1708=DIRECTION('ref_axis',(6.50570147425084E-17,0.707106781186549,-0.707106781186546));
#1709=DIRECTION('',(1.12998957498127E-16,0.707106781186549,-0.707106781186546));
#1710=DIRECTION('',(1.,-1.59804658227871E-16,0.));
#1711=DIRECTION('',(6.50570147425084E-17,0.707106781186549,-0.707106781186546));
#1712=DIRECTION('center_axis',(1.,-9.20045125763616E-17,0.));
#1713=DIRECTION('ref_axis',(9.20045125763616E-17,1.,0.));
#1714=DIRECTION('center_axis',(-1.,9.20045125763616E-17,0.));
#1715=DIRECTION('ref_axis',(3.14034271546229E-16,1.,0.));
#1716=DIRECTION('center_axis',(1.42985745656827E-16,0.965925826289068,-0.258819045102523));
#1717=DIRECTION('ref_axis',(-2.38125200901369E-17,-0.258819045102523,-0.965925826289068));
#1718=DIRECTION('',(-4.13604890454726E-17,-0.258819045102523,-0.965925826289068));
#1719=DIRECTION('',(-1.,1.48029736616688E-16,0.));
#1720=DIRECTION('',(-2.38125200901369E-17,-0.258819045102523,-0.965925826289068));
#1721=DIRECTION('',(-1.,1.59804658227871E-16,0.));
#1722=DIRECTION('center_axis',(6.25600699748779E-17,0.422618261740698,0.90630778703665));
#1723=DIRECTION('ref_axis',(8.33844061904679E-17,0.90630778703665,-0.422618261740698));
#1724=DIRECTION('',(1.4483220615665E-16,0.90630778703665,-0.422618261740698));
#1725=DIRECTION('',(8.33844061904679E-17,0.90630778703665,-0.422618261740698));
#1726=DIRECTION('center_axis',(1.,-9.20045125763616E-17,0.));
#1727=DIRECTION('ref_axis',(9.20045125763616E-17,1.,0.));
#1728=DIRECTION('center_axis',(-1.,9.20045125763616E-17,0.));
#1729=DIRECTION('ref_axis',(3.14034271546229E-16,1.,0.));
#1730=DIRECTION('center_axis',(0.,-0.25881904510252,0.965925826289069));
#1731=DIRECTION('ref_axis',(8.88695348326451E-17,0.965925826289069,0.25881904510252));
#1732=DIRECTION('',(1.54359446543599E-16,0.965925826289069,0.25881904510252));
#1733=DIRECTION('',(-1.,0.,0.));
#1734=DIRECTION('',(8.88695348326451E-17,0.965925826289068,0.25881904510252));
#1735=DIRECTION('',(-1.,1.59804658227871E-16,0.));
#1736=DIRECTION('center_axis',(0.,-0.996194698091745,-0.0871557427476595));
#1737=DIRECTION('ref_axis',(-8.01872162972916E-18,-0.0871557427476595,0.996194698091746));
#1738=DIRECTION('',(-1.3927893682386E-17,-0.0871557427476595,0.996194698091746));
#1739=DIRECTION('',(1.,-1.59804658227871E-16,0.));
#1740=DIRECTION('',(-8.01872162972916E-18,-0.0871557427476595,0.996194698091746));
#1741=DIRECTION('center_axis',(1.,-9.20045125763616E-17,0.));
#1742=DIRECTION('ref_axis',(9.20045125763616E-17,1.,0.));
#1743=DIRECTION('center_axis',(-1.,9.20045125763616E-17,0.));
#1744=DIRECTION('ref_axis',(3.14034271546229E-16,1.,0.));
#1745=DIRECTION('center_axis',(1.29016416435678E-17,0.0871557427476594,
0.996194698091745));
#1746=DIRECTION('ref_axis',(9.16544076290867E-17,0.996194698091746,-0.0871557427476594));
#1747=DIRECTION('',(1.59196553256969E-16,0.996194698091746,-0.0871557427476594));
#1748=DIRECTION('',(-1.,1.48029736616688E-16,0.));
#1749=DIRECTION('',(9.16544076290867E-17,0.996194698091746,-0.0871557427476594));
#1750=DIRECTION('center_axis',(-1.42985745656827E-16,-0.965925826289069,
0.258819045102519));
#1751=DIRECTION('ref_axis',(2.38125200901366E-17,0.258819045102519,0.965925826289069));
#1752=DIRECTION('',(4.13604890454721E-17,0.258819045102519,0.965925826289069));
#1753=DIRECTION('',(1.,-1.59804658227871E-16,0.));
#1754=DIRECTION('',(2.38125200901366E-17,0.258819045102519,0.965925826289069));
#1755=DIRECTION('center_axis',(1.,-9.20045125763616E-17,0.));
#1756=DIRECTION('ref_axis',(9.20045125763616E-17,1.,0.));
#1757=DIRECTION('center_axis',(-1.,9.20045125763616E-17,0.));
#1758=DIRECTION('ref_axis',(3.14034271546229E-16,1.,0.));
#1759=DIRECTION('center_axis',(6.70802515043442E-17,0.90630778703665,0.422618261740698));
#1760=DIRECTION('ref_axis',(3.88827871773222E-17,0.422618261740698,-0.90630778703665));
#1761=DIRECTION('',(6.75363668783294E-17,0.422618261740698,-0.90630778703665));
#1762=DIRECTION('',(-1.,7.40148683083438E-17,0.));
#1763=DIRECTION('',(3.88827871773222E-17,0.422618261740698,-0.90630778703665));
#1764=DIRECTION('',(-1.,1.59804658227871E-16,0.));
#1765=DIRECTION('center_axis',(-1.91564575389545E-17,-0.258819045102522,
0.965925826289068));
#1766=DIRECTION('ref_axis',(8.8869534832645E-17,0.965925826289068,0.258819045102522));
#1767=DIRECTION('',(1.54359446543599E-16,0.965925826289068,0.258819045102522));
#1768=DIRECTION('',(1.,-1.59804658227871E-16,0.));
#1769=DIRECTION('',(8.8869534832645E-17,0.965925826289068,0.258819045102522));
#1770=DIRECTION('center_axis',(1.,-9.20045125763616E-17,0.));
#1771=DIRECTION('ref_axis',(9.20045125763616E-17,1.,0.));
#1772=DIRECTION('center_axis',(-1.,9.20045125763616E-17,0.));
#1773=DIRECTION('ref_axis',(3.14034271546229E-16,1.,0.));
#1774=DIRECTION('center_axis',(1.47466438777462E-16,0.996194698091746,0.0871557427476564));
#1775=DIRECTION('ref_axis',(8.01872162972891E-18,0.0871557427476564,-0.996194698091746));
#1776=DIRECTION('',(1.39278936823855E-17,0.0871557427476564,-0.996194698091746));
#1777=DIRECTION('',(-1.,1.48029736616688E-16,0.));
#1778=DIRECTION('',(8.01872162972891E-18,0.0871557427476564,-0.996194698091746));
#1779=DIRECTION('center_axis',(1.29016416435676E-17,0.0871557427476578,
0.996194698091746));
#1780=DIRECTION('ref_axis',(9.16544076290867E-17,0.996194698091746,-0.0871557427476578));
#1781=DIRECTION('',(1.59196553256969E-16,0.996194698091746,-0.0871557427476578));
#1782=DIRECTION('',(9.16544076290867E-17,0.996194698091746,-0.0871557427476578));
#1783=DIRECTION('center_axis',(1.,-9.20045125763616E-17,0.));
#1784=DIRECTION('ref_axis',(9.20045125763616E-17,1.,0.));
#1785=DIRECTION('center_axis',(-1.,9.20045125763616E-17,0.));
#1786=DIRECTION('ref_axis',(3.14034271546229E-16,1.,0.));
#1787=DIRECTION('center_axis',(5.23364152894591E-17,0.707106781186547,0.707106781186548));
#1788=DIRECTION('ref_axis',(6.50570147425083E-17,0.707106781186548,-0.707106781186547));
#1789=DIRECTION('',(1.12998957498126E-16,0.707106781186548,-0.707106781186547));
#1790=DIRECTION('',(-1.,7.40148683083438E-17,0.));
#1791=DIRECTION('',(6.50570147425083E-17,0.707106781186548,-0.707106781186547));
#1792=DIRECTION('',(-1.,1.59804658227871E-16,0.));
#1793=DIRECTION('center_axis',(-4.24531844012919E-17,-0.573576436351047,
0.819152044288991));
#1794=DIRECTION('ref_axis',(7.53656845607388E-17,0.819152044288991,0.573576436351047));
#1795=DIRECTION('',(1.30904312474264E-16,0.819152044288991,0.573576436351047));
#1796=DIRECTION('',(7.53656845607388E-17,0.819152044288991,0.573576436351047));
#1797=DIRECTION('center_axis',(1.,-9.20045125763616E-17,0.));
#1798=DIRECTION('ref_axis',(9.20045125763616E-17,1.,0.));
#1799=DIRECTION('center_axis',(-1.,9.20045125763616E-17,0.));
#1800=DIRECTION('ref_axis',(3.14034271546229E-16,1.,0.));
#1801=DIRECTION('center_axis',(6.25600699748782E-17,0.422618261740701,0.906307787036649));
#1802=DIRECTION('ref_axis',(8.33844061904679E-17,0.906307787036649,-0.422618261740701));
#1803=DIRECTION('',(1.4483220615665E-16,0.906307787036649,-0.422618261740701));
#1804=DIRECTION('',(-1.,1.48029736616688E-16,0.));
#1805=DIRECTION('',(8.33844061904679E-17,0.906307787036649,-0.422618261740701));
#1806=DIRECTION('center_axis',(-1.21258861365121E-16,-0.819152044288992,
0.573576436351045));
#1807=DIRECTION('ref_axis',(5.27716204517644E-17,0.573576436351045,0.819152044288992));
#1808=DIRECTION('',(9.16601863786391E-17,0.573576436351045,0.819152044288992));
#1809=DIRECTION('',(5.27716204517644E-17,0.573576436351045,0.819152044288992));
#1810=DIRECTION('center_axis',(1.,-9.20045125763616E-17,0.));
#1811=DIRECTION('ref_axis',(9.20045125763616E-17,1.,0.));
#1812=DIRECTION('center_axis',(-1.,9.20045125763616E-17,0.));
#1813=DIRECTION('ref_axis',(3.14034271546229E-16,1.,0.));
#1814=DIRECTION('center_axis',(0.,-0.573576436351046,0.819152044288992));
#1815=DIRECTION('ref_axis',(7.53656845607389E-17,0.819152044288992,0.573576436351046));
#1816=DIRECTION('',(1.30904312474264E-16,0.819152044288992,0.573576436351046));
#1817=DIRECTION('',(-1.,0.,0.));
#1818=DIRECTION('',(7.53656845607389E-17,0.819152044288992,0.573576436351046));
#1819=DIRECTION('',(-1.,1.59804658227871E-16,0.));
#1820=DIRECTION('center_axis',(0.,-0.90630778703665,-0.4226182617407));
#1821=DIRECTION('ref_axis',(-3.88827871773223E-17,-0.4226182617407,0.906307787036649));
#1822=DIRECTION('',(-6.75363668783297E-17,-0.4226182617407,0.906307787036649));
#1823=DIRECTION('',(-3.88827871773223E-17,-0.4226182617407,0.906307787036649));
#1824=DIRECTION('center_axis',(1.,-9.20045125763616E-17,0.));
#1825=DIRECTION('ref_axis',(9.20045125763616E-17,1.,0.));
#1826=DIRECTION('center_axis',(-1.,9.20045125763616E-17,0.));
#1827=DIRECTION('ref_axis',(3.14034271546229E-16,1.,0.));
#1828=DIRECTION('center_axis',(-1.42985745656827E-16,-0.965925826289068,
0.258819045102523));
#1829=DIRECTION('ref_axis',(2.3812520090137E-17,0.258819045102523,0.965925826289068));
#1830=DIRECTION('',(4.13604890454726E-17,0.258819045102523,0.965925826289068));
#1831=DIRECTION('',(-1.,1.48029736616688E-16,0.));
#1832=DIRECTION('',(2.3812520090137E-17,0.258819045102523,0.965925826289068));
#1833=DIRECTION('',(-1.,1.59804658227871E-16,0.));
#1834=DIRECTION('center_axis',(-6.25600699748779E-17,-0.422618261740699,
-0.90630778703665));
#1835=DIRECTION('ref_axis',(-8.33844061904679E-17,-0.90630778703665,0.422618261740699));
#1836=DIRECTION('',(-1.4483220615665E-16,-0.90630778703665,0.422618261740699));
#1837=DIRECTION('',(1.,-1.59804658227871E-16,0.));
#1838=DIRECTION('',(-8.33844061904679E-17,-0.90630778703665,0.422618261740699));
#1839=DIRECTION('center_axis',(1.,-9.20045125763616E-17,0.));
#1840=DIRECTION('ref_axis',(9.20045125763616E-17,1.,0.));
#1841=DIRECTION('center_axis',(-1.,9.20045125763616E-17,0.));
#1842=DIRECTION('ref_axis',(3.14034271546229E-16,1.,0.));
#1843=DIRECTION('center_axis',(0.,-0.819152044288991,0.573576436351047));
#1844=DIRECTION('ref_axis',(5.27716204517646E-17,0.573576436351047,0.819152044288991));
#1845=DIRECTION('',(9.16601863786394E-17,0.573576436351047,0.819152044288991));
#1846=DIRECTION('',(-1.,0.,0.));
#1847=DIRECTION('',(5.27716204517646E-17,0.573576436351047,0.819152044288991));
#1848=DIRECTION('center_axis',(0.,-0.707106781186547,-0.707106781186548));
#1849=DIRECTION('ref_axis',(-6.50570147425083E-17,-0.707106781186548,0.707106781186547));
#1850=DIRECTION('',(-1.12998957498127E-16,-0.707106781186548,0.707106781186547));
#1851=DIRECTION('',(-6.50570147425083E-17,-0.707106781186548,0.707106781186547));
#1852=DIRECTION('center_axis',(1.,-9.20045125763616E-17,0.));
#1853=DIRECTION('ref_axis',(9.20045125763616E-17,1.,0.));
#1854=DIRECTION('center_axis',(-1.,9.20045125763616E-17,0.));
#1855=DIRECTION('ref_axis',(3.14034271546229E-16,1.,0.));
#1856=DIRECTION('center_axis',(-6.70802515043442E-17,-0.90630778703665,
-0.422618261740698));
#1857=DIRECTION('ref_axis',(-3.88827871773221E-17,-0.422618261740698,0.90630778703665));
#1858=DIRECTION('',(-6.75363668783294E-17,-0.422618261740698,0.90630778703665));
#1859=DIRECTION('',(-1.,7.40148683083438E-17,0.));
#1860=DIRECTION('',(-3.88827871773221E-17,-0.422618261740698,0.90630778703665));
#1861=DIRECTION('center_axis',(1.91564575389545E-17,0.258819045102522,-0.965925826289068));
#1862=DIRECTION('ref_axis',(-8.8869534832645E-17,-0.965925826289068,-0.258819045102522));
#1863=DIRECTION('',(-1.54359446543599E-16,-0.965925826289068,-0.258819045102522));
#1864=DIRECTION('',(1.,-1.59804658227871E-16,0.));
#1865=DIRECTION('',(-8.8869534832645E-17,-0.965925826289068,-0.258819045102522));
#1866=DIRECTION('center_axis',(1.,-9.20045125763616E-17,0.));
#1867=DIRECTION('ref_axis',(9.20045125763616E-17,1.,0.));
#1868=DIRECTION('center_axis',(-1.,9.20045125763616E-17,0.));
#1869=DIRECTION('ref_axis',(3.14034271546229E-16,1.,0.));
#1870=DIRECTION('center_axis',(-1.47466438777462E-16,-0.996194698091746,
-0.0871557427476567));
#1871=DIRECTION('ref_axis',(-8.0187216297289E-18,-0.0871557427476567,0.996194698091746));
#1872=DIRECTION('',(-1.39278936823856E-17,-0.0871557427476567,0.996194698091746));
#1873=DIRECTION('',(-1.,1.48029736616688E-16,0.));
#1874=DIRECTION('',(-8.0187216297289E-18,-0.0871557427476567,0.996194698091746));
#1875=DIRECTION('center_axis',(-1.29016416435675E-17,-0.0871557427476572,
-0.996194698091746));
#1876=DIRECTION('ref_axis',(-9.16544076290867E-17,-0.996194698091746,0.0871557427476572));
#1877=DIRECTION('',(-1.59196553256969E-16,-0.996194698091746,0.0871557427476572));
#1878=DIRECTION('',(-9.16544076290867E-17,-0.996194698091746,0.0871557427476572));
#1879=DIRECTION('center_axis',(1.,-9.20045125763616E-17,0.));
#1880=DIRECTION('ref_axis',(9.20045125763616E-17,1.,0.));
#1881=DIRECTION('center_axis',(-1.,9.20045125763616E-17,0.));
#1882=DIRECTION('ref_axis',(3.14034271546229E-16,1.,0.));
#1883=DIRECTION('center_axis',(0.,0.573576436351045,-0.819152044288992));
#1884=DIRECTION('ref_axis',(-7.53656845607389E-17,-0.819152044288992,-0.573576436351045));
#1885=DIRECTION('',(-1.30904312474265E-16,-0.819152044288992,-0.573576436351045));
#1886=DIRECTION('',(-1.,0.,0.));
#1887=DIRECTION('',(-7.53656845607389E-17,-0.819152044288992,-0.573576436351045));
#1888=DIRECTION('center_axis',(0.,0.90630778703665,0.4226182617407));
#1889=DIRECTION('ref_axis',(3.88827871773223E-17,0.4226182617407,-0.90630778703665));
#1890=DIRECTION('',(6.75363668783296E-17,0.4226182617407,-0.90630778703665));
#1891=DIRECTION('',(1.,-1.59804658227871E-16,0.));
#1892=DIRECTION('',(3.88827871773223E-17,0.4226182617407,-0.90630778703665));
#1893=DIRECTION('center_axis',(1.,-9.20045125763616E-17,0.));
#1894=DIRECTION('ref_axis',(9.20045125763616E-17,1.,0.));
#1895=DIRECTION('center_axis',(-1.,9.20045125763616E-17,0.));
#1896=DIRECTION('ref_axis',(3.14034271546229E-16,1.,0.));
#1897=DIRECTION('center_axis',(0.,0.25881904510252,-0.965925826289069));
#1898=DIRECTION('ref_axis',(-8.8869534832645E-17,-0.965925826289068,-0.25881904510252));
#1899=DIRECTION('',(-1.54359446543599E-16,-0.965925826289068,-0.25881904510252));
#1900=DIRECTION('',(-1.,0.,0.));
#1901=DIRECTION('',(-8.8869534832645E-17,-0.965925826289068,-0.25881904510252));
#1902=DIRECTION('center_axis',(0.,0.996194698091745,0.0871557427476594));
#1903=DIRECTION('ref_axis',(8.01872162972918E-18,0.0871557427476594,-0.996194698091746));
#1904=DIRECTION('',(1.3927893682386E-17,0.0871557427476594,-0.996194698091746));
#1905=DIRECTION('',(8.01872162972918E-18,0.0871557427476594,-0.996194698091746));
#1906=DIRECTION('center_axis',(1.,-9.20045125763616E-17,0.));
#1907=DIRECTION('ref_axis',(9.20045125763616E-17,1.,0.));
#1908=DIRECTION('center_axis',(-1.,9.20045125763616E-17,0.));
#1909=DIRECTION('ref_axis',(3.14034271546229E-16,1.,0.));
#1910=DIRECTION('center_axis',(-1.,1.59804658227871E-16,0.));
#1911=DIRECTION('ref_axis',(0.,0.,1.));
#1912=DIRECTION('center_axis',(1.,-1.59804658227871E-16,0.));
#1913=DIRECTION('ref_axis',(0.,0.,-1.));
#1914=DIRECTION('center_axis',(1.,-1.59804658227871E-16,0.));
#1915=DIRECTION('ref_axis',(3.14034271546229E-16,1.,0.));
#1916=DIRECTION('center_axis',(1.,-1.59804658227871E-16,0.));
#1917=DIRECTION('ref_axis',(0.,0.,-1.));
#1918=DIRECTION('',(-1.,1.59804658227871E-16,0.));
#1919=DIRECTION('center_axis',(1.,-1.59804658227871E-16,0.));
#1920=DIRECTION('ref_axis',(0.,0.,-1.));
#1921=DIRECTION('center_axis',(1.,-1.59804658227871E-16,0.));
#1922=DIRECTION('ref_axis',(0.,0.,-1.));
#1923=DIRECTION('center_axis',(1.,-1.59804658227871E-16,0.));
#1924=DIRECTION('ref_axis',(3.14034271546229E-16,1.,0.));
#1925=DIRECTION('center_axis',(1.,-1.59804658227871E-16,0.));
#1926=DIRECTION('ref_axis',(0.,0.,-1.));
#1927=DIRECTION('',(-1.,1.59804658227871E-16,0.));
#1928=DIRECTION('',(-1.,1.59804658227871E-16,0.));
#1929=DIRECTION('center_axis',(-1.,1.59804658227871E-16,0.));
#1930=DIRECTION('ref_axis',(0.,0.,1.));
#1931=DIRECTION('center_axis',(1.,-1.59804658227871E-16,0.));
#1932=DIRECTION('ref_axis',(0.,0.,-1.));
#1933=DIRECTION('center_axis',(1.,-1.59804658227871E-16,0.));
#1934=DIRECTION('ref_axis',(3.14034271546229E-16,1.,0.));
#1935=DIRECTION('',(-1.,1.59804658227871E-16,0.));
#1936=DIRECTION('center_axis',(1.,-1.59804658227871E-16,0.));
#1937=DIRECTION('ref_axis',(0.,0.,-1.));
#1938=CARTESIAN_POINT('',(0.,0.,0.));
#1939=CARTESIAN_POINT('Origin',(57.,6.12323399573677E-15,-5.));
#1940=CARTESIAN_POINT('',(55.4,-0.708872343937928,-5.));
#1941=CARTESIAN_POINT('',(58.6,-0.708872343937929,-5.));
#1942=CARTESIAN_POINT('',(70.,-0.708872343937929,-5.));
#1943=CARTESIAN_POINT('Origin',(57.,5.98445611765862E-15,-5.));
#1944=CARTESIAN_POINT('Origin',(57.,6.12323399573677E-15,-5.));
#1945=CARTESIAN_POINT('',(58.6,0.708872343937917,-5.));
#1946=CARTESIAN_POINT('',(55.4,0.708872343937917,-5.));
#1947=CARTESIAN_POINT('',(70.,0.708872343937916,-5.));
#1948=CARTESIAN_POINT('Origin',(57.,5.98445611765862E-15,-5.));
#1949=CARTESIAN_POINT('Origin',(57.,5.98445611765862E-15,25.));
#1950=CARTESIAN_POINT('Ctrl Pts',(58.6,-0.708872343937928,-5.));
#1951=CARTESIAN_POINT('Ctrl Pts',(58.5109676627728,-0.909827763883083,-4.97150965208729));
#1952=CARTESIAN_POINT('Ctrl Pts',(58.3829452935013,-1.09192844065165,-4.93282043716633));
#1953=CARTESIAN_POINT('Ctrl Pts',(58.0830478294647,-1.39182590468822,-4.85702370127953));
#1954=CARTESIAN_POINT('Ctrl Pts',(57.8875135187839,-1.52616569256162,-4.81479539265962));
#1955=CARTESIAN_POINT('Ctrl Pts',(57.4569796350064,-1.7052949925485,-4.7543039296692));
#1956=CARTESIAN_POINT('Ctrl Pts',(57.2217984641222,-1.74999999999999,-4.73708771293081));
#1957=CARTESIAN_POINT('Ctrl Pts',(57.,-1.74999999999999,-4.73708771293081));
#1958=CARTESIAN_POINT('Ctrl Pts',(56.7782015358778,-1.74999999999999,-4.73708771293081));
#1959=CARTESIAN_POINT('Ctrl Pts',(56.5430203649936,-1.7052949925485,-4.7543039296692));
#1960=CARTESIAN_POINT('Ctrl Pts',(56.1124864812161,-1.52616569256162,-4.81479539265962));
#1961=CARTESIAN_POINT('Ctrl Pts',(55.9169521705353,-1.39182590468822,-4.85702370127953));
#1962=CARTESIAN_POINT('Ctrl Pts',(55.6170547064902,-1.09192844064306,-4.9328204371685));
#1963=CARTESIAN_POINT('Ctrl Pts',(55.4890323373075,-0.909827764064258,-4.9715096520616));
#1964=CARTESIAN_POINT('Ctrl Pts',(55.4,-0.708872343937928,-5.));
#1965=CARTESIAN_POINT('Origin',(57.,5.98445611765862E-15,25.));
#1966=CARTESIAN_POINT('',(55.25,6.20956445143031E-15,23.4569716009804));
#1967=CARTESIAN_POINT('Origin',(57.,5.98445611765862E-15,23.4569716009804));
#1968=CARTESIAN_POINT('',(55.25,5.9790256238762E-15,5.05));
#1969=CARTESIAN_POINT('',(55.25,6.19876930750941E-15,25.));
#1970=CARTESIAN_POINT('',(57.,-1.74999999999999,4.73708771293081));
#1971=CARTESIAN_POINT('Ctrl Pts',(57.,-1.74999999999999,4.73708771293081));
#1972=CARTESIAN_POINT('Ctrl Pts',(57.2217984641222,-1.74999999999999,4.73708771293081));
#1973=CARTESIAN_POINT('Ctrl Pts',(57.4569796350064,-1.7052949925485,4.7543039296692));
#1974=CARTESIAN_POINT('Ctrl Pts',(57.8875135187839,-1.52616569256162,4.81479539265962));
#1975=CARTESIAN_POINT('Ctrl Pts',(58.0830478294647,-1.39182590468822,4.85702370127953));
#1976=CARTESIAN_POINT('Ctrl Pts',(58.3917414959297,-1.08313223822322,4.93504360845728));
#1977=CARTESIAN_POINT('Ctrl Pts',(58.5261460971392,-0.88756460427187,4.97613627267435));
#1978=CARTESIAN_POINT('Ctrl Pts',(58.7053239514861,-0.456906044287288,5.03397854560635));
#1979=CARTESIAN_POINT('Ctrl Pts',(58.75,-0.221677200765091,5.05));
#1980=CARTESIAN_POINT('Ctrl Pts',(58.75,0.221677200765103,5.05));
#1981=CARTESIAN_POINT('Ctrl Pts',(58.7053239514861,0.4569060442873,5.03397854560635));
#1982=CARTESIAN_POINT('Ctrl Pts',(58.5261460971392,0.887564604271882,4.97613627267435));
#1983=CARTESIAN_POINT('Ctrl Pts',(58.3917414959297,1.08313223822323,4.93504360845728));
#1984=CARTESIAN_POINT('Ctrl Pts',(58.0830478294647,1.39182590468823,4.85702370127952));
#1985=CARTESIAN_POINT('Ctrl Pts',(57.8875135187839,1.52616569256163,4.81479539265961));
#1986=CARTESIAN_POINT('Ctrl Pts',(57.4569796350064,1.70529499254851,4.7543039296692));
#1987=CARTESIAN_POINT('Ctrl Pts',(57.2217984641222,1.75,4.7370877129308));
#1988=CARTESIAN_POINT('Ctrl Pts',(56.7782015358778,1.75,4.7370877129308));
#1989=CARTESIAN_POINT('Ctrl Pts',(56.5430203649936,1.70529499254851,4.7543039296692));
#1990=CARTESIAN_POINT('Ctrl Pts',(56.1124864812161,1.52616569256163,4.81479539265961));
#1991=CARTESIAN_POINT('Ctrl Pts',(55.9169521705353,1.39182590468823,4.85702370127952));
#1992=CARTESIAN_POINT('Ctrl Pts',(55.6082585040703,1.08313223822323,4.93504360845728));
#1993=CARTESIAN_POINT('Ctrl Pts',(55.4738539028608,0.887564604271882,4.97613627267435));
#1994=CARTESIAN_POINT('Ctrl Pts',(55.2946760485139,0.4569060442873,5.03397854560635));
#1995=CARTESIAN_POINT('Ctrl Pts',(55.25,0.221677200765104,5.05));
#1996=CARTESIAN_POINT('Ctrl Pts',(55.25,6.59194920871187E-15,5.05));
#1997=CARTESIAN_POINT('Ctrl Pts',(55.25,5.89805981832114E-15,5.05));
#1998=CARTESIAN_POINT('Ctrl Pts',(55.25,-0.221677200765091,5.05));
#1999=CARTESIAN_POINT('Ctrl Pts',(55.2946760485139,-0.456906044287288,5.03397854560635));
#2000=CARTESIAN_POINT('Ctrl Pts',(55.4738539028608,-0.88756460427187,4.97613627267435));
#2001=CARTESIAN_POINT('Ctrl Pts',(55.6082585040703,-1.08313223822322,4.93504360845728));
#2002=CARTESIAN_POINT('Ctrl Pts',(55.9169521705353,-1.39182590468822,4.85702370127953));
#2003=CARTESIAN_POINT('Ctrl Pts',(56.1124864812161,-1.52616569256162,4.81479539265962));
#2004=CARTESIAN_POINT('Ctrl Pts',(56.5430203649936,-1.7052949925485,4.7543039296692));
#2005=CARTESIAN_POINT('Ctrl Pts',(56.7782015358778,-1.74999999999999,4.73708771293081));
#2006=CARTESIAN_POINT('Ctrl Pts',(57.,-1.74999999999999,4.73708771293081));
#2007=CARTESIAN_POINT('Origin',(57.,5.98445611765862E-15,25.));
#2008=CARTESIAN_POINT('Ctrl Pts',(55.4,0.70887234393792,-4.99999999999999));
#2009=CARTESIAN_POINT('Ctrl Pts',(55.4890323373075,0.909827764064247,-4.9715096520616));
#2010=CARTESIAN_POINT('Ctrl Pts',(55.6170547064902,1.09192844064307,-4.9328204371685));
#2011=CARTESIAN_POINT('Ctrl Pts',(55.9169521705353,1.39182590468823,-4.85702370127952));
#2012=CARTESIAN_POINT('Ctrl Pts',(56.1124864812161,1.52616569256163,-4.81479539265961));
#2013=CARTESIAN_POINT('Ctrl Pts',(56.5430203649936,1.70529499254851,-4.7543039296692));
#2014=CARTESIAN_POINT('Ctrl Pts',(56.7782015358778,1.75,-4.7370877129308));
#2015=CARTESIAN_POINT('Ctrl Pts',(57.2217984641222,1.75,-4.7370877129308));
#2016=CARTESIAN_POINT('Ctrl Pts',(57.4569796350064,1.70529499254851,-4.7543039296692));
#2017=CARTESIAN_POINT('Ctrl Pts',(57.8875135187839,1.52616569256163,-4.81479539265961));
#2018=CARTESIAN_POINT('Ctrl Pts',(58.0830478294647,1.39182590468823,-4.85702370127952));
#2019=CARTESIAN_POINT('Ctrl Pts',(58.3829452935098,1.09192844064307,-4.9328204371685));
#2020=CARTESIAN_POINT('Ctrl Pts',(58.5109676626925,0.90982776406425,-4.9715096520616));
#2021=CARTESIAN_POINT('Ctrl Pts',(58.6,0.708872343937917,-5.));
#2022=CARTESIAN_POINT('Origin',(63.8,5.72157780933534,5.59138152621705));
#2023=CARTESIAN_POINT('',(63.8,4.37157780933534,5.59138152621705));
#2024=CARTESIAN_POINT('Origin',(63.8,5.72157780933534,5.59138152621705));
#2025=CARTESIAN_POINT('',(53.8,4.37157780933534,5.59138152621705));
#2026=CARTESIAN_POINT('',(63.8,4.37157780933534,5.59138152621705));
#2027=CARTESIAN_POINT('Origin',(53.8,5.72157780933535,5.59138152621705));
#2028=CARTESIAN_POINT('Origin',(53.8,5.72157780933535,5.59138152621705));
#2029=CARTESIAN_POINT('Origin',(63.8,5.72157780933534,-5.59138152621705));
#2030=CARTESIAN_POINT('',(63.8,4.37157780933534,-5.59138152621705));
#2031=CARTESIAN_POINT('Origin',(63.8,5.72157780933534,-5.59138152621705));
#2032=CARTESIAN_POINT('',(53.8,4.37157780933534,-5.59138152621705));
#2033=CARTESIAN_POINT('',(63.8,4.37157780933534,-5.59138152621705));
#2034=CARTESIAN_POINT('Origin',(53.8,5.72157780933535,-5.59138152621705));
#2035=CARTESIAN_POINT('Origin',(53.8,5.72157780933535,-5.59138152621705));
#2036=CARTESIAN_POINT('Origin',(63.8,-5.72157780933536,5.59138152621705));
#2037=CARTESIAN_POINT('',(63.8,-7.07157780933536,5.59138152621705));
#2038=CARTESIAN_POINT('Origin',(63.8,-5.72157780933536,5.59138152621705));
#2039=CARTESIAN_POINT('',(53.8,-7.07157780933536,5.59138152621705));
#2040=CARTESIAN_POINT('',(63.8,-7.07157780933536,5.59138152621705));
#2041=CARTESIAN_POINT('Origin',(53.8,-5.72157780933536,5.59138152621705));
#2042=CARTESIAN_POINT('Origin',(53.8,-5.72157780933536,5.59138152621705));
#2043=CARTESIAN_POINT('Origin',(63.8,-5.72157780933536,-5.59138152621705));
#2044=CARTESIAN_POINT('',(63.8,-7.07157780933536,-5.59138152621705));
#2045=CARTESIAN_POINT('Origin',(63.8,-5.72157780933536,-5.59138152621705));
#2046=CARTESIAN_POINT('',(53.8,-7.07157780933536,-5.59138152621705));
#2047=CARTESIAN_POINT('',(63.8,-7.07157780933536,-5.59138152621705));
#2048=CARTESIAN_POINT('Origin',(53.8,-5.72157780933536,-5.59138152621705));
#2049=CARTESIAN_POINT('Origin',(53.8,-5.72157780933536,-5.59138152621705));
#2050=CARTESIAN_POINT('Origin',(70.,-1.05344083868385E-14,0.));
#2051=CARTESIAN_POINT('',(70.,-11.15,-1.3654811810493E-15));
#2052=CARTESIAN_POINT('Origin',(70.,-1.05344083868385E-14,0.));
#2053=CARTESIAN_POINT('',(63.8,-11.15,-1.3654811810493E-15));
#2054=CARTESIAN_POINT('',(70.,-11.15,1.3654811810493E-15));
#2055=CARTESIAN_POINT('Origin',(63.8,-9.42418536221333E-15,0.));
#2056=CARTESIAN_POINT('Origin',(63.8,-9.42418536221333E-15,0.));
#2057=CARTESIAN_POINT('',(63.8,-5.05,-6.18446633569413E-16));
#2058=CARTESIAN_POINT('Origin',(63.8,-6.09422286980145E-15,0.));
#2059=CARTESIAN_POINT('Origin',(23.0199284624578,-6.66133814775094E-15,
0.));
#2060=CARTESIAN_POINT('',(23.0199284624578,3.99999999999999,-1.25));
#2061=CARTESIAN_POINT('Origin',(23.0199284624578,3.99999999999999,0.));
#2062=CARTESIAN_POINT('',(23.0199284624578,1.49986761750629,-1.25));
#2063=CARTESIAN_POINT('',(23.0199284624578,-6.66133814775094E-15,-1.25));
#2064=CARTESIAN_POINT('',(21.7699284624578,0.858442292394616,0.));
#2065=CARTESIAN_POINT('Ctrl Pts',(21.7699284624578,0.858442292394616,0.));
#2066=CARTESIAN_POINT('Ctrl Pts',(21.7699284624578,0.858442292394616,0.0862951020364509));
#2067=CARTESIAN_POINT('Ctrl Pts',(21.7788903801644,0.871619240717827,0.171275906327062));
#2068=CARTESIAN_POINT('Ctrl Pts',(21.8128648537147,0.917334159248315,0.335476653516529));
#2069=CARTESIAN_POINT('Ctrl Pts',(21.8379001331514,0.949686946267041,0.414743394999315));
#2070=CARTESIAN_POINT('Ctrl Pts',(21.9341937852173,1.0599930496002,0.640696783257444));
#2071=CARTESIAN_POINT('Ctrl Pts',(22.027782602261,1.15007616457922,0.775897565051265));
#2072=CARTESIAN_POINT('Ctrl Pts',(22.2421013579866,1.30078608972053,0.989671836717742));
#2073=CARTESIAN_POINT('Ctrl Pts',(22.377068023052,1.37401121080371,1.08484166864599));
#2074=CARTESIAN_POINT('Ctrl Pts',(22.683036917765,1.47495280954025,1.21517703772468));
#2075=CARTESIAN_POINT('Ctrl Pts',(22.8543832376195,1.50206714833353,1.25));
#2076=CARTESIAN_POINT('Ctrl Pts',(23.1874023285104,1.49764246162215,1.25));
#2077=CARTESIAN_POINT('Ctrl Pts',(23.35970592443,1.46533287523444,1.21443644021969));
#2078=CARTESIAN_POINT('Ctrl Pts',(23.6661654138235,1.35381405313304,1.08290453941093));
#2079=CARTESIAN_POINT('Ctrl Pts',(23.8006770454832,1.27515806351304,0.987297043925942));
#2080=CARTESIAN_POINT('Ctrl Pts',(24.0137587366258,1.11395396928951,0.77364288956947));
#2081=CARTESIAN_POINT('Ctrl Pts',(24.106452859536,1.01790059896887,0.639074818092166));
#2082=CARTESIAN_POINT('Ctrl Pts',(24.2019719330753,0.898806963587658,0.414591563258014));
#2083=CARTESIAN_POINT('Ctrl Pts',(24.2268432066027,0.863579979701579,0.335929840442691));
#2084=CARTESIAN_POINT('Ctrl Pts',(24.2608044627468,0.813206402102277,0.17232254928395));
#2085=CARTESIAN_POINT('Ctrl Pts',(24.2699284624578,0.798299800022673,0.0873102469202717));
#2086=CARTESIAN_POINT('Ctrl Pts',(24.2699284624578,0.798299800022673,-0.0873102469202717));
#2087=CARTESIAN_POINT('Ctrl Pts',(24.2608044627468,0.813206402102276,-0.17232254928395));
#2088=CARTESIAN_POINT('Ctrl Pts',(24.2268432066027,0.863579979701579,-0.33592984044269));
#2089=CARTESIAN_POINT('Ctrl Pts',(24.2019719330753,0.898806963587658,-0.414591563258013));
#2090=CARTESIAN_POINT('Ctrl Pts',(24.106452859536,1.01790059896887,-0.639074818092165));
#2091=CARTESIAN_POINT('Ctrl Pts',(24.0137587366258,1.11395396928951,-0.77364288956947));
#2092=CARTESIAN_POINT('Ctrl Pts',(23.8006770454832,1.27515806351304,-0.987297043925942));
#2093=CARTESIAN_POINT('Ctrl Pts',(23.6661654138235,1.35381405313304,-1.08290453941093));
#2094=CARTESIAN_POINT('Ctrl Pts',(23.35970592443,1.46533287523443,-1.21443644021969));
#2095=CARTESIAN_POINT('Ctrl Pts',(23.1874023285104,1.49764246162215,-1.25));
#2096=CARTESIAN_POINT('Ctrl Pts',(23.0199284624578,1.49986761750629,-1.25));
#2097=CARTESIAN_POINT('Ctrl Pts',(23.0199284624578,1.49986761750629,-1.25));
#2098=CARTESIAN_POINT('Ctrl Pts',(22.8543832376195,1.50206714833353,-1.25));
#2099=CARTESIAN_POINT('Ctrl Pts',(22.683036917765,1.47495280954025,-1.21517703772468));
#2100=CARTESIAN_POINT('Ctrl Pts',(22.377068023052,1.37401121080371,-1.08484166864599));
#2101=CARTESIAN_POINT('Ctrl Pts',(22.2421013579866,1.30078608972053,-0.989671836717742));
#2102=CARTESIAN_POINT('Ctrl Pts',(22.027782602261,1.15007616457922,-0.775897565051265));
#2103=CARTESIAN_POINT('Ctrl Pts',(21.9341937852173,1.0599930496002,-0.640696783257444));
#2104=CARTESIAN_POINT('Ctrl Pts',(21.8379001331514,0.94968694626704,-0.414743394999314));
#2105=CARTESIAN_POINT('Ctrl Pts',(21.8128648537147,0.917334159248315,-0.335476653516529));
#2106=CARTESIAN_POINT('Ctrl Pts',(21.7788903801644,0.871619240717827,-0.171275906327062));
#2107=CARTESIAN_POINT('Ctrl Pts',(21.7699284624578,0.858442292394616,-0.086295102036451));
#2108=CARTESIAN_POINT('Ctrl Pts',(21.7699284624578,0.858442292394616,0.));
#2109=CARTESIAN_POINT('Origin',(23.0199284624578,3.99999999999999,0.));
#2110=CARTESIAN_POINT('',(23.0199284624578,3.99999999999999,-3.));
#2111=CARTESIAN_POINT('Origin',(23.0199284624578,3.99999999999999,0.));
#2112=CARTESIAN_POINT('Origin',(23.0199284624578,6.99999999999999,0.));
#2113=CARTESIAN_POINT('',(26.0199284624578,9.99999999999999,0.));
#2114=CARTESIAN_POINT('',(20.0199284624578,9.99999999999999,0.));
#2115=CARTESIAN_POINT('Ctrl Pts',(26.0199284624578,9.99999999999999,-4.85722573273506E-16));
#2116=CARTESIAN_POINT('Ctrl Pts',(26.0199284624578,9.99999999999999,0.379164265292001));
#2117=CARTESIAN_POINT('Ctrl Pts',(25.9436767089685,9.97630133387831,0.782037717481875));
#2118=CARTESIAN_POINT('Ctrl Pts',(25.6367773694908,9.89071194990079,1.52052241900622));
#2119=CARTESIAN_POINT('Ctrl Pts',(25.40625480486,9.82993562614982,1.85631434471708));
#2120=CARTESIAN_POINT('Ctrl Pts',(24.8761638369625,9.71486751729015,2.38640531261462));
#2121=CARTESIAN_POINT('Ctrl Pts',(24.540404000174,9.65284956103207,2.61686672615765));
#2122=CARTESIAN_POINT('Ctrl Pts',(23.802035947886,9.56437939057487,2.92372091609922));
#2123=CARTESIAN_POINT('Ctrl Pts',(23.3992057164471,9.53939201416945,3.));
#2124=CARTESIAN_POINT('Ctrl Pts',(22.6406512084686,9.53939201416945,3.));
#2125=CARTESIAN_POINT('Ctrl Pts',(22.2378209770296,9.56437939057487,2.92372091609922));
#2126=CARTESIAN_POINT('Ctrl Pts',(21.4994529247417,9.65284956103207,2.61686672615765));
#2127=CARTESIAN_POINT('Ctrl Pts',(21.1636930879531,9.71486751729015,2.38640531261463));
#2128=CARTESIAN_POINT('Ctrl Pts',(20.6336021200556,9.82993562614982,1.85631434471708));
#2129=CARTESIAN_POINT('Ctrl Pts',(20.4030795554248,9.89071194990079,1.52052241900622));
#2130=CARTESIAN_POINT('Ctrl Pts',(20.0961802159471,9.97630133387832,0.782037717481878));
#2131=CARTESIAN_POINT('Ctrl Pts',(20.0199284624578,9.99999999999999,0.379164265292003));
#2132=CARTESIAN_POINT('Ctrl Pts',(20.0199284624578,9.99999999999999,9.71445146547012E-16));
#2133=CARTESIAN_POINT('',(23.0199284624578,9.53939201416945,-3.));
#2134=CARTESIAN_POINT('Ctrl Pts',(23.0199284624578,9.53939201416945,-3.));
#2135=CARTESIAN_POINT('Ctrl Pts',(23.3992057164471,9.53939201416945,-3.));
#2136=CARTESIAN_POINT('Ctrl Pts',(23.802035947886,9.56437939057487,-2.92372091609922));
#2137=CARTESIAN_POINT('Ctrl Pts',(24.540404000174,9.65284956103207,-2.61686672615765));
#2138=CARTESIAN_POINT('Ctrl Pts',(24.8761638369625,9.71486751729015,-2.38640531261463));
#2139=CARTESIAN_POINT('Ctrl Pts',(25.40625480486,9.82993562614982,-1.85631434471708));
#2140=CARTESIAN_POINT('Ctrl Pts',(25.6367773694908,9.89071194990079,-1.52052241900623));
#2141=CARTESIAN_POINT('Ctrl Pts',(25.9436767089685,9.97630133387831,-0.782037717481882));
#2142=CARTESIAN_POINT('Ctrl Pts',(26.0199284624578,9.99999999999999,-0.379164265292003));
#2143=CARTESIAN_POINT('Ctrl Pts',(26.0199284624578,9.99999999999999,-7.63278329429795E-16));
#2144=CARTESIAN_POINT('',(23.0199284624578,6.99999999999999,-3.));
#2145=CARTESIAN_POINT('Ctrl Pts',(20.0199284624578,9.99999999999999,9.71445146547012E-16));
#2146=CARTESIAN_POINT('Ctrl Pts',(20.0199284624578,9.99999999999999,-0.379164265292001));
#2147=CARTESIAN_POINT('Ctrl Pts',(20.0961802159471,9.97630133387831,-0.782037717481876));
#2148=CARTESIAN_POINT('Ctrl Pts',(20.4030795554248,9.89071194990079,-1.52052241900622));
#2149=CARTESIAN_POINT('Ctrl Pts',(20.6336021200556,9.82993562614982,-1.85631434471708));
#2150=CARTESIAN_POINT('Ctrl Pts',(21.1636930879531,9.71486751729015,-2.38640531261462));
#2151=CARTESIAN_POINT('Ctrl Pts',(21.4994529247417,9.65284956103207,-2.61686672615765));
#2152=CARTESIAN_POINT('Ctrl Pts',(22.2378209770296,9.56437939057487,-2.92372091609922));
#2153=CARTESIAN_POINT('Ctrl Pts',(22.6406512084686,9.53939201416945,-3.));
#2154=CARTESIAN_POINT('Ctrl Pts',(23.0199284624578,9.53939201416945,-3.));
#2155=CARTESIAN_POINT('Origin',(23.0199284624578,-6.66133814775094E-15,
0.));
#2156=CARTESIAN_POINT('',(21.7699284624578,-0.858442292394614,0.));
#2157=CARTESIAN_POINT('',(23.0199284624578,-1.49986761750628,-1.25));
#2158=CARTESIAN_POINT('Ctrl Pts',(21.7699284624578,-0.858442292394614,0.));
#2159=CARTESIAN_POINT('Ctrl Pts',(21.7699284624578,-0.858442292394614,-0.086295102036451));
#2160=CARTESIAN_POINT('Ctrl Pts',(21.7788903801644,-0.871619240717826,-0.171275906327062));
#2161=CARTESIAN_POINT('Ctrl Pts',(21.8128648537147,-0.917334159248313,-0.335476653516529));
#2162=CARTESIAN_POINT('Ctrl Pts',(21.8379001331514,-0.949686946267039,-0.414743394999314));
#2163=CARTESIAN_POINT('Ctrl Pts',(21.9341937852173,-1.0599930496002,-0.640696783257444));
#2164=CARTESIAN_POINT('Ctrl Pts',(22.027782602261,-1.15007616457922,-0.775897565051265));
#2165=CARTESIAN_POINT('Ctrl Pts',(22.2421013579866,-1.30078608972053,-0.989671836717742));
#2166=CARTESIAN_POINT('Ctrl Pts',(22.377068023052,-1.37401121080371,-1.08484166864599));
#2167=CARTESIAN_POINT('Ctrl Pts',(22.683036917765,-1.47495280954025,-1.21517703772468));
#2168=CARTESIAN_POINT('Ctrl Pts',(22.8543832376195,-1.50206714833353,-1.25));
#2169=CARTESIAN_POINT('Ctrl Pts',(23.0199284624578,-1.49986761750628,-1.25));
#2170=CARTESIAN_POINT('Ctrl Pts',(23.0199284624578,-1.49986761750628,-1.25));
#2171=CARTESIAN_POINT('Ctrl Pts',(23.1874023285104,-1.49764246162214,-1.25));
#2172=CARTESIAN_POINT('Ctrl Pts',(23.35970592443,-1.46533287523443,-1.21443644021969));
#2173=CARTESIAN_POINT('Ctrl Pts',(23.6661654138235,-1.35381405313303,-1.08290453941093));
#2174=CARTESIAN_POINT('Ctrl Pts',(23.8006770454832,-1.27515806351304,-0.987297043925942));
#2175=CARTESIAN_POINT('Ctrl Pts',(24.0137587366258,-1.11395396928951,-0.77364288956947));
#2176=CARTESIAN_POINT('Ctrl Pts',(24.106452859536,-1.01790059896886,-0.639074818092165));
#2177=CARTESIAN_POINT('Ctrl Pts',(24.2019719330753,-0.898806963587657,-0.414591563258013));
#2178=CARTESIAN_POINT('Ctrl Pts',(24.2268432066027,-0.863579979701578,-0.33592984044269));
#2179=CARTESIAN_POINT('Ctrl Pts',(24.2608044627468,-0.813206402102276,-0.17232254928395));
#2180=CARTESIAN_POINT('Ctrl Pts',(24.2699284624578,-0.798299800022673,-0.0873102469202717));
#2181=CARTESIAN_POINT('Ctrl Pts',(24.2699284624578,-0.798299800022673,0.0873102469202717));
#2182=CARTESIAN_POINT('Ctrl Pts',(24.2608044627468,-0.813206402102276,0.17232254928395));
#2183=CARTESIAN_POINT('Ctrl Pts',(24.2268432066027,-0.863579979701578,0.335929840442691));
#2184=CARTESIAN_POINT('Ctrl Pts',(24.2019719330753,-0.898806963587657,0.414591563258014));
#2185=CARTESIAN_POINT('Ctrl Pts',(24.106452859536,-1.01790059896886,0.639074818092166));
#2186=CARTESIAN_POINT('Ctrl Pts',(24.0137587366258,-1.11395396928951,0.77364288956947));
#2187=CARTESIAN_POINT('Ctrl Pts',(23.8006770454832,-1.27515806351304,0.987297043925942));
#2188=CARTESIAN_POINT('Ctrl Pts',(23.6661654138235,-1.35381405313303,1.08290453941093));
#2189=CARTESIAN_POINT('Ctrl Pts',(23.35970592443,-1.46533287523443,1.21443644021969));
#2190=CARTESIAN_POINT('Ctrl Pts',(23.1874023285104,-1.49764246162214,1.25));
#2191=CARTESIAN_POINT('Ctrl Pts',(22.8543832376195,-1.50206714833353,1.25));
#2192=CARTESIAN_POINT('Ctrl Pts',(22.683036917765,-1.47495280954025,1.21517703772468));
#2193=CARTESIAN_POINT('Ctrl Pts',(22.377068023052,-1.37401121080371,1.08484166864599));
#2194=CARTESIAN_POINT('Ctrl Pts',(22.2421013579866,-1.30078608972053,0.989671836717742));
#2195=CARTESIAN_POINT('Ctrl Pts',(22.027782602261,-1.15007616457922,0.775897565051265));
#2196=CARTESIAN_POINT('Ctrl Pts',(21.9341937852173,-1.0599930496002,0.640696783257444));
#2197=CARTESIAN_POINT('Ctrl Pts',(21.8379001331514,-0.949686946267039,0.414743394999315));
#2198=CARTESIAN_POINT('Ctrl Pts',(21.8128648537147,-0.917334159248313,0.335476653516529));
#2199=CARTESIAN_POINT('Ctrl Pts',(21.7788903801644,-0.871619240717826,0.171275906327063));
#2200=CARTESIAN_POINT('Ctrl Pts',(21.7699284624578,-0.858442292394614,0.0862951020364511));
#2201=CARTESIAN_POINT('Ctrl Pts',(21.7699284624578,-0.858442292394614,0.));
#2202=CARTESIAN_POINT('',(23.0199284624578,-9.92156741649221,-1.25));
#2203=CARTESIAN_POINT('',(23.0199284624578,-6.66133814775094E-15,-1.25));
#2204=CARTESIAN_POINT('',(24.2699284624578,-10.,0.));
#2205=CARTESIAN_POINT('Ctrl Pts',(24.2699284624578,-10.,6.93889390390723E-17));
#2206=CARTESIAN_POINT('Ctrl Pts',(24.2699284624578,-10.,-0.157128711428662));
#2207=CARTESIAN_POINT('Ctrl Pts',(24.2384926314227,-9.99591823858855,-0.32461919069828));
#2208=CARTESIAN_POINT('Ctrl Pts',(24.1108741965403,-9.98116453123232,-0.63254537599144));
#2209=CARTESIAN_POINT('Ctrl Pts',(24.0147006458805,-9.97070068816062,-0.772994769543645));
#2210=CARTESIAN_POINT('Ctrl Pts',(23.7929223056199,-9.95102104277285,-0.994773109804241));
#2211=CARTESIAN_POINT('Ctrl Pts',(23.6524733148043,-9.94052129228928,-1.09094593469655));
#2212=CARTESIAN_POINT('Ctrl Pts',(23.3445484931832,-9.9256853061881,-1.21856383722779));
#2213=CARTESIAN_POINT('Ctrl Pts',(23.1770584865642,-9.92156741649221,-1.25));
#2214=CARTESIAN_POINT('Ctrl Pts',(23.0199284624578,-9.92156741649221,-1.25));
#2215=CARTESIAN_POINT('',(21.7699284624578,-10.,0.));
#2216=CARTESIAN_POINT('Ctrl Pts',(21.7699284624578,-10.,5.20417042793042E-16));
#2217=CARTESIAN_POINT('Ctrl Pts',(21.7699284624578,-10.,0.157128711428662));
#2218=CARTESIAN_POINT('Ctrl Pts',(21.8013642934929,-9.99591823858855,0.324619190698279));
#2219=CARTESIAN_POINT('Ctrl Pts',(21.9289827283753,-9.98116453123232,0.632545375991438));
#2220=CARTESIAN_POINT('Ctrl Pts',(22.0251562790351,-9.97070068816062,0.772994769543644));
#2221=CARTESIAN_POINT('Ctrl Pts',(22.2469346192957,-9.95102104277285,0.994773109804241));
#2222=CARTESIAN_POINT('Ctrl Pts',(22.3873836101113,-9.94052129228928,1.09094593469654));
#2223=CARTESIAN_POINT('Ctrl Pts',(22.6953084317324,-9.9256853061881,1.21856383722778));
#2224=CARTESIAN_POINT('Ctrl Pts',(22.8627984383514,-9.92156741649221,1.25));
#2225=CARTESIAN_POINT('Ctrl Pts',(23.1770584865642,-9.92156741649221,1.25));
#2226=CARTESIAN_POINT('Ctrl Pts',(23.3445484931832,-9.9256853061881,1.21856383722779));
#2227=CARTESIAN_POINT('Ctrl Pts',(23.6524733148043,-9.94052129228928,1.09094593469655));
#2228=CARTESIAN_POINT('Ctrl Pts',(23.7929223056199,-9.95102104277285,0.994773109804241));
#2229=CARTESIAN_POINT('Ctrl Pts',(24.0147006458805,-9.97070068816062,0.772994769543645));
#2230=CARTESIAN_POINT('Ctrl Pts',(24.1108741965403,-9.98116453123232,0.63254537599144));
#2231=CARTESIAN_POINT('Ctrl Pts',(24.2384926314227,-9.99591823858855,0.324619190698279));
#2232=CARTESIAN_POINT('Ctrl Pts',(24.2699284624578,-10.,0.157128711428662));
#2233=CARTESIAN_POINT('Ctrl Pts',(24.2699284624578,-10.,-3.81639164714898E-16));
#2234=CARTESIAN_POINT('Ctrl Pts',(23.0199284624578,-9.92156741649221,-1.25));
#2235=CARTESIAN_POINT('Ctrl Pts',(22.8627984383514,-9.92156741649221,-1.25));
#2236=CARTESIAN_POINT('Ctrl Pts',(22.6953084317324,-9.9256853061881,-1.21856383722779));
#2237=CARTESIAN_POINT('Ctrl Pts',(22.3873836101113,-9.94052129228928,-1.09094593469654));
#2238=CARTESIAN_POINT('Ctrl Pts',(22.2469346192957,-9.95102104277285,-0.99477310980424));
#2239=CARTESIAN_POINT('Ctrl Pts',(22.0251562790351,-9.97070068816062,-0.772994769543643));
#2240=CARTESIAN_POINT('Ctrl Pts',(21.9289827283753,-9.98116453123232,-0.632545375991437));
#2241=CARTESIAN_POINT('Ctrl Pts',(21.8013642934929,-9.99591823858855,-0.324619190698278));
#2242=CARTESIAN_POINT('Ctrl Pts',(21.7699284624578,-10.,-0.157128711428661));
#2243=CARTESIAN_POINT('Ctrl Pts',(21.7699284624578,-10.,6.59194920871187E-16));
#2244=CARTESIAN_POINT('Origin',(23.0000003427267,5.75792244239755E-16,10.));
#2245=CARTESIAN_POINT('',(24.5000003427267,-3.91521418135218E-15,10.));
#2246=CARTESIAN_POINT('',(21.5000003427267,3.92095224367652E-16,10.));
#2247=CARTESIAN_POINT('Ctrl Pts',(24.5000003427267,8.32667268468867E-16,
10.));
#2248=CARTESIAN_POINT('Ctrl Pts',(24.5000003427267,-0.18864785486272,10.));
#2249=CARTESIAN_POINT('Ctrl Pts',(24.4622408032476,-0.389676897170774,9.99411801596672));
#2250=CARTESIAN_POINT('Ctrl Pts',(24.3090712416916,-0.759163104215663,9.97285888719051));
#2251=CARTESIAN_POINT('Ctrl Pts',(24.1936768634522,-0.927643822834174,9.9577794513644));
#2252=CARTESIAN_POINT('Ctrl Pts',(23.9276418462405,-1.19367884004589,9.92940210259032));
#2253=CARTESIAN_POINT('Ctrl Pts',(23.759162128382,-1.30907139898918,9.91424792849633));
#2254=CARTESIAN_POINT('Ctrl Pts',(23.3896793399917,-1.46223963651353,9.89281735499534));
#2255=CARTESIAN_POINT('Ctrl Pts',(23.1886514869206,-1.5,9.88685996664259));
#2256=CARTESIAN_POINT('Ctrl Pts',(22.8113491985328,-1.5,9.88685996664259));
#2257=CARTESIAN_POINT('Ctrl Pts',(22.6103213454617,-1.46223963651353,9.89281735499534));
#2258=CARTESIAN_POINT('Ctrl Pts',(22.2408385570714,-1.30907139898918,9.91424792849633));
#2259=CARTESIAN_POINT('Ctrl Pts',(22.072358839213,-1.19367884004589,9.92940210259032));
#2260=CARTESIAN_POINT('Ctrl Pts',(21.8063238220013,-0.927643822834175,9.9577794513644));
#2261=CARTESIAN_POINT('Ctrl Pts',(21.6909294437619,-0.759163104215663,9.97285888719051));
#2262=CARTESIAN_POINT('Ctrl Pts',(21.5377598822059,-0.389676897170774,9.99411801596672));
#2263=CARTESIAN_POINT('Ctrl Pts',(21.5000003427267,-0.18864785486272,10.));
#2264=CARTESIAN_POINT('Ctrl Pts',(21.5000003427267,3.46944695195361E-16,
10.));
#2265=CARTESIAN_POINT('Ctrl Pts',(21.5000003427267,4.5102810375397E-16,
10.));
#2266=CARTESIAN_POINT('Ctrl Pts',(21.5000003427267,0.188647854862721,10.));
#2267=CARTESIAN_POINT('Ctrl Pts',(21.5377598822059,0.389676897170775,9.99411801596672));
#2268=CARTESIAN_POINT('Ctrl Pts',(21.6909294437619,0.759163104215664,9.97285888719051));
#2269=CARTESIAN_POINT('Ctrl Pts',(21.8063238220012,0.927643822834175,9.9577794513644));
#2270=CARTESIAN_POINT('Ctrl Pts',(22.072358839213,1.1936788400459,9.92940210259032));
#2271=CARTESIAN_POINT('Ctrl Pts',(22.2408385570714,1.30907139898919,9.91424792849633));
#2272=CARTESIAN_POINT('Ctrl Pts',(22.6103213454617,1.46223963651353,9.89281735499534));
#2273=CARTESIAN_POINT('Ctrl Pts',(22.8113491985328,1.5,9.88685996664259));
#2274=CARTESIAN_POINT('Ctrl Pts',(23.0000003427267,1.5,9.88685996664259));
#2275=CARTESIAN_POINT('Ctrl Pts',(23.1886514869206,1.5,9.88685996664259));
#2276=CARTESIAN_POINT('Ctrl Pts',(23.3896793399917,1.46223963651353,9.89281735499534));
#2277=CARTESIAN_POINT('Ctrl Pts',(23.759162128382,1.30907139898919,9.91424792849633));
#2278=CARTESIAN_POINT('Ctrl Pts',(23.9276418462405,1.1936788400459,9.92940210259032));
#2279=CARTESIAN_POINT('Ctrl Pts',(24.1936768634522,0.927643822834176,9.9577794513644));
#2280=CARTESIAN_POINT('Ctrl Pts',(24.3090712416916,0.759163104215664,9.97285888719051));
#2281=CARTESIAN_POINT('Ctrl Pts',(24.4622408032476,0.389676897170775,9.99411801596672));
#2282=CARTESIAN_POINT('Ctrl Pts',(24.5000003427267,0.188647854862721,10.));
#2283=CARTESIAN_POINT('Ctrl Pts',(24.5000003427267,6.07153216591882E-16,
10.));
#2284=CARTESIAN_POINT('',(21.5000003427267,7.59489264111858E-16,-9.99999999999999));
#2285=CARTESIAN_POINT('',(21.5000003427267,7.59489264111858E-16,10.));
#2286=CARTESIAN_POINT('',(23.0000003427267,1.5,-9.88685996664259));
#2287=CARTESIAN_POINT('Ctrl Pts',(23.0000003427267,1.5,-9.88685996664259));
#2288=CARTESIAN_POINT('Ctrl Pts',(22.8113491985328,1.5,-9.88685996664259));
#2289=CARTESIAN_POINT('Ctrl Pts',(22.6103213454617,1.46223963651353,-9.89281735499534));
#2290=CARTESIAN_POINT('Ctrl Pts',(22.2408385570714,1.30907139898919,-9.91424792849633));
#2291=CARTESIAN_POINT('Ctrl Pts',(22.072358839213,1.1936788400459,-9.92940210259032));
#2292=CARTESIAN_POINT('Ctrl Pts',(21.8063238220013,0.927643822834176,-9.9577794513644));
#2293=CARTESIAN_POINT('Ctrl Pts',(21.6909294437619,0.759163104215664,-9.97285888719051));
#2294=CARTESIAN_POINT('Ctrl Pts',(21.5377598822059,0.389676897170775,-9.99411801596672));
#2295=CARTESIAN_POINT('Ctrl Pts',(21.5000003427267,0.188647854862721,-10.));
#2296=CARTESIAN_POINT('Ctrl Pts',(21.5000003427267,4.33680868994202E-16,
-10.));
#2297=CARTESIAN_POINT('Ctrl Pts',(21.5000003427267,5.03069808033274E-16,
-10.));
#2298=CARTESIAN_POINT('Ctrl Pts',(21.5000003427267,-0.18864785486272,-10.));
#2299=CARTESIAN_POINT('Ctrl Pts',(21.5377598822059,-0.389676897170774,-9.99411801596672));
#2300=CARTESIAN_POINT('Ctrl Pts',(21.6909294437619,-0.759163104215663,-9.97285888719051));
#2301=CARTESIAN_POINT('Ctrl Pts',(21.8063238220013,-0.927643822834175,-9.9577794513644));
#2302=CARTESIAN_POINT('Ctrl Pts',(22.072358839213,-1.19367884004589,-9.92940210259032));
#2303=CARTESIAN_POINT('Ctrl Pts',(22.2408385570714,-1.30907139898918,-9.91424792849633));
#2304=CARTESIAN_POINT('Ctrl Pts',(22.6103213454617,-1.46223963651353,-9.89281735499534));
#2305=CARTESIAN_POINT('Ctrl Pts',(22.8113491985328,-1.5,-9.88685996664259));
#2306=CARTESIAN_POINT('Ctrl Pts',(23.1886514869206,-1.5,-9.88685996664259));
#2307=CARTESIAN_POINT('Ctrl Pts',(23.3896793399917,-1.46223963651353,-9.89281735499534));
#2308=CARTESIAN_POINT('Ctrl Pts',(23.759162128382,-1.30907139898918,-9.91424792849633));
#2309=CARTESIAN_POINT('Ctrl Pts',(23.9276418462405,-1.19367884004589,-9.92940210259032));
#2310=CARTESIAN_POINT('Ctrl Pts',(24.1936768634522,-0.927643822834174,-9.9577794513644));
#2311=CARTESIAN_POINT('Ctrl Pts',(24.3090712416916,-0.759163104215663,-9.97285888719051));
#2312=CARTESIAN_POINT('Ctrl Pts',(24.4622408032476,-0.389676897170774,-9.99411801596672));
#2313=CARTESIAN_POINT('Ctrl Pts',(24.5000003427267,-0.18864785486272,-10.));
#2314=CARTESIAN_POINT('Ctrl Pts',(24.5000003427267,0.188647854862721,-10.));
#2315=CARTESIAN_POINT('Ctrl Pts',(24.4622408032476,0.389676897170775,-9.99411801596672));
#2316=CARTESIAN_POINT('Ctrl Pts',(24.3090712416916,0.759163104215663,-9.97285888719051));
#2317=CARTESIAN_POINT('Ctrl Pts',(24.1936768634522,0.927643822834175,-9.9577794513644));
#2318=CARTESIAN_POINT('Ctrl Pts',(23.9276418462405,1.1936788400459,-9.92940210259032));
#2319=CARTESIAN_POINT('Ctrl Pts',(23.759162128382,1.30907139898919,-9.91424792849633));
#2320=CARTESIAN_POINT('Ctrl Pts',(23.3896793399917,1.46223963651353,-9.89281735499534));
#2321=CARTESIAN_POINT('Ctrl Pts',(23.1886514869206,1.5,-9.88685996664259));
#2322=CARTESIAN_POINT('Ctrl Pts',(23.0000003427267,1.5,-9.88685996664259));
#2323=CARTESIAN_POINT('Origin',(6.,0.,0.));
#2324=CARTESIAN_POINT('',(6.,8.5,-1.04094977927525E-15));
#2325=CARTESIAN_POINT('Origin',(6.,0.,0.));
#2326=CARTESIAN_POINT('',(7.,8.5,-1.04094977927525E-15));
#2327=CARTESIAN_POINT('',(6.,8.5,1.04094977927525E-15));
#2328=CARTESIAN_POINT('Origin',(7.,0.,0.));
#2329=CARTESIAN_POINT('Origin',(7.,0.,0.));
#2330=CARTESIAN_POINT('Origin',(-2.30011281440904E-15,0.,0.));
#2331=CARTESIAN_POINT('',(-2.30011281440904E-15,9.5,-1.16341445918999E-15));
#2332=CARTESIAN_POINT('Origin',(0.,0.,0.));
#2333=CARTESIAN_POINT('',(6.,9.5,-1.16341445918999E-15));
#2334=CARTESIAN_POINT('',(-2.30011281440904E-15,9.5,1.16341445918999E-15));
#2335=CARTESIAN_POINT('Origin',(6.,0.,0.));
#2336=CARTESIAN_POINT('Origin',(6.,0.,0.));
#2337=CARTESIAN_POINT('Origin',(70.,-6.5244342918437E-15,0.));
#2338=CARTESIAN_POINT('',(54.,-5.05000000000001,-6.18446633569413E-16));
#2339=CARTESIAN_POINT('',(70.,-5.05000000000001,6.18446633569413E-16));
#2340=CARTESIAN_POINT('Origin',(54.,-5.41421126721854E-15,0.));
#2341=CARTESIAN_POINT('Origin',(54.,-5.41421126721854E-15,0.));
#2342=CARTESIAN_POINT('Origin',(70.,-10.8864961422023,20.0371312368133));
#2343=CARTESIAN_POINT('',(70.,-10.8864961422023,20.0371312368133));
#2344=CARTESIAN_POINT('',(70.,-12.5,21.650635094611));
#2345=CARTESIAN_POINT('',(70.,-3.15558929744844,12.3062243920594));
#2346=CARTESIAN_POINT('',(55.,-10.8864961422023,20.0371312368133));
#2347=CARTESIAN_POINT('',(70.,-10.8864961422023,20.0371312368133));
#2348=CARTESIAN_POINT('',(55.,-12.5,21.650635094611));
#2349=CARTESIAN_POINT('',(55.,-10.8864961422023,20.0371312368133));
#2350=CARTESIAN_POINT('',(54.,-12.5,21.650635094611));
#2351=CARTESIAN_POINT('Origin',(70.,-4.34120444167324,24.6201938253052));
#2352=CARTESIAN_POINT('',(70.,-4.34120444167324,24.6201938253052));
#2353=CARTESIAN_POINT('',(70.,-8.66856210490769,21.5901453689789));
#2354=CARTESIAN_POINT('',(55.,-4.34120444167324,24.6201938253052));
#2355=CARTESIAN_POINT('',(54.,-4.34120444167322,24.6201938253052));
#2356=CARTESIAN_POINT('',(55.,-4.34120444167324,24.6201938253052));
#2357=CARTESIAN_POINT('Origin',(55.,-8.42060222083663,22.3286625310592));
#2358=CARTESIAN_POINT('Origin',(55.,-8.78925620253292E-15,0.));
#2359=CARTESIAN_POINT('Origin',(70.,-17.0830625884919,15.1053433940819));
#2360=CARTESIAN_POINT('',(70.,-17.0830625884919,15.1053433940819));
#2361=CARTESIAN_POINT('',(70.,-19.1511110779745,16.0696902421635));
#2362=CARTESIAN_POINT('',(70.,-7.17426060741328,10.4847931471635));
#2363=CARTESIAN_POINT('',(55.,-17.0830625884919,15.1053433940819));
#2364=CARTESIAN_POINT('',(70.,-17.0830625884919,15.1053433940819));
#2365=CARTESIAN_POINT('',(55.,-19.1511110779745,16.0696902421635));
#2366=CARTESIAN_POINT('',(55.,-17.0830625884919,15.1053433940819));
#2367=CARTESIAN_POINT('',(54.,-19.1511110779745,16.0696902421635));
#2368=CARTESIAN_POINT('Origin',(70.,-12.5,21.650635094611));
#2369=CARTESIAN_POINT('',(70.,-15.5300484563263,17.3232774313765));
#2370=CARTESIAN_POINT('',(55.,-12.5,21.650635094611));
#2371=CARTESIAN_POINT('Origin',(55.,-15.8255555389872,18.3779892443464));
#2372=CARTESIAN_POINT('Origin',(55.,-8.78925620253292E-15,0.));
#2373=CARTESIAN_POINT('Origin',(70.,-21.219159567457,8.35162820689854));
#2374=CARTESIAN_POINT('',(70.,-21.219159567457,8.35162820689854));
#2375=CARTESIAN_POINT('',(70.,-23.4923155196477,8.5505035831417));
#2376=CARTESIAN_POINT('',(70.,-10.3276102073141,7.39874110965299));
#2377=CARTESIAN_POINT('',(55.,-21.219159567457,8.35162820689854));
#2378=CARTESIAN_POINT('',(70.,-21.219159567457,8.35162820689854));
#2379=CARTESIAN_POINT('',(55.,-23.4923155196477,8.5505035831417));
#2380=CARTESIAN_POINT('',(55.,-21.219159567457,8.35162820689854));
#2381=CARTESIAN_POINT('',(54.,-23.4923155196477,8.5505035831417));
#2382=CARTESIAN_POINT('Origin',(70.,-19.1511110779744,16.0696902421635));
#2383=CARTESIAN_POINT('',(70.,-20.5183817648071,10.9669665712043));
#2384=CARTESIAN_POINT('',(55.,-19.1511110779744,16.0696902421635));
#2385=CARTESIAN_POINT('Origin',(55.,-21.3217132988111,12.210659224531));
#2386=CARTESIAN_POINT('Origin',(55.,-8.78925620253292E-15,0.));
#2387=CARTESIAN_POINT('Origin',(70.,-17.8423019738653,-14.2005171289241));
#2388=CARTESIAN_POINT('',(70.,-17.8423019738653,-14.2005171289241));
#2389=CARTESIAN_POINT('',(70.,-19.1511110779744,-16.0696902421635));
#2390=CARTESIAN_POINT('',(70.,-11.5713028606408,-5.24460224509101));
#2391=CARTESIAN_POINT('',(55.,-17.8423019738653,-14.2005171289241));
#2392=CARTESIAN_POINT('',(70.,-17.8423019738653,-14.2005171289241));
#2393=CARTESIAN_POINT('',(55.,-19.1511110779744,-16.0696902421635));
#2394=CARTESIAN_POINT('',(55.,-17.8423019738653,-14.2005171289241));
#2395=CARTESIAN_POINT('',(54.,-19.1511110779744,-16.0696902421635));
#2396=CARTESIAN_POINT('Origin',(70.,-23.4923155196477,-8.5505035831417));
#2397=CARTESIAN_POINT('',(70.,-23.4923155196477,-8.5505035831417));
#2398=CARTESIAN_POINT('',(70.,-19.7568625355212,-12.2859565672682));
#2399=CARTESIAN_POINT('',(55.,-23.4923155196477,-8.5505035831417));
#2400=CARTESIAN_POINT('',(54.,-23.4923155196477,-8.55050358314169));
#2401=CARTESIAN_POINT('',(55.,-23.4923155196477,-8.5505035831417));
#2402=CARTESIAN_POINT('Origin',(55.,-20.6673087467565,-12.3100969126526));
#2403=CARTESIAN_POINT('Origin',(55.,-8.78925620253292E-15,0.));
#2404=CARTESIAN_POINT('Origin',(70.,-11.9094165989418,-19.4465478357551));
#2405=CARTESIAN_POINT('',(70.,-11.9094165989418,-19.4465478357551));
#2406=CARTESIAN_POINT('',(70.,-12.5,-21.650635094611));
#2407=CARTESIAN_POINT('',(70.,-9.0797082994709,-8.88593269153032));
#2408=CARTESIAN_POINT('',(55.,-11.9094165989418,-19.4465478357551));
#2409=CARTESIAN_POINT('',(70.,-11.9094165989418,-19.4465478357551));
#2410=CARTESIAN_POINT('',(55.,-12.5,-21.650635094611));
#2411=CARTESIAN_POINT('',(55.,-11.9094165989418,-19.4465478357551));
#2412=CARTESIAN_POINT('',(54.,-12.5,-21.650635094611));
#2413=CARTESIAN_POINT('Origin',(70.,-19.1511110779745,-16.0696902421635));
#2414=CARTESIAN_POINT('',(70.,-14.3633333084808,-18.3022676816226));
#2415=CARTESIAN_POINT('',(55.,-19.1511110779745,-16.0696902421635));
#2416=CARTESIAN_POINT('Origin',(55.,-15.5302638384582,-18.8601626683872));
#2417=CARTESIAN_POINT('Origin',(55.,-8.78925620253292E-15,0.));
#2418=CARTESIAN_POINT('Origin',(70.,22.7959127411442,-0.590583401058129));
#2419=CARTESIAN_POINT('',(70.,22.7959127411442,-0.590583401058129));
#2420=CARTESIAN_POINT('',(70.,25.,0.));
#2421=CARTESIAN_POINT('',(70.,12.2352975969193,-3.42029170052905));
#2422=CARTESIAN_POINT('',(55.,22.7959127411442,-0.590583401058129));
#2423=CARTESIAN_POINT('',(70.,22.7959127411442,-0.590583401058129));
#2424=CARTESIAN_POINT('',(55.,25.,1.55431223447522E-14));
#2425=CARTESIAN_POINT('',(55.,22.7959127411442,-0.590583401058129));
#2426=CARTESIAN_POINT('',(54.,25.,1.55431223447522E-14));
#2427=CARTESIAN_POINT('Origin',(70.,23.4923155196477,-8.55050358314174));
#2428=CARTESIAN_POINT('',(70.,23.4923155196477,-8.55050358314174));
#2429=CARTESIAN_POINT('',(70.,23.0318954133885,-3.28787768735629));
#2430=CARTESIAN_POINT('',(55.,23.4923155196477,-8.55050358314174));
#2431=CARTESIAN_POINT('',(54.,23.4923155196477,-8.55050358314175));
#2432=CARTESIAN_POINT('',(55.,23.4923155196477,-8.55050358314174));
#2433=CARTESIAN_POINT('Origin',(55.,23.8979563705721,-4.27525179157086));
#2434=CARTESIAN_POINT('Origin',(55.,-8.78925620253292E-15,0.));
#2435=CARTESIAN_POINT('Origin',(70.,21.219159567457,-8.35162820689853));
#2436=CARTESIAN_POINT('',(70.,21.219159567457,-8.35162820689853));
#2437=CARTESIAN_POINT('',(70.,10.3276102073141,-7.39874110965299));
#2438=CARTESIAN_POINT('',(55.,21.219159567457,-8.35162820689853));
#2439=CARTESIAN_POINT('',(70.,21.219159567457,-8.35162820689853));
#2440=CARTESIAN_POINT('',(55.,21.219159567457,-8.35162820689853));
#2441=CARTESIAN_POINT('Origin',(70.,19.1511110779744,-16.0696902421635));
#2442=CARTESIAN_POINT('',(70.,19.1511110779744,-16.0696902421635));
#2443=CARTESIAN_POINT('',(70.,20.5183817648071,-10.9669665712043));
#2444=CARTESIAN_POINT('',(55.,19.1511110779744,-16.0696902421635));
#2445=CARTESIAN_POINT('',(54.,19.1511110779744,-16.0696902421635));
#2446=CARTESIAN_POINT('',(55.,19.1511110779744,-16.0696902421635));
#2447=CARTESIAN_POINT('Origin',(55.,21.3217132988111,-12.210659224531));
#2448=CARTESIAN_POINT('Origin',(55.,-8.78925620253292E-15,0.));
#2449=CARTESIAN_POINT('Origin',(70.,3.37685759359168,-22.5521453358226));
#2450=CARTESIAN_POINT('',(70.,3.37685759359168,-22.5521453358226));
#2451=CARTESIAN_POINT('',(70.,4.34120444167327,-24.6201938253052));
#2452=CARTESIAN_POINT('',(70.,-1.2436926533267,-12.643343354744));
#2453=CARTESIAN_POINT('',(55.,3.37685759359168,-22.5521453358226));
#2454=CARTESIAN_POINT('',(70.,3.37685759359168,-22.5521453358226));
#2455=CARTESIAN_POINT('',(55.,4.34120444167327,-24.6201938253052));
#2456=CARTESIAN_POINT('',(55.,3.37685759359168,-22.5521453358226));
#2457=CARTESIAN_POINT('',(54.,4.34120444167328,-24.6201938253052));
#2458=CARTESIAN_POINT('Origin',(70.,-4.34120444167329,-24.6201938253052));
#2459=CARTESIAN_POINT('',(70.,-4.34120444167329,-24.6201938253052));
#2460=CARTESIAN_POINT('',(70.,0.761519229285919,-23.2529231384725));
#2461=CARTESIAN_POINT('',(55.,-4.34120444167328,-24.6201938253052));
#2462=CARTESIAN_POINT('',(54.,-4.3412044416733,-24.6201938253052));
#2463=CARTESIAN_POINT('',(55.,-4.34120444167329,-24.6201938253052));
#2464=CARTESIAN_POINT('Origin',(55.,-5.41421126721854E-15,-23.7760726679113));
#2465=CARTESIAN_POINT('Origin',(55.,-8.78925620253292E-15,0.));
#2466=CARTESIAN_POINT('Origin',(70.,-4.54007981791643,-22.3470378731145));
#2467=CARTESIAN_POINT('',(70.,-4.54007981791643,-22.3470378731145));
#2468=CARTESIAN_POINT('',(70.,-5.49296691516194,-11.4554885129716));
#2469=CARTESIAN_POINT('',(55.,-4.54007981791642,-22.3470378731145));
#2470=CARTESIAN_POINT('',(70.,-4.54007981791643,-22.3470378731145));
#2471=CARTESIAN_POINT('',(55.,-4.54007981791642,-22.3470378731145));
#2472=CARTESIAN_POINT('Origin',(70.,-12.5,-21.6506350946109));
#2473=CARTESIAN_POINT('',(70.,-7.23737410421459,-22.1110552008701));
#2474=CARTESIAN_POINT('',(55.,-12.5,-21.6506350946109));
#2475=CARTESIAN_POINT('Origin',(55.,-8.42060222083665,-23.1354144599581));
#2476=CARTESIAN_POINT('Origin',(55.,-8.78925620253292E-15,0.));
#2477=CARTESIAN_POINT('Origin',(70.,10.8864961422023,-20.0371312368133));
#2478=CARTESIAN_POINT('',(70.,10.8864961422023,-20.0371312368133));
#2479=CARTESIAN_POINT('',(70.,12.5,-21.650635094611));
#2480=CARTESIAN_POINT('',(70.,3.15558929744842,-12.3062243920594));
#2481=CARTESIAN_POINT('',(55.,10.8864961422023,-20.0371312368133));
#2482=CARTESIAN_POINT('',(70.,10.8864961422023,-20.0371312368133));
#2483=CARTESIAN_POINT('',(55.,12.5,-21.650635094611));
#2484=CARTESIAN_POINT('',(55.,10.8864961422023,-20.0371312368133));
#2485=CARTESIAN_POINT('',(54.,12.5,-21.650635094611));
#2486=CARTESIAN_POINT('Origin',(70.,4.34120444167323,-24.6201938253052));
#2487=CARTESIAN_POINT('',(70.,8.66856210490767,-21.5901453689789));
#2488=CARTESIAN_POINT('',(55.,4.34120444167323,-24.6201938253052));
#2489=CARTESIAN_POINT('Origin',(55.,8.42060222083662,-22.3286625310592));
#2490=CARTESIAN_POINT('Origin',(55.,-8.78925620253292E-15,0.));
#2491=CARTESIAN_POINT('Origin',(70.,17.0830625884919,-15.1053433940819));
#2492=CARTESIAN_POINT('',(70.,17.0830625884919,-15.1053433940819));
#2493=CARTESIAN_POINT('',(70.,7.17426060741326,-10.4847931471635));
#2494=CARTESIAN_POINT('',(55.,17.0830625884919,-15.1053433940819));
#2495=CARTESIAN_POINT('',(70.,17.0830625884919,-15.1053433940819));
#2496=CARTESIAN_POINT('',(55.,17.0830625884919,-15.1053433940819));
#2497=CARTESIAN_POINT('Origin',(70.,12.5,-21.650635094611));
#2498=CARTESIAN_POINT('',(70.,15.5300484563263,-17.3232774313765));
#2499=CARTESIAN_POINT('',(55.,12.5,-21.650635094611));
#2500=CARTESIAN_POINT('Origin',(55.,15.8255555389872,-18.3779892443464));
#2501=CARTESIAN_POINT('Origin',(55.,-8.78925620253292E-15,0.));
#2502=CARTESIAN_POINT('Origin',(70.,21.6231424064083,7.2416944790326));
#2503=CARTESIAN_POINT('',(70.,21.6231424064083,7.2416944790326));
#2504=CARTESIAN_POINT('',(70.,23.4923155196477,8.55050358314174));
#2505=CARTESIAN_POINT('',(70.,12.6672275225752,0.970695365808125));
#2506=CARTESIAN_POINT('',(55.,21.6231424064083,7.2416944790326));
#2507=CARTESIAN_POINT('',(70.,21.6231424064083,7.2416944790326));
#2508=CARTESIAN_POINT('',(55.,23.4923155196477,8.55050358314174));
#2509=CARTESIAN_POINT('',(55.,21.6231424064083,7.2416944790326));
#2510=CARTESIAN_POINT('',(54.,23.4923155196477,8.55050358314174));
#2511=CARTESIAN_POINT('Origin',(70.,25.,-2.27595720048157E-14));
#2512=CARTESIAN_POINT('',(70.,22.7674225605409,4.78777776949361));
#2513=CARTESIAN_POINT('',(55.,25.,-2.27595720048157E-14));
#2514=CARTESIAN_POINT('Origin',(55.,23.3115712032041,4.27525179157086));
#2515=CARTESIAN_POINT('Origin',(55.,-8.78925620253292E-15,0.));
#2516=CARTESIAN_POINT('Origin',(70.,11.9094165989418,19.4465478357551));
#2517=CARTESIAN_POINT('',(70.,11.9094165989418,19.4465478357551));
#2518=CARTESIAN_POINT('',(70.,12.5,21.650635094611));
#2519=CARTESIAN_POINT('',(70.,9.07970829947088,8.88593269153031));
#2520=CARTESIAN_POINT('',(55.,11.9094165989418,19.4465478357551));
#2521=CARTESIAN_POINT('',(70.,11.9094165989418,19.4465478357551));
#2522=CARTESIAN_POINT('',(55.,12.5,21.650635094611));
#2523=CARTESIAN_POINT('',(55.,11.9094165989418,19.4465478357551));
#2524=CARTESIAN_POINT('',(54.,12.5,21.650635094611));
#2525=CARTESIAN_POINT('Origin',(70.,19.1511110779745,16.0696902421635));
#2526=CARTESIAN_POINT('',(70.,19.1511110779745,16.0696902421635));
#2527=CARTESIAN_POINT('',(70.,14.3633333084808,18.3022676816226));
#2528=CARTESIAN_POINT('',(55.,19.1511110779745,16.0696902421635));
#2529=CARTESIAN_POINT('',(54.,19.1511110779745,16.0696902421635));
#2530=CARTESIAN_POINT('',(55.,19.1511110779745,16.0696902421635));
#2531=CARTESIAN_POINT('Origin',(55.,15.5302638384581,18.8601626683872));
#2532=CARTESIAN_POINT('Origin',(55.,-8.78925620253292E-15,0.));
#2533=CARTESIAN_POINT('Origin',(70.,17.8423019738653,14.2005171289241));
#2534=CARTESIAN_POINT('',(70.,17.8423019738653,14.2005171289241));
#2535=CARTESIAN_POINT('',(70.,11.5713028606408,5.244602245091));
#2536=CARTESIAN_POINT('',(55.,17.8423019738653,14.2005171289241));
#2537=CARTESIAN_POINT('',(70.,17.8423019738653,14.2005171289241));
#2538=CARTESIAN_POINT('',(55.,17.8423019738653,14.2005171289241));
#2539=CARTESIAN_POINT('Origin',(70.,23.4923155196477,8.55050358314169));
#2540=CARTESIAN_POINT('',(70.,19.7568625355212,12.2859565672682));
#2541=CARTESIAN_POINT('',(55.,23.4923155196477,8.55050358314169));
#2542=CARTESIAN_POINT('Origin',(55.,20.6673087467565,12.3100969126526));
#2543=CARTESIAN_POINT('Origin',(55.,-8.78925620253292E-15,0.));
#2544=CARTESIAN_POINT('Origin',(70.,-3.37685759359169,22.5521453358226));
#2545=CARTESIAN_POINT('',(70.,-3.37685759359169,22.5521453358226));
#2546=CARTESIAN_POINT('',(70.,1.24369265332669,12.643343354744));
#2547=CARTESIAN_POINT('',(55.,-3.37685759359169,22.5521453358226));
#2548=CARTESIAN_POINT('',(70.,-3.37685759359169,22.5521453358226));
#2549=CARTESIAN_POINT('',(55.,-3.37685759359169,22.5521453358226));
#2550=CARTESIAN_POINT('Origin',(70.,4.34120444167328,24.6201938253052));
#2551=CARTESIAN_POINT('',(70.,4.34120444167328,24.6201938253052));
#2552=CARTESIAN_POINT('',(70.,-0.761519229285937,23.2529231384725));
#2553=CARTESIAN_POINT('',(55.,4.34120444167328,24.6201938253052));
#2554=CARTESIAN_POINT('',(54.,4.34120444167329,24.6201938253052));
#2555=CARTESIAN_POINT('',(55.,4.34120444167328,24.6201938253052));
#2556=CARTESIAN_POINT('Origin',(55.,-2.08354219334307E-15,23.7760726679113));
#2557=CARTESIAN_POINT('Origin',(55.,-8.78925620253292E-15,0.));
#2558=CARTESIAN_POINT('Origin',(70.,4.5400798179164,22.3470378731145));
#2559=CARTESIAN_POINT('',(70.,4.5400798179164,22.3470378731145));
#2560=CARTESIAN_POINT('',(70.,5.49296691516191,11.4554885129716));
#2561=CARTESIAN_POINT('',(55.,4.5400798179164,22.3470378731145));
#2562=CARTESIAN_POINT('',(70.,4.5400798179164,22.3470378731145));
#2563=CARTESIAN_POINT('',(55.,4.5400798179164,22.3470378731145));
#2564=CARTESIAN_POINT('Origin',(70.,12.5,21.650635094611));
#2565=CARTESIAN_POINT('',(70.,7.23737410421456,22.1110552008701));
#2566=CARTESIAN_POINT('',(55.,12.5,21.650635094611));
#2567=CARTESIAN_POINT('Origin',(55.,8.42060222083663,23.1354144599581));
#2568=CARTESIAN_POINT('Origin',(55.,-8.78925620253292E-15,0.));
#2569=CARTESIAN_POINT('Origin',(70.,-21.6231424064083,-7.24169447903259));
#2570=CARTESIAN_POINT('',(70.,-21.6231424064083,-7.24169447903259));
#2571=CARTESIAN_POINT('',(70.,-12.6672275225752,-0.97069536580813));
#2572=CARTESIAN_POINT('',(55.,-21.6231424064083,-7.24169447903259));
#2573=CARTESIAN_POINT('',(70.,-21.6231424064083,-7.24169447903259));
#2574=CARTESIAN_POINT('',(55.,-21.6231424064083,-7.24169447903259));
#2575=CARTESIAN_POINT('Origin',(70.,-25.,3.10862446895044E-14));
#2576=CARTESIAN_POINT('',(70.,-25.,3.10862446895044E-14));
#2577=CARTESIAN_POINT('',(70.,-22.7674225605409,-4.7877777694936));
#2578=CARTESIAN_POINT('',(55.,-25.,3.10862446895044E-14));
#2579=CARTESIAN_POINT('',(54.,-25.,5.88418203051333E-14));
#2580=CARTESIAN_POINT('',(55.,-25.,3.10862446895044E-14));
#2581=CARTESIAN_POINT('Origin',(55.,-23.3115712032042,-4.27525179157085));
#2582=CARTESIAN_POINT('Origin',(55.,-8.78925620253292E-15,0.));
#2583=CARTESIAN_POINT('Origin',(70.,-22.7959127411442,0.590583401058123));
#2584=CARTESIAN_POINT('',(70.,-22.7959127411442,0.590583401058123));
#2585=CARTESIAN_POINT('',(70.,-12.2352975969193,3.42029170052904));
#2586=CARTESIAN_POINT('',(55.,-22.7959127411442,0.590583401058122));
#2587=CARTESIAN_POINT('',(70.,-22.7959127411442,0.590583401058123));
#2588=CARTESIAN_POINT('',(55.,-22.7959127411442,0.590583401058123));
#2589=CARTESIAN_POINT('Origin',(70.,-23.4923155196477,8.55050358314174));
#2590=CARTESIAN_POINT('',(70.,-23.0318954133885,3.28787768735629));
#2591=CARTESIAN_POINT('',(55.,-23.4923155196477,8.55050358314174));
#2592=CARTESIAN_POINT('Origin',(55.,-23.8979563705721,4.27525179157086));
#2593=CARTESIAN_POINT('Origin',(55.,-8.78925620253292E-15,0.));
#2594=CARTESIAN_POINT('Origin',(0.,25.,0.));
#2595=CARTESIAN_POINT('',(-9.99200722162641E-15,-25.,-3.06161699786838E-15));
#2596=CARTESIAN_POINT('Origin',(0.,1.97215226305253E-30,0.));
#2597=CARTESIAN_POINT('Origin',(4.,-6.39218632911485E-16,0.));
#2598=CARTESIAN_POINT('',(7.99999999999999,-25.,-3.06161699786838E-15));
#2599=CARTESIAN_POINT('Origin',(8.,-1.27843726582297E-15,0.));
#2600=CARTESIAN_POINT('',(4.,-25.,-3.06161699786838E-15));
#2601=CARTESIAN_POINT('Origin',(8.,9.99999999999999,0.));
#2602=CARTESIAN_POINT('',(7.99999999999999,-10.,-1.22464679914735E-15));
#2603=CARTESIAN_POINT('Origin',(8.,-1.27843726582297E-15,0.));
#2604=CARTESIAN_POINT('Origin',(23.,-3.67550713924104E-15,0.));
#2605=CARTESIAN_POINT('',(38.,-10.,-1.22464679914735E-15));
#2606=CARTESIAN_POINT('Origin',(38.,-6.07257701265911E-15,0.));
#2607=CARTESIAN_POINT('',(23.,-10.,-1.22464679914735E-15));
#2608=CARTESIAN_POINT('',(23.,-10.,-1.22464679914735E-15));
#2609=CARTESIAN_POINT('Origin',(38.,25.,0.));
#2610=CARTESIAN_POINT('',(38.,-25.,-3.06161699786838E-15));
#2611=CARTESIAN_POINT('Origin',(38.,-6.07257701265911E-15,0.));
#2612=CARTESIAN_POINT('Origin',(54.,-8.62945154430505E-15,0.));
#2613=CARTESIAN_POINT('',(54.,-25.,-3.06161699786838E-15));
#2614=CARTESIAN_POINT('Origin',(70.,-1.33226762955019E-14,0.));
#2615=UNCERTAINTY_MEASURE_WITH_UNIT(LENGTH_MEASURE(0.01),#2619,
'DISTANCE_ACCURACY_VALUE',
'Maximum model space distance between geometric entities at asserted c
onnectivities');
#2616=UNCERTAINTY_MEASURE_WITH_UNIT(LENGTH_MEASURE(0.01),#2619,
'DISTANCE_ACCURACY_VALUE',
'Maximum model space distance between geometric entities at asserted c
onnectivities');
#2617=(
GEOMETRIC_REPRESENTATION_CONTEXT(3)
GLOBAL_UNCERTAINTY_ASSIGNED_CONTEXT((#2615))
GLOBAL_UNIT_ASSIGNED_CONTEXT((#2619,#2621,#2622))
REPRESENTATION_CONTEXT('','3D')
);
#2618=(
GEOMETRIC_REPRESENTATION_CONTEXT(3)
GLOBAL_UNCERTAINTY_ASSIGNED_CONTEXT((#2616))
GLOBAL_UNIT_ASSIGNED_CONTEXT((#2619,#2621,#2622))
REPRESENTATION_CONTEXT('','3D')
);
#2619=(
LENGTH_UNIT()
NAMED_UNIT(*)
SI_UNIT(.MILLI.,.METRE.)
);
#2620=(
LENGTH_UNIT()
NAMED_UNIT(*)
SI_UNIT($,.METRE.)
);
#2621=(
NAMED_UNIT(*)
PLANE_ANGLE_UNIT()
SI_UNIT($,.RADIAN.)
);
#2622=(
NAMED_UNIT(*)
SI_UNIT($,.STERADIAN.)
SOLID_ANGLE_UNIT()
);
#2623=SHAPE_DEFINITION_REPRESENTATION(#2624,#2625);
#2624=PRODUCT_DEFINITION_SHAPE('',$,#2627);
#2625=SHAPE_REPRESENTATION('',(#1415),#2617);
#2626=PRODUCT_DEFINITION_CONTEXT('part definition',#2631,'design');
#2627=PRODUCT_DEFINITION('Seiltrommel','Seiltrommel v5',#2628,#2626);
#2628=PRODUCT_DEFINITION_FORMATION('',$,#2633);
#2629=PRODUCT_RELATED_PRODUCT_CATEGORY('Seiltrommel v5',
'Seiltrommel v5',(#2633));
#2630=APPLICATION_PROTOCOL_DEFINITION('international standard',
'automotive_design',2009,#2631);
#2631=APPLICATION_CONTEXT(
'Core Data for Automotive Mechanical Design Process');
#2632=PRODUCT_CONTEXT('part definition',#2631,'mechanical');
#2633=PRODUCT('Seiltrommel','Seiltrommel v5',$,(#2632));
#2634=PRESENTATION_STYLE_ASSIGNMENT((#2635));
#2635=SURFACE_STYLE_USAGE(.BOTH.,#2636);
#2636=SURFACE_SIDE_STYLE('',(#2637));
#2637=SURFACE_STYLE_FILL_AREA(#2638);
#2638=FILL_AREA_STYLE('Stahl - satiniert',(#2639));
#2639=FILL_AREA_STYLE_COLOUR('Stahl - satiniert',#2640);
#2640=COLOUR_RGB('Stahl - satiniert',0.627450980392157,0.627450980392157,
0.627450980392157);
ENDSEC;
END-ISO-10303-21;
